codigo,nome,precovenda,preco1,preco2,preco3,precocusto,customedio,estoque,estminimo,unidade,marca,familia,grupo,subgrupo,ncm,gtin,inativo
2100000000012,CHAVE TESTE FOXLUX,5.8,5.8,5.8,5.5,2.93,0,-14,0,UN,DIVERSOS,DIVERSOS,DIVERSOS,DIVERSOS,90303390,2100000000012,N
2890000040018,ADAPT PVC 20X1/2,1,1,1,1,0.51,0,17,20,UN,,DIVERSOS,CONEXOES,AGUA,39174090,2890000040018,N
2890000050017,ADAPT PVC 25X3/4,1,1,1,1,0.3,0.29,41,12,UN,,DIVERSOS,CONEXOES,AGUA,39174090,2890000050017,N
2890000060016,ADAPT PVC 32 X 1,2.9,2.9,2.8,2.8,1.41,0.9,35,6,UN,,DIVERSOS,CONEXOES,AGUA,39174090,2890000060016,N
2890000080014,ADAPT PVC 50 X11/2,6.5,6.5,6,6,1.62,7.96,-2,5,UN,,DIVERSOS,CONEXOES,AGUA,39174090,2890000080014,N
2890000120017,ADUELA MACARAN 15CM,259,259,0,0,150,225.73,1,0,UN,,,,,85183000,2890000120017,N
2890000220014,APLICADOR P/SILICONE THOMPSON/BESTFER,19.9,19.9,19.9,19.5,10.97,17.5,24,0,UN,,,,,82055900,2890000220014,N
2890000270019,ARAME FARPADO 250M,229,229,215,215,146,0,-4,1,UN,,,,,73130000,2890000270019,N
2890000290017,ARAME N-18 GALV,29.9,29.9,29,29,19.83,0,-20,0,UN,,,,,72172090,2890000290017,N
2890000300013,ARAME RECOZIDO 18,18.5,18.5,18,18,10.49,0,-80,0,KG,,,,,73130000,2890000300013,N
2890000320011,MANTA LIQUIDA VUCAN 4KG,85,85,84,82,50,0,-2,0,UN,,,,,68071000,2890000320011,N
2890000340019,AREIA,179,179,168,165,120,0,-270,0,M3,,,,,25051000,2890000340019,N
2890000370016,ARG 20KG AC-1QUARTZOLIT,16.5,16.5,16,16,8.34,0,-3,0,UN,,,,,38245000,2890000370016,N
2890000470013,CAIXA SIF 100X100X50 FORTLEV QUAD BR,14.8,14.8,14.5,14,8.22,7.64,-5,0,UN,,,,,39174090,2890000470013,N
2890000480012,BALDE P/CONCRETO,12,12,11.5,11,7.5,0,-102,0,UN,,,,,39269090,2890000480012,N
2890000530014,CALHA TIGRE VEDACAO,1.9,1.9,0,0,0,1.07,54,0,UN,,DIVERSOS,CONEXOES,CALHA,39174090,2890000530014,N
2890000550012,BASC ALUMINIO 50X50,82,82,80,80,52.19,0,-6,1,UN,,,,,76101000,2890000550012,N
2890000560011,BASC ALUMINIO 60X40,75,75,73,72,32.37,0,-1,1,UN,,,,,76101000,2890000560011,N
2890000590018,BASC ALUMINIO 80X80 3 ARTICUL,165,165,165,165,105,0,0,0,UN,,,,,76101000,2890000590018,N
2890000600014,BASC ALUMINIO 40X40,59,59,58,57,37.58,0,-27,1,UN,,,,,76101000,2890000600014,N
2890000610013,EXTENSAO GARRA 10M 2P,34.5,34.5,33,33,17.29,0,-2,0,UN,,,,,85444200,2890000610013,N
2890000620012,EXTENSAO JETCON 7M 2P,32,32,32,32,19.79,17.44,5,0,UN,,,,,85444200,2890000620012,N
2890000630011,EXTENSAO NATICOM 3M 2P+T,27,27,26,26,16.01,0,-3,0,UN,,,,,85444200,2890000630011,N
2890000640010,EXTENSAO DANEVA 10M (2P+T),62,62,60,60,37.85,0,0,0,UN,,,,,85444200,2890000640010,N
2890000670017,SOLVENTE 900ML DILUENTE SOLUT,19,19,20,21,10.92,10.28,-13,3,UN,,,,,22071090,2890000670017,N
2890000690015,"INCENOR 66290 CX2,48",29.99,29.99,27.99,27.99,21,0,-17.36,0,M2,,,,,69072200,2890000690015,N
2890000720019,BOLSA DE VEDACAO OLFIX,12,12,12,11,4.65,0,-14,0,UN,,,,,82055900,2890000720019,N
2890000740017,DESVIADOR FAME CHUVEIRINHO QUICK,29,29,29,28,17.06,13.31,-13,0,UN,,,,,85169000,2890000740017,N
2890000760015,"BROCA ACO RAPIDO 1/4"" 7MM IRWIN",15,15,15,15,8.64,6.84,3,0,UN,,,,,82075011,2890000760015,N
2890000780013,BROCA ACO RAPIDO 11/64 4.5MM,7,7,6,6,2.77,0,-9,0,UN,,,,,82075011,2890000780013,N
2890000820016,BROCA ACO RAPIDO 5/16 9MM,12.5,12.5,0,0,6.38,0,0,0,UN,,,,,82075011,2890000820016,N
2890000850013,BROCA CHATA IRWIN 5/16,10,10,0,0,0,0,0,0,UN,,,,,82075011,2890000850013,N
2890000860012,BROCA CHATA IRWIN 1/2 X 12,17,17,0,0,0,0,0,0,UN,,,,,82075011,2890000860012,N
2890000870011,BROCA CHATA IRWIN 3/4,11.5,11.5,0,0,0,0,0,0,UN,,,,,82075011,2890000870011,N
2890000880010,BROCA CONCRETO 1/2 12MM,17.5,17.5,17,16,9.09,0,-1,0,UN,,,,,82075011,2890000880010,N
2890000890019,BROCA CONCRETO 6MM,5.8,5.8,5.5,5,2.8,4.06,22,0,UN,,,,,82075011,2890000890019,N
2890000900015,"BROCA CONCRETO 3/16"" 5MM IRWIN",7,7,0,0,3.15,5.16,8,0,UN,,,,,82075011,2890000900015,N
2890000980017,BUCHA S-08,0.25,0.25,0.2,0.2,0.06,0.03,978,0,UN,,,,,39259090,2890000980017,N
2890000990016,BUCHA E ARRUELA ELETRODUTO 1,5,5,0,0,1.1,0,0,0,UN,,,,,85183000,2890000990016,N
2890001000011,BUCHA E ARRUELA ELETRODUTO 1/2,2,2,0,0,0.9,0,0,0,UN,,,,,85183000,2890001000011,N
2890001010010,BUCHA E ARRUELA ELETRODUTO 3/4,3,3,0,0,0.8,0.98,198,0,UN,,,,,85183000,2890001010010,N
2890001020019,BUCHA RED PVC 25X20MM,0.7,0.7,0.7,0.7,0.23,0.23,106,40,UN,,DIVERSOS,CONEXOES,AGUA,39174090,2890001020019,N
2890001040017,BUCHA RED PVC 40X32MM,3.5,3.5,3.3,3.3,1.32,1.11,1,0,UN,,,,,39174090,2890001040017,N
2890001050016,BUCHA RED PVC 50X25MM,5.5,5.5,0,0,1.3,0,0,0,UN,,,,,39174090,2890001050016,N
2890001070014,BUCHA RED PVC ROSCA 1X3/4,2,2,0,0,0.85,0,-1,0,UN,,,,,39174090,2890001070014,N
2890001150013,"PNEU P/CARRO DE MAO 3,50X8 BALAO",54,54,53,53,33.46,23.28,-1,0,UN,,,,,40092210,2890001150013,N
2890001170011,CABO P/PICARETA,21.5,21.5,21,20,11.69,17.16,8,0,UN,,,,,44170090,2890001170011,N
2890001180010,CARBURETO,29.9,29.9,29.9,29.9,20.64,20.64,-4,0,KG,,,,,28491000,2890001180010,N
2890001250010,CADEADO STAM 20MM,16.9,16.9,16.5,16.5,10.62,11.8,33,0,UN,,,,,83011000,2890001250010,N
2890001290016,CADEADO STAM 40MM,41,41,40,40,24.66,32.5,38,0,UN,,,,,83011000,2890001290016,N
2890001300012,CADEADO STAM 45MM,45,45,44,44,27.99,24.88,9,0,UN,,,,,83011000,2890001300012,N
2890001350017,KIT ROMA P/PINTURA 5PCS,25.9,25.9,25,25,14.59,19.86,12,0,UN,,,,,96034010,2890001350017,N
2890001360016,CAIXA FORTLEV 310LTS,278,278,268,268,210,153.72,-4,0,UN,,,,,39251000,2890001360016,N
2890001380014,CAIXA FORTLEV 1000LTS,489,489,469,469,350,0,-31,0,UN,,,,,39251000,2890001380014,N
2890001420017,CAIXA DE GORDURA ASTRA 25X20,36,36,0,0,23.6,0,0,0,UN,,,,,85183000,2890001420017,N
2890001440015,CAIXA EMBASA C/TAMPA ACRILICA,44,44,42,40,23.8,0,-7,0,UN,,,,,39259090,2890001440015,N
2890001460013,POS OBRA MARIDAO,20,20,20,9,8.3,0,-27,0,UN,,,,,28061020,2890001460013,N
2890001490010,CAIXA LUZ TRAMONTINA 4X2 AMARELA,1.6,1.6,1.6,1.5,0.9,0,-224,20,UN,,,,,39174090,2890001490010,N
2890001530013,CAIXA LUZ TRAMONTINA 4X4,5,5,4.8,4.5,2.68,0,-11,0,UN,,,,,39259090,2890001530013,N
2890001580018,PORTEIRO ELETRONICO HDL,200,200,0,0,100,0,0,0,UN,,,,,85183000,2890001580018,N
2890001590017,CAL 5KG,13.5,13.5,13,13,4.5,0,-33,0,UN,,,,,85183000,2890001590017,N
2890001600013,CAL 10KG,22.5,22.5,22,22,8,0,-9,0,UN,,,,,85183000,2890001600013,N
2890001620011,CALHA AMANCO PERFIL C/3M,179.9,179.9,170,170,120,0,-20,0,UN,,DIVERSOS,CONEXOES,CALHA,39259090,2890001620011,N
2890001640019,CALHA AMANCO (BOCAL P/SAIDA),59.9,59.9,59,58,35.48,0,-9,0,UN,,DIVERSOS,CONEXOES,CALHA,39174090,2890001640019,N
2890001650018,TABUA PINHO 0.20CM C/3M,26,26,0,0,7.44,0,-69,0,UN,,,,,44191100,2890001650018,N
2890001670016,CALHA AMANCO (EMENDA),49.99,49.99,49.99,47,21.45,0,-9,0,UN,,DIVERSOS,CONEXOES,CALHA,39174090,2890001670016,N
2890001700010,CALHA AMANCO (ABRACADEIRA),12,12,0,0,2.75,0,0,0,UN,,DIVERSOS,CONEXOES,CALHA,39174090,2890001700010,N
2890001720018,CALHA AMANCO (CABECEIRA) DIR,25.99,25.99,25.99,25.99,13.57,0,-8,0,UN,,DIVERSOS,CONEXOES,CALHA,39174090,2890001720018,N
2890001730017,LAMPADA 40W ELGIN,20,20,19,19,10.04,0,20,0,UN,,DIVERSOS,DIVERSOS,DIVERSOS,85395200,2890001730017,N
2890001740016,"CAMARA P/CARRO LEVORIN 3,25X8",27,27,0,0,14.89,18.68,8,0,UN,,,,,40139000,2890001740016,N
2890001750015,CAMPAINHA MUSICAL SOBR 127V,39.9,39.9,39.9,39.9,25,22.04,2,0,UN,,,,,85318000,2890001750015,N
2890001760014,FITA CREPE 48X50M,15.5,15.5,15,15,9,6.92,13,6,UN,,,,,48114110,2890001760014,N
2890001770013,CANTONEIRA SIMPLES CINZA 8X10 (25CM),5.6,5.6,0,0,3.16,76.06,0,0,UN,,,,,85183000,2890001770013,N
2890001790011,INCENOR 70540,29.99,29.99,0,0,0,0,0,0,M2,,,,,69072200,2890001790011,N
2890001800017,CANTONEIRA SIMPLES CINZA 6X8,4.2,4.2,0,0,2.32,55.84,0,0,UN,,,,,85183000,2890001800017,N
2890001830014,CANTONEIRA BRANCA 40CM,12.9,12.9,12.5,12,6.24,7.51,23,0,UN,,,,,72162100,2890001830014,N
2890001850012,CANTONEIRA BRANCA 50CM,18,18,17.5,17.5,9.07,11.64,17,4,UN,,,,,72162100,2890001850012,N
2890001870010,CAP ESGOTO 40MM,3,3,3.5,4,1.63,0.42,3,12,UN,,DIVERSOS,CONEXOES,ESGOTO,39174090,2890001870010,N
2890001880019,CAP ESGOTO 50MM,5.8,5.8,5.5,5.5,1.72,0,-3,10,UN,,DIVERSOS,CONEXOES,ESGOTO,39174090,2890001880019,N
2890001900014,CAP SOLDAVEL 20MM,1.35,1.35,1.3,1.3,0.59,0,-45,20,UN,,DIVERSOS,CONEXOES,AGUA,39174090,2890001900014,N
2890001930011,CAP SOLDAVEL 40MM,7.3,7.3,7,7,3.49,2.89,10,6,UN,,DIVERSOS,CONEXOES,AGUA,39174090,2890001930011,N
2890001940010,TORN OLIVEIRA 1167 C-70 BM PAREDE,63,63,61,60,36.26,0,-19,0,UN,,,,,84818011,2890001940010,N
2890001990015,CHAVE PHILIPS 1/4 X 4,12,12,11,11,6.41,0,-5,0,UN,,,,,82054000,2890001990015,N
2890002030017,CHAVE DE FENDA 1/8 X 4,6.5,6.5,0,0,2.85,0,-1,0,UN,,,,,85183000,2890002030017,N
2890002040016,CHAVE DE FENDA 1/8 X 6,7,7,7.5,8,3.73,3.73,0,0,UN,,,,,82054000,2890002040016,N
2890002080012,CHAVE DE FENDA 5/16 X 4,6.5,6.5,0,0,0,0,0,0,UN,,,,,85183000,2890002080012,N
2890002090011,CHAVE DE FENDA 5/16 X 8,6.6,6.6,0,0,0,0,0,0,UN,,,,,85183000,2890002090011,N
2890002120015,CHAVE DE VIRAR FERRO 5/16,28.9,28.9,28,28,12.23,12.23,2,0,UN,,,,,82055900,2890002120015,N
2890002130014,CHAVE DE VIRAR FERRO 3/8,46,46,45,45,22,22.02,1,0,UN,,,,,82055900,2890002130014,N
2890002160011,CHUVEIRO HERC PLAST C/REGISTRO 2320,14,14,14,14,8.62,13.27,52,0,UN,,,,,39229000,2890002160011,N
2890002170010,CHUVEIRO HERC PLAST S/REG 1/2 2318,10.9,10.9,10.5,10.5,6.06,10.22,49,0,UN,,,,,39229000,2890002170010,N
2890002190018,CIMENTO BRANCO CONCREMASSA,5.8,5.8,5.8,5.8,3.73,0,-99,10,UN,,,,,25232100,2890002190018,N
2890002200014,INCENOR 66470,29.99,29.99,0,0,11.2,0,-13.4,0,M2,,,,,69072200,2890002200014,N
2890002210013,COBOGO CIMENTO VENEZIANO 50X25,4,4,0,0,1.7,0,0,0,UN,,,,,85183000,2890002210013,N
2890002240010,COLA BRANCA CASCOREZ 500 GR,22,22,21,21,13,10.38,3,4,UN,,,,,35061010,2890002240010,N
2890002250019,COLA BRANCA CASCOREZ 1 KG,36,36,35,35,22.19,0,-8,2,UN,,,,,35061010,2890002250019,N
2890002310010,COLHER TRAMONTINA PEDREIRO 7,25.9,25.9,25,25,14.79,17.12,7,3,UN,,,,,82055900,2890002310010,N
2890002320019,COLHER DE PEDREIRO PACETA 7,43,43,42,42,26.65,13.58,-1,1,UN,,,,,82159910,2890002320019,N
2890002330018,COLHER DE PEDREIRO PACETA 8,43,43,42,42,25.52,0,-4,1,UN,,,,,82159910,2890002330018,N
2890002340017,COLHER DE PEDREIRO PACETA 9,44,44,43,42,26.45,0,0,1,UN,,,,,82159910,2890002340017,N
2890002350016,COLHER DE PEDREIRO PACETA 10,52.9,52.9,52,52,33.74,24.41,2,1,UN,,,,,82159910,2890002350016,N
2890002360015,CONECTOR P/HASTE TERRA,8.5,8.5,8,8,4.82,2.97,-3,0,UN,,,,,85359090,2890002360015,N
2890002400018,CORDA SEDA 4MM,1.3,1.3,1.4,1.5,0.43,0.44,139,0,UN,,,,,56041000,2890002400018,N
2890002420016,CORRENTE 4MM FINA,14,14,13.5,13,5.78,5.57,16.5,0,UN,,,,,73158200,2890002420016,N
2890002480010,CURVA ESG 40MM,6.2,6.2,6,6,2.3,1.81,-12,6,UN,,DIVERSOS,CONEXOES,ESGOTO,39174090,2890002480010,N
2890002490019,CURVA ESG 75MM,21,21,20,20,0,0,0,3,UN,,DIVERSOS,CONEXOES,ESGOTO,39174090,2890002490019,N
2890002520013,CURVA SOLDAVEL 25MM,4.99,4.99,4.99,4.99,2.05,0,-14,12,UN,,DIVERSOS,CONEXOES,AGUA,39174090,2890002520013,N
2890002560019,DESEMPOLADEIRA MADEIRA 17X30,20,20,20,20,11.23,11.23,-4,0,UN,,,,,44170010,2890002560019,N
2890002610011,DISCO LIXA FERRO N-36,6,6,5.8,5.5,2.53,0,-2,0,UN,,,,,68053020,2890002610011,N
2890002720017,DOBRADICA FG 2 CARTELA C/2,7.5,7.5,7,7,3.6,0,-1,0,UN,,,,,83021000,2890002720017,N
2890002730016,DOBRADICA FG 3 X 2 CARTELA C/2,10,10,10,10,5.12,5.12,11,0,UN,,,,,85183000,2890002730016,N
2890002740015,DOBRADICA FLO C/ANEL 3 X 21/2 CART C/3,27.9,27.9,27,27,13.99,0,-19,0,UN,,,,,83021000,2890002740015,N
2890002750014,DOBRADICA FLO C/ANEL 3 1/2 X 2 1/2 CART C/3,28.9,28.9,0,0,13.95,0,-16,0,UN,,,,,85183000,2890002750014,N
2890002760013,DOBRADICA FLO S/ANEL 3 X 2 CART C/3 PBOL,24,24,24,23.5,11.13,0,-3,0,UN,,,,,83021000,2890002760013,N
2890002770012,DOBRADICA FLO C/ANEL 3 X 2 1/2 CART C/2,9,9,0,0,5.23,0,-1,0,UN,,,,,85183000,2890002770012,N
2890002800016,DOBRADICA PAPAIZ LATAO CROMADO 3 1/2 X 3 C/3PECAS,30,30,0,0,10,0,0,0,UN,,,,,85183000,2890002800016,N
2890002820014,DOBRADICA PORTAO LATAO 8,15,15,0,0,0,0,0,0,UN,,,,,85183000,2890002820014,N
2890002840012,DOBRADICA FG 2 1/2 CARTELA C/2,3.5,3.5,0,0,1.93,0,0,0,UN,,,,,85183000,2890002840012,N
2890002880018,DUREPOXI 100G,12.9,12.9,12.9,12.9,7.98,15.25,104,8,UN,,,,,32141010,2890002880018,N
2890002960017,ESCALA MADEIRA 2M BAMBU,6,6,0,0,0,0,0,0,UN,,,,,85183000,2890002960017,N
2890002980015,ESCOVA ACO C/CABO MADEIRA,6,6,5.5,5.5,2.6,0,0,0,UN,,,,,96039000,2890002980015,N
2890002990014,ESPATULA TRAMONTINA INOX C/CABO PLAST 08C,8.9,8.9,8.5,8,4.56,4.55,12,0,UN,,,,,82055900,2890002990014,N
2890003040015,ESPATULA TRAMONTINA INOX C/CABO PLAST 06C,8,8,8,7.5,4.28,4.28,1,0,UN,,,,,82055900,2890003040015,N
2890003050014,ESPATULA TRAMONTINA INOX C/CABO PLAST 10C,8.9,8.9,8.9,8.5,4.92,4.92,11,0,UN,,,,,82055900,2890003050014,N
2890003080011,ESQUADRO MAX CB ALUMINIO 12,25.5,25.5,25,25,15.08,15.08,-1,0,UN,,,,,90172000,2890003080011,N
2890003140012,EXTENSAO DANEVA 3M 3X0,17.7,17.7,0,0,0,0,0,0,UN,,,,,85183000,2890003140012,N
2890003160010,FACAO TRAMONTINA 12,27.9,27.9,27,27,14.86,14.85,1,0,UN,,,,,82014000,2890003160010,N
2890003190017,FACAO TRAMONTINA 18,36.5,36.5,35,35,19.82,0,1,0,UN,,,,,82014000,2890003190017,N
2890003200013,FACAO TRAMONTINA 20,39,39,38,37,21.38,21.38,1,0,UN,,,,,85183000,2890003200013,N
2890003250018,FECH P/MOVEIS SOBREPOR ALIANCA,6,6,0,0,8.11,0,0,0,UN,,,,,85183000,2890003250018,N
2890003300010,CHAVE COMBINADA 14MM TRAMONTINA,24,24,0,0,532.5,0,0,0,UN,,,,,85183000,2890003300010,N
2890003340016,FECH STAM 824/03 ESP OXIDADO WC BANHEIRO,48,48,0,0,30.53,0,-1,0,UN,,,,,85183000,2890003340016,N
2890003350015,FECH STAM 603/03 INOX,60,60,0,0,23.94,0,0,0,UN,,,,,83014000,2890003350015,N
2890003390011,FECH STAM 803/23 RQ1 INOX,99,99,105,110,59.92,50.61,-2,0,UN,,,,,83014000,2890003390011,N
2890003420015,FECH P/MOVEIS STAM 302,14,14,0,0,7.86,0,0,0,UN,,,,,85183000,2890003420015,N
2890003440013,FERRO 3/8 10MM,65.5,65.5,62.9,62.9,40,0,-8,0,UN,,,,,73089010,2890003440013,N
2890003450012,FERRO 1/2 12.5MM,135,135,135,135,90,0,0,0,UN,,,,,73089010,2890003450012,N
2890003460011,FERRO 5/16 8.0MM,43,43,42,42,28,0,-57,0,UN,,,,,73089010,2890003460011,N
2890003480019,FERRO 4.2,17.5,17.5,17.5,17.5,0,0,0,0,UN,,,,,73089010,2890003480019,N
2890003550019,FERROLHO FIO REDONDO FG 21/2,8,8,8,8,4.2,0,-2,0,UN,,,,,85183000,2890003550019,N
2890003560018,FERROLHO FIO REDONDO FG 2,7.5,7.5,7.5,7.5,3.83,3.83,4,0,UN,,,,,85183000,2890003560018,N
2890003590015,FILTRO LINHA DICOMPEL C/3 TOMADAS,33,33,0,0,27.54,0,0,0,UN,,,,,85183000,2890003590015,N
2890003670014,FIO P/TELEFONE EXTERNO PRETO,0.6,0.6,0,0,0,0,0,0,UN,,,,,85183000,2890003670014,N
2890003680013,FIO P/TELEFONE CCI 2PAR,0.55,0.55,0,0,0.18,0,0,0,MT,,,,,85183000,2890003680013,N
2890003700018,FIO PARALELO 2X1.0MM2,3.5,3.5,3.5,3.2,1.61,1.97,30,0,MT,,,,,85444900,2890003700018,N
2890003720016,FIO PARALELO 2X2.5MM2,7.8,7.8,7.5,7.5,4.59,8.01,580,0,UN,,,,,85444900,2890003720016,N
2890003880017,FITA ISOLANTE 20M 3M,12.5,12.5,12,12,6.94,3.92,-5,4,UN,,,,,39191020,2890003880017,N
2890003930019,FLANGE 32MM,18.5,18.5,18,18,11.43,1.54,-6,6,UN,,DIVERSOS,CONEXOES,AGUA,39174090,2890003930019,N
2890003980014,FORMAO TRAMONTINA 3/4,31,31,30,29,16.01,16.01,0,0,UN,,,,,82053000,2890003980014,N
2890003990013,FORMAO MOMFORT 3/4,22,22,21,21,12.45,0,-1,0,UN,,,,,82053000,2890003990013,N
2890004060012,GANCHO REDE LIDER CHUMBAR GALVANIZADO,33,33,0,0,6.74,0,-1,0,UN,,,,,83024100,2890004060012,N
2890004070011,GANCHO REDE LIDER PARAFUSO GALVANIZADO,33,33,32,32,19.54,20.18,12,0,UN,,,,,83024100,2890004070011,N
2890004080010,GESSO,3,3,3,3,1.82,0,-498,10,KG,,,,,25202090,2890004080010,N
2890004100015,GONZO SETEIRA (ABERTO),5,5,0,0,0,0,0,0,UN,,,,,85183000,2890004100015,N
2890004120013,GRAMPO P/CERCA,25.9,25.9,25,25,14.42,9.95,11,0,UN,,,,,73170020,2890004120013,N
2890004150010,DESCARGA ASTRA ACOPL ENT HID HE300/N,48,48,0,0,28.16,0,0,0,UN,,,,,85183000,2890004150010,N
2890004170018,HASTE TERRA 1.20 M S/CONECTOR,21.9,21.9,21,20,9.32,9.82,2,0,UN,,,,,73262000,2890004170018,N
2890004370012,INT ILUMI SIST X,13.5,13.5,0,0,2.38,0,-2,0,UN,,,,,85183000,2890004370012,N
2890004380011,JAN MAC 74X1.20ARCO ALMOF/VIDRO,115,115,0,0,0,0,0,0,UN,,,,,85183000,2890004380011,N
2890004390010,JAN MAC 64X1.10ARCO,85,85,0,0,0,0,0,0,UN,,,,,85183000,2890004390010,N
2890004410015,JAN MAC 60X1.20ARCO,85,85,0,0,0,0,0,0,UN,,,,,85183000,2890004410015,N
2890004420014,BUCHA RED PVC 32X25MM,1.5,1.5,1.6,1.8,0.42,0.54,15,20,UN,,DIVERSOS,CONEXOES,AGUA,39174090,2890004420014,N
2890004430013,JAN MAC 84X1.20RETA ALM/VIDRO,235,235,0,0,125,0,0,0,UN,,,,,85183000,2890004430013,N
2890004440012,JAN MAC 1.2X1.2ARCO 4 FOLHAS FECHAD,195,195,0,0,149.69,0,0,0,UN,,,,,85183000,2890004440012,N
2890004450011,JAN MAC 74X1.20RETA ALMOF/VIDRO,145,145,0,0,98.58,0,0,0,UN,,,,,85183000,2890004450011,N
2890004460010,JAN MAC 1X1.20RETA TODA ALM,230,230,0,0,159,0,0,0,UN,,,,,85183000,2890004460010,N
2890004470019,JAN MISTA 1X1.20 RETA AV,150,150,0,0,103,0,0,0,UN,,,,,85183000,2890004470019,N
2890004480018,JAN MAC 1.2X1.2RETA TODA ALM,270,270,0,0,185,0,0,0,UN,,,,,85183000,2890004480018,N
2890004490017,JAN MAC 60X1.10RETA,85,85,0,0,0,0,0,0,UN,,,,,85183000,2890004490017,N
2890004500013,JAN MAC 60X1.20RETA,85,85,0,0,0,0,0,0,UN,,,,,85183000,2890004500013,N
2890004530010,JAN CALHA 60 X110,19,19,0,0,0,0,0,0,UN,,,,,85183000,2890004530010,N
2890004540019,JAN CALHA 70X110,19.5,19.5,0,0,0,0,0,0,UN,,,,,85183000,2890004540019,N
2890004560017,JOELHO ESGOTO 40MM C/ANEL FORTLEV,4,4,4.2,4.5,1.65,0,-1,6,UN,,DIVERSOS,CONEXOES,ESGOTO,39174090,2890004560017,N
2890004570016,JOELHO ESGOTO 40MMX45°,2.8,2.8,3,3.5,1.72,0,-17,6,UN,,DIVERSOS,CONEXOES,ESGOTO,39174090,2890004570016,N
2890004580015,JOELHO ESGOTO 40MM FORTLEV,1.5,1.5,1.5,1.5,0.46,0,-159,24,UN,,DIVERSOS,CONEXOES,ESGOTO,39174090,2890004580015,N
2890004620018,JOELHO ESGOTO 150MM FORTLEV,46,46,47,48,23,0,-1,1,UN,,DIVERSOS,CONEXOES,ESGOTO,39174090,2890004620018,N
2890004640016,JOELHO ESGOTO 100X50MM C/VISITA,26.99,26.99,26.99,26.99,11.71,0,-4,4,UN,,DIVERSOS,CONEXOES,ESGOTO,39174090,2890004640016,N
2890004650015,JOELHO SOLD LR AZUL 20X1/2,5.99,5.99,5.99,5.99,2.9,0,-98,18,UN,,DIVERSOS,CONEXOES,AGUA,39174090,2890004650015,N
2890004680012,JOELHO SOLD LL 20MM,0.85,0.85,0.8,0.8,0.25,0,-371,36,UN,,DIVERSOS,CONEXOES,AGUA,39174090,2890004680012,N
2890004710016,JOELHO SOLD LL 32X25MM,3,3,3.5,4,0,0,0,4,UN,,DIVERSOS,CONEXOES,AGUA,39174090,2890004710016,N
2890004730014,JOELHO SOLD LL 40MM,5.5,5.5,5,5,2.45,1.86,6,4,UN,,DIVERSOS,CONEXOES,AGUA,39174090,2890004730014,N
2890004740013,JOELHO SOLD LL 50MM,6.5,6.5,7,7.5,2.67,2.67,-8,6,UN,,DIVERSOS,CONEXOES,AGUA,39174090,2890004740013,N
2890004760011,JOELHO SOLD LR 25X1/2,2.5,2.5,2.8,3.5,1.76,0,-10,10,UN,,DIVERSOS,CONEXOES,AGUA,39174090,2890004760011,N
2890004770010,JOELHO SOLD LR 25X3/4,3.8,3.8,4,4.5,1.34,0,-4,12,UN,,DIVERSOS,CONEXOES,AGUA,39174090,2890004770010,N
2890004790018,JOELHO ROSCA BRANCA 1/2,2.5,2.5,2.8,3,0.92,0,-4,6,UN,,DIVERSOS,CONEXOES,AGUA,39174090,2890004790018,N
2890004800014,JOELHO ROSCA BRANCA 3/4,5,5,5,5,3.17,3.17,19,3,UN,,DIVERSOS,CONEXOES,AGUA,39174090,2890004800014,N
2890004850019,JUNCAO ESGOTO 100X50MM,20.9,20.9,21.9,23,8.28,0,-1,3,UN,,DIVERSOS,CONEXOES,ESGOTO,39174090,2890004850019,N
2890004860018,JUNCAO ESGOTO 100X75MM,15,15,15.5,16,6.85,0,-1,4,UN,,DIVERSOS,CONEXOES,ESGOTO,39174090,2890004860018,N
2890004960015,LAMINA DE SERRA STARRET,13.5,13.5,13.5,13.5,7.91,11.24,61,10,UN,,,,,82029100,2890004960015,N
2890005050012,LANCA P/MURO,26,26,25,25,15.75,13.65,-10.949,0,KG,,,,,72122010,2890005050012,N
2890005150019,LINHA P/PEDEIRO 50M,5.5,5.5,5,5,2.06,2.5,12,6,UN,,,,,56074900,2890005150019,N
2890005160018,LINHA P/PEDEIRO 100M TRANCADA,8,8,7.5,7.5,3.37,0,1,4,UN,,,,,56074900,2890005160018,N
2890005180016,LIXA FERRO 150,4.7,4.7,4.7,4.7,2.07,0,-48,0,UN,,,,,68051000,2890005180016,N
2890005190015,LIXA MASSA 60,1.3,1.3,0,0,0.7,0.63,-67,0,UN,,,,,68051000,2890005190015,N
2890005250016,LUVA LL 20MM,0.9,0.9,0.9,0.85,0.36,0,-175,20,UN,,DIVERSOS,CONEXOES,AGUA,39174090,2890005250016,N
2890005260015,LUVA LL 25MM,1,1,1,0.8,0.31,0.29,47,20,UN,,DIVERSOS,CONEXOES,AGUA,39174090,2890005260015,N
2890005270014,LUVA LL 32MM,2.6,2.6,2.5,2.4,1.02,0,-16,12,UN,,DIVERSOS,CONEXOES,AGUA,39174090,2890005270014,N
2890005280013,LUVA LL 40MM,4.5,4.5,4,4,1.95,0,-4,6,UN,,DIVERSOS,CONEXOES,AGUA,39174090,2890005280013,N
2890005320016,LUVA LR 32X1,3.7,3.7,4.3,4.8,2.12,0,-4,10,UN,,DIVERSOS,CONEXOES,AGUA,39174090,2890005320016,N
2890005360012,SERRA MARMORE DEWAL DW862WBR 127V,479.9,479.9,459,455,334.67,334.67,1,1,UN,,,,,84672200,2890005360012,N
2890005370011,"MANGUEIRA CRISTAL 1/2"" 1,5MM",4.5,4.5,0,0,2.09,1.86,34.5,0,UN,,,,,39173900,2890005370011,N
2890005390019,MANGUEIRA CRISTAL 3/4 X2.5MM,5.5,5.5,0,0,3.36,0,-2,0,MT,,,,,85183000,2890005390019,N
2890005430012,MANGUEIRA CORRUG AMARELA 1¨C/25M,60,60,0,0,0,0,-1,0,UN,,,,,85183000,2890005430012,N
2890005480017,TINTA SPRAY TEKBOND ALUMINIO ALTA,36.9,36.9,36,36,22.7,22.7,2,1,UN,,,,,32091010,2890005480017,N
2890005490016,MARRETA TRAMONTINA 500GR C/CABO,43.9,43.9,43,40,22.73,11.96,2,1,UN,,,,,82052000,2890005490016,N
2890005510011,MARRETA TRAMONTINA 1.5KG C/CABO,69,69,66,65,35.36,35.35,-1,1,UN,,,,,82052000,2890005510011,N
2890005530019,MARTELO TRAMONTINA UNHA 27MM,49,49,48,47,29.71,24.82,3,2,UN,,,,,82052000,2890005530019,N
2890005580014,CHAVE BOCA FIXA 10X11 MM,11,11,11,11,5.27,7.22,10,0,UN,,,,,82041100,2890005580014,N
2890005600019,CHAVE BOCA FIXA 12X13 MM,11,11,10.5,10.5,5.62,4.83,2,0,UN,,,,,82041100,2890005600019,N
2890005630016,MASSA CORRIDA PVA CORAL BALDE 25KG,89.9,89.9,89.9,89.9,66.9,0,-1,0,UN,,,,,32141020,2890005630016,N
2890005640015,MASSA CORRIDA PVA CORAL GALAO 3.6L,24,24,0,0,9.97,0,-3,0,UN,,,,,32141020,2890005640015,N
2890005660013,CHAVE BOCA FIXA 14X15MM,14,14,13,13,7.85,9.31,5,0,UN,,,,,82041100,2890005660013,N
2890005690010,MASSA CORRIDA PVA IQUINE  25K,74,74,72,70,59.42,0,-20,0,UN,,,,,32141020,2890005690010,N
2890005730013,NIPLE PVC 1/2,1,1,1,1,0.44,0.48,32,20,UN,,DIVERSOS,CONEXOES,AGUA,39174090,2890005730013,N
2890005760010,NIVEL TRAMONTINA MANUAL ALUMINIO 30CM,49.9,49.9,49.9,49.9,29.05,0,3,0,UN,,,,,90318099,2890005760010,N
2890005770019,NIVEL MOMFORT MANUAL MADEIRA 12 30CM,23.5,23.5,23.5,23,12.74,0,0,0,UN,,,,,90318099,2890005770019,N
2890005840019,PA TRAMONTINA DE BICO S/CABO,34.9,34.9,34,33,19.63,10.63,1,0,UN,,,,,82011000,2890005840019,N
2890005850018,PA TRAMONTINA QUADRADA S/CABO CANO CURTO,35,35,34,34,19.63,13.08,-2,0,UN,,,,,82011000,2890005850018,N
2890005860017,PALHA DE ACO,2.7,2.7,2.5,2.5,0.93,0.73,128,0,UN,,,,,73231000,2890005860017,N
2890005920018,PARAFUSO P/ASSENTO AMANCO,11,11,10.5,10,4.78,6.31,-2,0,UN,,,,,39269090,2890005920018,N
2890005930017,PARAFUSO P/CAMA FENDADO 5/16X110,1.2,1.2,0,0,0,0,0,0,UN,,,,,85183000,2890005930017,N
2890006070019,PEITORIL MARM 1.05X17,69,69,67,67,40.89,0,-3,0,UN,,,,,85183000,2890006070019,N
2890006080018,PEITORIL MARM 1.25X17,73,73,72,70,44.13,0,-2,0,UN,,,,,85183000,2890006080018,N
2890006170016,"PIA BRANOX 0,80M",185,185,185,185,115,0,0,0,UN,,,,,85183000,2890006170016,N
2890006180015,"PIA BRANOX 1,40M",246,246,246,246,140,0,-3,0,UN,,,,,85183000,2890006180015,N
2890006240016,PIA BRANOX 1.60M C2 CUBAS,499,499,0,0,200,0,0,0,UN,,,,,85183000,2890006240016,N
2890006250015,MANTA VEDATUDO 30CM,8.5,8.5,7.2,7,4.16,4.6,8,0,MT,,,,,68071000,2890006250015,N
2890006280012,PIA TRAMONTINA 1.20 X 0.52,259,259,249,249,179,0,0,0,UN,,,,,85183000,2890006280012,N
2890006300017,PICARETA TRAMONTINA S / CABO,77,77,74,74,53,53,-3,1,UN,,,,,82013000,2890006300017,N
2890006330014,PINO FEMEA 10A TRAMONTINA,4.8,4.8,4.5,4,1.66,0,94,0,UN,,,,,85366910,2890006330014,N
2890006340013,PINO P/TELEFONE AMERICANO,5,5,0,0,0,0,0,0,UN,,,,,85183000,2890006340013,N
2890006400014,PNEU P/CARRO DE MAO LEVORIN 3.25X8,49.9,49.9,0,0,0,381.18,1,0,UN,,,,,40114000,2890006400014,N
2890006420012,PONTEIRO SAO ROMAO 10,21.9,21.9,21,20,12.19,12.19,-1,0,UN,,,,,82055900,2890006420012,N
2890006430011,PONTEIRO SAO ROMAO 12,26,26,25,24,14.42,14.42,0,0,UN,,,,,82055900,2890006430011,N
2890006500011,PORTA MAC 80 ALMOFADA,530,530,0,0,210.21,0,-1,0,UN,,,,,85183000,2890006500011,N
2890006520019,PORTA MISTA 80X210 ALMOFADA,385,385,0,0,133,0,-10,0,UN,,,,,85183000,2890006520019,N
2890006540017,PORTA CADEADO LIDER 11/2,6.5,6.5,6.5,6,3.71,4.34,14,0,UN,,,,,83021000,2890006540017,N
2890006570014,PORTA CALHA 60X210,105,105,0,0,49.9,0,0,0,UN,,,,,85183000,2890006570014,N
2890006580013,PORTA CALHA 70X210,105,105,0,0,49.9,0,0,0,UN,,,,,85183000,2890006580013,N
2890006590012,PORTA CALHA 80X210,190,190,0,0,110,0,0,0,UN,,,,,85183000,2890006590012,N
2890006620016,PORTA P/VERNIZ 80 SUCUPIRA,195,195,0,0,56.5,0,-4,0,UN,,,,,85183000,2890006620016,N
2890006630015,PORTA P/PINTURA 60,149,149,0,0,89,0,-4,0,UN,,,,,85183000,2890006630015,N
2890006690019,PREGO 1 1/2X13 15X18,21,21,0,0,12.99,0,-25,0,KG,,,,,73170090,2890006690019,N
2890006740011,PREGO 2 1/2X10 18X27,19,19,18.5,18,11.62,0,-72,0,UN,,,,,73170090,2890006740011,N
2890006760019,DESEMPOLADEIRA MADEIRA REFORCADA,35,35,33,32,20,0,0,0,UN,,,,,85183000,2890006760019,N
2890006850017,QUADRO P/03-04 TAF FUME DISJUNTORES,23.9,23.9,23,23,13.43,15.34,7,0,UN,,,,,85381000,2890006850017,N
2890006890013,QUADRO TIGRE P/3/4 DISJUNTORES S/BAR,52.9,52.9,52,50,29.51,25.49,8,0,UN,,,,,85381000,2890006890013,N
2890006900019,RACK C/1 ELEMENTO,9.5,9.5,9,9,5.28,5.28,-8,0,UN,,,,,72122090,2890006900019,N
2890006930016,RACK FIBRA 2 ELEMENTO,19.9,19.9,0,0,11.5,0,0,0,UN,,,,,85183000,2890006930016,N
2890006940015,RACK C/3 ELEMENTOS,15,15,0,0,0,0,0,0,UN,,,,,72122090,2890006940015,N
2890006990010,RALO DURIN SIF BR QD SAIDA/BAIXO,16,16,16,16,8.48,0.2,0,0,UN,,,,,39174090,2890006990010,N
2890007180014,REG DECA BASE GAVETA 1/2 BRUTO,41,41,0,0,23.06,0,0,0,UN,,,,,84818093,2890007180014,N
2890007220017,REG DECA BASE PRESSAO 1/2 BRUTO,50,50,0,0,30.5,0,-1,0,UN,,,,,85183000,2890007220017,N
2890007230016,REG DECA BASE PRESSAO 3/4 BRUTO,65,65,62,62,43.45,53.37,-4,0,UN,,,,,84818019,2890007230016,N
2890007460017,"LUVA RR  RED 3/4X1/2""",3.5,3.5,4,4.5,0,0,-21,6,UN,,DIVERSOS,CONEXOES,AGUA,39174090,2890007460017,N
2890007480015,RODIZIO P/CORTINA,0.2,0.2,0,0,0,0,0,0,UN,,,,,85183000,2890007480015,N
2890007520018,ROLDANA C/GANCHO 12,49.9,49.9,49,48,27.12,0,-2,0,UN,,,,,73261900,2890007520018,N
2890007530017,ROLDANA C/GANCHO 14,69.99,69.99,69,67,37.86,37.86,-1,0,UN,,,,,73261900,2890007530017,N
2890007540016,ROLDANA LOUCA P/RACK,13,13,12.5,12.5,6.55,0,-8,0,UN,,,,,85462000,2890007540016,N
2890007570013,ROLO ESPUMA 15CM,9.8,9.8,9.5,9,4.5,2.76,-1,0,UN,,,,,96034010,2890007570013,N
2890007580012,ROLO ESPUMA 23CM S/SUP 430 ROMA,19.5,19.5,19,18,9,7.93,68,0,DZ,,,,,96034010,2890007580012,N
2890007630014,SABONETEIRA ARTHI ADESIVO 3M,34,34,34,34,24.44,0,-1,0,UN,,,,,85183000,2890007630014,N
2890007770017,SERROTE 18 MAX BRONZE,29.9,29.9,0,0,18.59,0,0,0,UN,,,,,85183000,2890007770017,N
2890007880013,SIFAO SANF CENSI BLACK 70CM,14,14,13,13,7.41,0,0,0,UN,,,,,39174090,2890007880013,N
2890007890012,SODA CAUSTICA 1KG INDAIA,26,26,26,26,14.85,24.45,26,0,UN,,,,,28151100,2890007890012,N
2890007930015,SOLEI MAR BR 65X15,28.9,28.9,28,27,16.58,0,-1,0,UN,,,,,68022100,2890007930015,N
2890007940014,SOLEI MAR BR 75X13,23,23,22,22,13,0,-1,0,UN,,,,,68022100,2890007940014,N
2890007950013,SOLEI MAR BR 85X13,26,26,25,25,14.67,0,-1,0,UN,,,,,68022100,2890007950013,N
2890007980010,SPOT P/01 LAMPADA,15.5,15.5,15,15,7.35,9.82,-6,0,UN,,,,,94051990,2890007980010,N
2890007990019,ESPUDE BORROCHA BRANCA P/BACIA SANITARIA,6.9,6.9,6.5,6.5,2.8,3.84,41,0,UN,,,,,39174090,2890007990019,N
2890008050019,SUPORTE ANTENA PREGAR,25.9,25.9,25,25,14.44,14.44,5,0,UN,,,,,73063000,2890008050019,N
2890008070017,SUPORTE P/MICROONDA BRASFORMA,60,60,60,58,29.48,43.52,8,1,UN,,,,,73269090,2890008070017,N
2890008080016,TABUA PINHO 0.25CM C/3M,33.9,33.9,0,0,0,0,-129,0,UN,,,,,44191100,2890008080016,N
2890008100011,TABUA PINHO 0.27 CM C/3M,38.9,38.9,0,0,10.04,0,-268,0,UN,,,,,44191100,2890008100011,N
2890008260012,TE SOLD LR 20X1/2 AZUL,8.5,8.5,8.5,8,4.43,6.26,16,6,UN,,DIVERSOS,CONEXOES,AGUA,39174090,2890008260012,N
2890008270011,TE SOLD LR 25X1/2 AZUL,7.9,7.9,7.5,7.5,3.43,0,-7,6,UN,,DIVERSOS,CONEXOES,AGUA,39174090,2890008270011,N
2890008280010,TE SOLD LR 25X3/4 AZUL,9,9,9.5,10,3.43,0,0,6,UN,,DIVERSOS,CONEXOES,AGUA,39174090,2890008280010,N
2890008290019,TE ESGOTO 40MM,3.5,3.5,3.5,3.5,1.12,0,-65,12,UN,,DIVERSOS,CONEXOES,ESGOTO,39174090,2890008290019,N
2890008310014,TE ESGOTO 75MM,14.9,14.9,14.9,14.9,5.57,0,-1,6,UN,,DIVERSOS,CONEXOES,ESGOTO,39174090,2890008310014,N
2890008340011,TE ESGOTO 100X75MM,16.9,16.9,17.5,18,11.43,0,-1,3,UN,,DIVERSOS,CONEXOES,ESGOTO,39174090,2890008340011,N
2890008360019,TE SOLD LR 20X1/2,4.8,4.8,4.5,4.5,1.54,0.94,10,12,UN,,DIVERSOS,CONEXOES,AGUA,39174090,2890008360019,N
2890008370018,TE SOLD LL 25MM,1.4,1.4,1.4,1.3,0.41,0.11,-33,12,UN,,DIVERSOS,CONEXOES,AGUA,39174090,2890008370018,N
2890008380017,TE SOLD LL 25X20MM FORTLEV,5.8,5.8,5.5,5.5,3.03,2.52,19,10,UN,,DIVERSOS,CONEXOES,AGUA,39174090,2890008380017,N
2890008400012,TE SOLD LL 32MM,4.3,4.3,4.5,4.8,1.5,0,-13,15,UN,,DIVERSOS,CONEXOES,AGUA,39174090,2890008400012,N
2890008440018,TE SOLD LL 50MM,11,11,11,11,6.13,4.63,7,4,UN,,DIVERSOS,CONEXOES,AGUA,39174090,2890008440018,N
2890008470015,TELA MOSQUITEIRO NYLON 1.00 X 0.50 BRANCA,5.2,5.2,5,4.8,2.59,0,-10,0,MT,,,,,54077200,2890008470015,N
2890008510018,"TELHA PVC LEITOSA OND BR 2,44X50 FORTLEV",55,55,53,52,40,0,0,0,UN,,,,,39211900,2890008510018,N
2890008560013,TINTA CORALAR 18L,209,209,199.9,199.9,144.9,91.6,1,1,UN,,,,,32091010,2890008560013,N
2890008590010,TINTA CORAL RENDE MUITO 18L LATA,369.9,369.9,365,360,264.7,197.42,0,1,UN,,,,,32091010,2890008590010,N
2890008630013,TINTA EM PO HIDRACOR SC 2KG,6.5,6.5,0,0,2.49,0,0,0,PC,,,,,32091010,2890008630013,N
2890008660010,TINTA CORALAR 15L BALDE,199,199,0,0,139.9,131.5,-3,0,UN,,,,,32082019,2890008660010,N
2890009250012,TORN HERC FILTRO AUT AZUL 1115,12,12,12,12,6.42,2.29,3,0,UN,,,,,84818019,2890009250012,N
2890009270010,TORN HERC PLAST COZ 1/2 15 CM 1158,7.5,7.5,7,7,2.95,0,-21,0,UN,,,,,84818019,2890009270010,N
2890009340010,TORQUES ARMADOR 12 SAO ROMAO,42.5,42.5,42,40,25,0,1,0,UN,,,,,82032090,2890009340010,N
2890009490012,TUBO GALV P/ANTENA C/3M 3/4,38,38,37,36,22,0,-3,0,UN,,,,,73063000,2890009490012,N
2890009530015,TUBO ELET ROSC 11/4,42,42,39.9,39,23.71,23.71,0,0,UN,,,,,39172300,2890009530015,N
2890009540014,TUBO ELET ROSC 11/2,25,25,0,0,13.62,0,0,0,UN,,,,,39172300,2890009540014,N
2890009670018,UNIAO PVC SOLD 20MM,6.5,6.5,7,7.5,2.8,0,-1,6,UN,,DIVERSOS,CONEXOES,AGUA,39174090,2890009670018,N
2890009680017,UNIAO PVC SOLD 25MM,7.5,7.5,8,8.5,3,0,-2,6,UN,,DIVERSOS,CONEXOES,AGUA,39174090,2890009680017,N
2890009690016,UNIAO PVC SOLD 32MM,12.5,12.5,13,13.5,4.43,0,-1,6,UN,,DIVERSOS,CONEXOES,AGUA,39174090,2890009690016,N
2890009710011,UNIAO PVC ROSC 25X3/4,3.9,3.9,4.5,5,0,0,0,2,UN,,DIVERSOS,CONEXOES,,39174090,2890009710011,N
2890009750017,VALVULA PIA AMERIC OLIVEIRA,23.9,23.9,23,23,11.84,0,-76,0,UN,,,,,84819090,2890009750017,N
2890009810018,VALVULA P/TANQUE PLAST DURIN,6,6,5.8,5.5,2.88,3.44,44,0,UN,,,,,39174090,2890009810018,N
2890009890010,TORN PLAST PRETA JARDIM,4.5,4.5,4.5,4.5,1.59,2.69,256,0,UN,,,,,84818019,2890009890010,N
2890009900016,VASSOURA PIACAVA COMUN CEPO,12,12,11.5,11.5,7,0,-14,0,UN,,,,,85183000,2890009900016,N
2890009930013,FITA VEDA ROSCA 18MMX25M TIGRE,9.9,9.9,9.9,9.9,5.75,5.88,13,0,UN,,,,,39211900,2890009930013,N
2890009990017,VELA P/FILTRO HERC 2904,26.9,26.9,26,26,15.56,0,-14,0,UN,,,,,84212100,2890009990017,N
2890010020017,"VERNIZ IQUINE 3,6L EXTRA NOGUEIRA",125,125,0,0,34.38,0,-1,1,UN,,,,,32091020,2890010020017,N
2890010030016,"VERNIZ IQUINE 3,6L EXTRA INDETERMINADO",125,125,0,0,35.18,0,0,0,UN,,,,,32091020,2890010030016,N
2890010170019,XADREZ GLOBO VERMELHO 250GR,21,21,20,20,11.52,8.11,15,3,UN,,,,,28211011,2890010170019,N
2890010250018,ZARCAO 900ML UNIVERSO VERM/CINZA,36.9,36.9,36,35,19.45,22.36,5,1,UN,,,,,32081010,2890010250018,N
2890010280015,ESTRIBO 7X22,1.3,1.3,0,0,0,0,0,0,UN,,,,,85183000,2890010280015,N
2890010290014,ESTRIBO 7X17,1.1,1.1,0,0,0,0,-284,0,UN,,,,,85183000,2890010290014,N
2890010300010,PORTA SANF 60 BRANCA,114.9,114.9,110,110,70.24,0,-52,0,UN,,,,,39252000,2890010300010,N
2890010360014,TELHA CERAMICA CEARA,1.07,1.07,0.98,0,0.6,0,0,0,UN,,,,,69051000,2890010360014,N
2890010380012,ESTRIBO 10X20,1.1,1.1,0,0,0.29,0,0,0,UN,,,,,85183000,2890010380012,N
2890010400017,PEDRA AFIAR DUPLA FACE 6MM,9,9,9,8.5,4.2,4.2,17,1,UN,,,,,68043000,2890010400017,N
2890010420015,BAC ACP ICASA SABATINI BRANCO,635,635,0,0,342.03,0,0,0,UN,,,,,69109000,2890010420015,N
2890010440013,BAC ACP LUZARTE,399,399,385,369.99,270,0,-53,0,UN,,,,,69109000,2890010440013,N
2890010460011,GRAVILHAO,196,196,186,185,76.5,0,-78.5,0,M3,,,,,25171000,2890010460011,N
2890010500014,ADUELA MACARAN 13CM,245,245,0,0,48,0,-11,0,UN,,,,,85183000,2890010500014,N
2890010730015,VEDANTE P/TORNEIRA PVC 1/2 3/4,1,1,1,0.9,0.24,0.27,79,0,UN,,,,,39269090,2890010730015,N
2890010740014,MASSA PLASTICA IBERE CINZA 400G,18.5,18.5,18,17.5,10.74,15.45,1,6,UN,,,,,32141010,2890010740014,N
2890010770011,BRACO P/CHUVEIRO LORENZETTI BRANCO 30CM,25,25,0,0,15.92,0,0,0,UN,,,,,85183000,2890010770011,N
2890010900012,CHAVE TRAMONTINA PHILIPS 1/8 X 6,6.9,6.9,7.5,8,3.69,3.69,0,0,UN,,,,,85183000,2890010900012,N
2890011080010,JAN ALUM 1X1 C/GRADE,339,339,320,320,236.07,0,-2,0,UN,,,,,76101000,2890011080010,N
2890011120013,"LAVANDERIA 1,00 DUPLA FIBRA",119.9,119.9,117,115,71.25,0,-28,0,UN,,,,,63025300,2890011120013,N
2890011320017,SUPORTE P/MANGUEIRA TRAMONTINA PAREDE,15,15,0,0,10.23,10.23,0,0,UN,,,,,39259090,2890011320017,N
2890011420014,CAVADOR RETO TRAMONTINA S/CABO,39.5,39.5,39,38,22.71,22.71,3,1,UN,,,,,82019000,2890011420014,N
2890011440012,TINTA CORALAR 3.6 GL,68,68,65,65,26.9,3,0,2,UN,,,,,32091010,2890011440012,N
2890011470019,CURVA ESG 100MM,26,26,25,25,12,0,-4,3,UN,,DIVERSOS,CONEXOES,ESGOTO,39174090,2890011470019,N
2890011480018,"MASSA CORRIDA ACRILICA CORAL 3,6LTS",39,39,0,0,24.9,0,0,0,UN,,,,,32141020,2890011480018,N
2890011490017,"MASSA CORRIDA ACRILICA LUX GL 5,4KG",29.99,29.99,0,0,18,0,0,0,UN,,,,,32141020,2890011490017,N
2890011560017,CABO P/MARTELO 35CM,7,7,7,7,3.13,2.76,3,0,UN,,,,,44170090,2890011560017,N
2890011570016,PORTA MAC 60 ALMOFADA,530,530,0,0,340,0,0,0,UN,,,,,85183000,2890011570016,N
2890011580015,FLANGE 40MM,21,21,20,20,11.27,11.27,-2,4,UN,,DIVERSOS,CONEXOES,AGUA,39174090,2890011580015,N
2890011630017,CORRENTE 5MM,21,21,20,19,8.87,8.87,7.2,0,UN,,,,,73158200,2890011630017,N
2890011650015,DISCO DESBASTE P/FERRO NORTON 71/4X7/8,18,18,0,0,7,0,0,0,UN,,,,,85183000,2890011650015,N
2890011700017,ESCOVA ACO S / CABO,17.5,17.5,17,16.5,9.61,11.12,11,0,UN,,,,,96039000,2890011700017,N
2890011710016,PORTA MISTA C/PORTILHO 2,178,178,0,0,0,0,0,0,UN,,,,,85183000,2890011710016,N
2890011770010,PLUG TRAMONTINA FEMEA UNIVERSAL,3.5,3.5,0,0,1.63,0,0,0,UN,,,,,85183000,2890011770010,N
2890011790018,PLUG TRAMONTINA MACHO UNIV CORES 14136,3,3,0,0,1.42,0,0,0,UN,,,,,85183000,2890011790018,N
2890011810013,K-OTHRINE SC-25 30ML,19,19,19,19,11.65,10.51,14,0,UN,,,,,38086100,2890011810013,N
2890011830011,BROCA ACO RAPIDO 7/64 IRWIN,7.9,7.9,7.5,7.5,3.35,0,1,0,UN,,,,,82075011,2890011830011,N
2890011840010,"BROCA ACO RAPIDO 7/32""",6,6,5.8,5.5,2.49,0,-3,0,UN,,,,,82075011,2890011840010,N
2890011850019,"BROCA ACO RAPIDO 15/64""",7.5,7.5,7,6.5,2.98,0,-6,0,UN,,,,,82075011,2890011850019,N
2890011860018,"BROCA ACO RAPIDO 9/32"" 8 IRWIN",14,14,0,0,7.35,0,-4,0,UN,,,,,82075011,2890011860018,N
2890011870017,"BROCA ACO RAPIDO 7/16"" 12MM",25,25,0,0,10.4,0,0,0,UN,,,,,82075011,2890011870017,N
2890011890015,"BROCA ACO RAPIDO 5 / 64"" 1,5MM",6.5,6.5,0,0,3.05,0,-1,0,UN,,,,,82075011,2890011890015,N
2890011900011,PORTA CADEADO LIDER 31/2,14.5,14.5,14.5,14.5,8.35,7.55,4,0,UN,,,,,83021000,2890011900011,N
2890011910010,"BROCA ACO RAPIDO 1/2"" 12.5MM",26.2,26.2,0,0,12.42,0,0,0,UN,,,,,82075011,2890011910010,N
2890011920019,"BROCA ACO RAPIDO 23/64"" 10,5MM",15.7,15.7,0,0,7.11,0,0,0,UN,,,,,82075011,2890011920019,N
2890011930018,"BROCA ACO RAPIDO 11/32"" 10 IRWIN",15,15,14,13,7.15,7.15,-3,0,UN,,,,,82075011,2890011930018,N
2890011940017,"BROCA ACO RAPIDO 21/64"" 9,5MM",14.5,14.5,0,0,8.76,0,0,0,UN,,,,,82075011,2890011940017,N
2890011980013,JOELHO ESGOTO 100MM,7.5,7.5,7.5,7.5,3.5,0,-97,6,UN,,DIVERSOS,CONEXOES,ESGOTO,39174090,2890011980013,N
2890012020015,TINTA PINTALAR VINIL ACRILICO GL,49,49,47,47,31.68,0,-10,0,UN,,,,,32091010,2890012020015,N
2890012050012,FECH STAM 701/100 PORTAO PRETA,88,88,85,83,47.22,52.46,45,0,UN,,,,,83014000,2890012050012,N
2890012090018,FECH STAM 813/03 INT INOX,40,40,0,0,18.18,0,0,0,UN,,,,,85183000,2890012090018,N
2890012120012,FECH STAM 823/03 OXIDADO WC,47,47,0,0,21.18,0,0,0,UN,,,,,85183000,2890012120012,N
2890012150019,FECH STAM 823/10 INT INOX,0.2,0.2,0,0,0,0,0,0,UN,,,,,85183000,2890012150019,N
2890012160018,FECH STAM 823/10 RQ1 ESCOVADO WC BANHEIRO,62,62,0,0,39.18,0,0,0,UN,,,,,85183000,2890012160018,N
2890012190015,FECH STAM 803/04 FX COLONIAL EXT,172,172,165,162,96.94,74.47,1,0,UN,,,,,83014000,2890012190015,N
2890012200011,FECH STAM 803/25 RQ1 INOX,88,88,0,0,40.63,0,0,0,UN,,,,,85183000,2890012200011,N
2890012220019,FECH STAM 824/03 ESP INOX WC BANHEIRO,45,45,0,0,25.67,0,0,0,UN,,,,,85183000,2890012220019,N
2890012300018,CIMENTO (KILO),2,2,1.8,1.8,0.35,0,-247,0,UN,,,,,25232910,2890012300018,N
2890012320016,CURVA SOLDAVEL 40MM,17.99,17.99,17.99,17.99,5.83,0,0,5,UN,,DIVERSOS,CONEXOES,AGUA,39174090,2890012320016,N
2890012340014,CURVA SOLDAVEL 60MM,30,30,32,33,11.9,0,0,3,UN,,DIVERSOS,CONEXOES,AGUA,39174090,2890012340014,N
2890012450010,REJUNTE QUARTZOLIT MARFIM,12,12,0,0,6,0,-1,4,UN,,,,,32149000,2890012450010,N
2890012580014,SOLEI MAR BR 75X15,32,32,31,31,19.13,0,-3,0,UN,,,,,68022100,2890012580014,N
2890012590013,SOLEI MAR BR 85X15,36.9,36.9,35,35,21.68,0,-3,0,UN,,,,,68022100,2890012590013,N
2890012600019,SOLEI MAR BR 105X13,34,34,33,33,17.02,0,-1,0,UN,,,,,68022100,2890012600019,N
2890012620017,SOLEI MAR BR 105X15,46,46,45,45,26.78,0,-1,0,UN,,,,,68022100,2890012620017,N
2890012630016,SOLEI MAR BR 125X15,53.9,53.9,53,52,31.88,0,-4,0,UN,,,,,68022100,2890012630016,N
2890012760010,FILETE G VERDE 1.20,43,43,0,0,27,0,0,0,UN,,,,,85183000,2890012760010,N
2890012770019,FILETE G VERDE 1.10,42,42,0,0,24.75,0,0,0,UN,,,,,85183000,2890012770019,N
2890012780018,FILETE G VERDE 0.90,32,32,0,0,20.25,0,0,0,UN,,,,,85183000,2890012780018,N
2890012870016,PEITORIL MARM 1.65X18,70,70,0,0,0,0,0,0,UN,,,,,85183000,2890012870016,N
2890012940016,PEITORIL G VER 165X18,119,119,0,0,0,0,0,0,UN,,,,,85183000,2890012940016,N
2890012970013,PEITORIL G VER 85X17,62,62,60,60,37.1,0,-3,0,UN,,,,,85183000,2890012970013,N
2890012980012,PEITORIL G VER1.05X17,78,78,76,75,45.83,0,-5,0,UN,,,,,85183000,2890012980012,N
2890013030013,TINTA SPRAY TEKBOND AZUL,21,21,20,20,11.85,15.35,6,1,UN,,,,,32091010,2890013030013,N
2890013060010,TINTA SPRAY COLORGIN BRANCO ALTA,28.9,28.9,0,0,14.91,0,-1,1,UN,,,,,32091010,2890013060010,N
2890013090017,MANGUEIRA CORRUGADA VERDE 1/2 C/25MT,29,29,0,0,0,0,0,0,UN,,,,,85183000,2890013090017,N
2890013190014,PORTA SANF 80 BRANCA/CINZA,159,159,155,155,96.74,66.1,2,0,UN,,,,,39252000,2890013190014,N
2890013210019,PORTA SANF 70 BRANCA,135,135,130,130,82.19,0,-24,0,UN,,,,,39252000,2890013210019,N
2890013260014,FERRO 5.0MM VG C/12M,19.99,19.99,19.99,19.99,12,0,0,0,UN,,,,,73089010,2890013260014,N
2890013270013,FERROLHO CHATO FLO 4,18,18,0,0,0,0,0,0,UN,,,,,85183000,2890013270013,N
2890013310016,FERROLHO CHATO GALVANIZADO 3,10.5,10.5,10,10,5.82,5.82,3,0,UN,,,,,85183000,2890013310016,N
2890013320015,JOELHO ROSCA BRANCA 1 1/2,9.5,9.5,10,11,6.05,0,0,3,UN,,DIVERSOS,CONEXOES,AGUA,39174090,2890013320015,N
2890013330014,CAP ROSCA BRANCA 1/2,2,2,2.5,3,0.5,0,-8,5,UN,,,,,85183000,2890013330014,N
2890013430011,ANEL BORRA ESG40MM,1.5,1.5,1.4,1.4,0.48,0,0,0,UN,,,,,40169300,2890013430011,N
2890013450019,ANEL BORRA ESG50MM,1.8,1.8,1.7,1.7,0.72,0.72,-6,0,UN,,,,,40169300,2890013450019,N
2890013460018,ANEL BORRA ESG75MM,1.8,1.8,1.7,1.3,0.5,0.5,-10,0,UN,,,,,40169300,2890013460018,N
2890013530018,ARENOSO,98,98,89,89,59,0,0,0,M3,,,,,25059000,2890013530018,N
2890013540017,BRITA CARTAO,115,115,0,0,0,0,0,0,M3,,,,,85183000,2890013540017,N
2890013550016,BROCA CONCRETO IRWIN 8MM,15,15,15,14.5,8.37,94.72,-8,0,M3,,,,,82075011,2890013550016,N
2890013570014,TELHA ETERNIT 2.44 X 0.50,24.5,24.5,22.99,22.99,18,0,-1388,0,UN,,,,,68118200,2890013570014,N
2890013580013,TINTA LUX COLORIR 15L,175,175,168,165,123,0,-1,2,UN,,,,,32091010,2890013580013,N
2890013590012,BLOCO GRANDE SERGIPANO,1.3,1.3,1.15,1.15,0.7,0,-66594,0,UN,,,,,68101100,2890013590012,N
2890013610017,ARENOSO LATA,3,3,0,0,0,0,0,0,UN,,,,,25059000,2890013610017,N
2890013620016,MANGUEIRA P/GAS 1.25M NBR,14.9,14.9,14.5,14,8.2,8.2,2,0,UN,,,,,85183000,2890013620016,N
2890013650013,ADAPT P/FILTRO OLIVEIRA C-33,49.9,49.9,48,48,27.9,0,-3,0,UN,,,,,84818019,2890013650013,N
2890013720013,CORPO  SIFONADO CIL BR 100X4,8.5,8.5,0,0,0,0,0,0,UN,,,,,85183000,2890013720013,N
2890013890013,TINTA MULTICORES/DECOR LATEX GL,23,23,0,0,9,0,0,0,UN,,,,,32091010,2890013890013,N
2890013900019,RASPADOR REJUNTE C/2LAMINAS CORTAG,35,35,0,0,22.86,0,0,0,UN,,,,,82055900,2890013900019,N
2890013930016,LUVA MAO PANO PIGM BRANCA,5.5,5.5,5,4.5,2.45,0,-18,6,UN,,,,,61169900,2890013930016,N
2890013940015,LUVA MAO PLASTICA AMARELA,5.5,5.5,5.5,5.5,2.81,3.47,0,1,UN,,,,,40151900,2890013940015,N
2890013950014,BROCA CHATA 5/8,10.9,10.9,10.5,10,4.88,0,2,0,UN,,,,,82075011,2890013950014,N
2890014020013,ALICATE UNIVERSAL TRAMONTINA 8,38.5,38.5,38,38,25.36,16.06,-2,1,UN,,,,,82032010,2890014020013,N
2890014030012,CHAVE TRAMONTINA PHILIPS 1/4X8,12.9,12.9,12.9,12.9,7.17,0,-11,0,UN,,,,,82054000,2890014030012,N
2890014040011,CHAVE TRAMONTINA PHILIPS 3/16 X 5,7.5,7.5,0,0,4.21,0,-2,0,UN,,,,,85183000,2890014040011,N
2890014290010,"CURVA ELETRODUTO ROSCA 1/2 "" 90",3,3,3.2,3.8,281.2,0,0,6,UN,,DIVERSOS,CONEXOES,ELETRODUTO,39174090,2890014290010,N
2890014300016,TE ROSCA BRANCA 1/2,5.5,5.5,5,5,3.11,4.73,45,5,UN,,DIVERSOS,CONEXOES,AGUA,39174090,2890014300016,N
2890014320014,DUREPOXI 50G,7.9,7.9,7.9,7.9,4.79,7.86,67,12,UN,,,,,32141010,2890014320014,N
2890014340012,RIPAO PINHOC/3,6.5,6.5,0,0,0,0,-64,0,UN,,,,,44079990,2890014340012,N
7893858813211,FECH STAM 813/02 INT INOX,54.9,54.9,0,0,29.3,0,0,0,UN,,,,,85183000,7893858813211,N
2890014400013,FECH STAM 813/02 INT OXIDADO,87,87,83,82,49.33,40.61,0,0,UN,,,,,83014000,2890014400013,N
2890014490014,CURVA ESG 50MM,12.9,12.9,12.9,13,4.69,0,-11,3,UN,,DIVERSOS,CONEXOES,ESGOTO,39174090,2890014490014,N
2890014570013,CHAVE BOCA FIXA 16X17,9,9,0,0,5.4,0,-3,0,UN,,,,,85183000,2890014570013,N
2890014620015,MANGUEIRA MAQ DE LAVAR SAIDA 1.40M,12,12,12,12,6.32,0,-3,0,UN,,,,,39173100,2890014620015,N
2890014860015,CURVA ESG LONGA 50MM,11,11,12,13,4.84,0,0,3,UN,,DIVERSOS,CONEXOES,ESGOTO,39174090,2890014860015,N
2890014890012,ESCADA ALUMINIO 05 DEGRAUS,186,186,184,182,126.04,149.71,-2,0,UN,,,,,76169900,2890014890012,N
2890014920016,JAN ALUM 1X1.20SB,225,225,210,210,136.01,0,-5,1,UN,,,,,76101000,2890014920016,N
2890014960012,SABONETEIRA OLIVEIRA METAL,16.9,16.9,16.5,16.5,8.98,0,-11,0,UN,,,,,76152000,2890014960012,N
2890015020012,CHAVE DE FENDA 3/16 X 6,8.5,8.5,9,9.5,4.81,5.87,-4,0,UN,,,,,82054000,2890015020012,N
2890015030011,BLOCO CIMENTO 19X19X39,2.5,2.5,0,0,2,0,0,0,UN,,,,,68101100,2890015030011,N
2890015080016,"BALCAO G VERD 1,50",169,169,0,0,130,0,-1,0,UN,,,,,85183000,2890015080016,N
2890015090015,VEDA PORTA 80CM ALUMINIO,14.5,14.5,14,14,7.26,14.57,8,0,UN,,,,,76042919,2890015090015,N
2890015200018,SERRA CIRCULAR ECCOFER,310,310,0,0,0,0,0,0,UN,,,,,85183000,2890015200018,N
2890015300015,SIFAO SANF BLUKIT DUPLO,21,21,20,20,11.01,0,-6,0,UN,,,,,39174090,2890015300015,N
2890015320013,KIT MEBUKI SLIM CROMADO,35,35,0,0,21.24,0,0,0,UN,,,,,85183000,2890015320013,N
2890015370018,GARLOPA DE MADEIRA,7.5,7.5,8,8.5,4.3,0,0,2,UN,,,,,82053000,2890015370018,N
2890015470015,REMOVEDOR ROYALFIX PASTOSO 1KG,56.9,56.9,55,55,32.61,47.35,9,0,UN,,,,,38140090,2890015470015,N
2890015500019,LAVATORIO DECA C/COL RAV/IZY L915 CINZA,199.99,199.99,199.99,190,0,0,-1,0,UN,,,,,85183000,2890015500019,N
2890015530016,CALHA AMANCO (SUPORTE ALUMINIO),15.5,15.5,0,0,8,0,-92,0,UN,,DIVERSOS,CONEXOES,CALHA,85183000,2890015530016,N
2890015570012,DOBRADICA P/PORTAO FLO CHUMBAR/SOBREPOR,76.9,76.9,75,73,49.62,44.83,6,0,UN,,,,,83021000,2890015570012,N
2890015590010,LIMA P/SERROTE KF,23,23,22,21,12.06,19.17,22,4,UN,,,,,82031010,2890015590010,N
2890015730010,"BROCA ACO RAPIDO 3/8"" 11MM IRWIN",22,22,0,0,11.95,0,-2,0,UN,,,,,82075011,2890015730010,N
2890015750018,FERROLHO CHATO REFORCADO 3,13,13,0,0,1.57,0,0,0,UN,,,,,85183000,2890015750018,N
2890015840016,REJUNTE VOTOMASSA PRETO,9.9,9.9,9.9,9.9,3.8,0,-34,6,UN,,,,,32149000,2890015840016,N
2890015850015,BLOCO CIMENTO 14CM ESTRUTURAL,3,3,0,0,0,0,0,0,UN,,,,,85183000,2890015850015,N
2890015930014,"ABRACAD NYLON 400X7,6",1.5,1.5,1.4,0.58,0.36,0.32,-112,0,UN,,,,,39269090,2890015930014,N
2890015950012,DESENTUPIDOR FURACAO NEGRO,26,26,25,25,15.83,0,-126,6,UN,,,,,28151200,2890015950012,N
2890016090014,CAIXA LUZ TIGRE PVC PRETA 4X2,2.6,2.6,2.5,2.5,1.42,1.21,22,0,UN,,,,,39259090,2890016090014,N
2890016120018,PORTA AL 70 TODA VENEZIANA LIDER,495,495,490,485,350,0,-14,0,UN,,,,,76101000,2890016120018,N
2890016160014,TUBO ELET SOLD 50MM,14,14,0,0,0,0,0,0,UN,,,,,39172300,2890016160014,N
2890016180012,FECH STAM 803/02 FX ESP GRAFITE EXT,109,109,105,100,61.83,64.6,6,0,UN,,,,,83014000,2890016180012,N
2890016350019,LAMPADA NITROLUX HOLOGENA 42W,4.5,4.5,4.8,5,2.47,0,-16,0,UN,,,,,85392190,2890016350019,N
2890016370017,"BROCA ACO RAPIDO 13/64"" 5,5 MM IRWIN",6.5,6.5,0,0,3.38,0,-3,0,UN,,,,,82075011,2890016370017,N
2890016410010,"BROCA CHATA 1/4""",9.5,9.5,9,8.5,3.88,3.88,-1,0,UN,,,,,82075011,2890016410010,N
2890016420019,"BROCA CHATA 3/8""",10,10,9.5,9,4.29,4.29,0,0,UN,,,,,82075011,2890016420019,N
2890016490012,VARAO CORTINA BRANCO C/3MTS GROSSO,54,54,52,50,30.28,39.53,-2,0,UN,,,,,83025000,2890016490012,N
2890016600015,"BANCA G VERDE 1,00X0,55",355,355,350,350,0,0,-1,0,UN,,,,,85183000,2890016600015,N
2890016670018,PORTA SHAMPOO DURIN BELLART BRANCO,42,42,0,0,24.95,0,0,0,UN,,,,,85183000,2890016670018,N
2890016850014,VASSOURA REGULAVEL TRAMONTINA 22D DE GRAMA,52,52,50,50,29.33,18.41,-1,0,UN,,,,,82013000,2890016850014,N
2890016900016,DISCO P/MAQ THOMPSON LISO/SEGMENTADO,17,17,16.5,16,8.14,11.99,13,0,UN,,,,,68042119,2890016900016,N
2890016930013,LUVA MAO PLASTICA MUCAMBO VERDE,8,8,0,0,4.43,0,0,1,UN,,,,,85183000,2890016930013,N
2890016940012,CUPINICIDA JIMO 500ML INCOLOR,43.9,43.9,43,43,24.52,24.52,6,1,UN,,,,,38089192,2890016940012,N
2890017020010,PINO MACHO 10A ILUMI 2P+T,6.5,6.5,0,0,3.15,3.95,23,0,UN,,,,,85183000,2890017020010,N
2890017050017,BUCHA RED PVC 40X20MM,5,5,0,0,0,0,0,0,UN,,,,,39174090,2890017050017,N
2890017060016,BUCHA RED PVC 40X25MM,4.5,4.5,0,0,1.29,0,0,0,UN,,,,,39174090,2890017060016,N
2890017080014,BUCHA RED PVC 50X20MM,7,7,0,0,101.1,0,0,0,UN,,,,,39174090,2890017080014,N
2890017090013,LUVA LL RED 50X32,7,7,7,7,2.39,2.23,0,0,UN,,,,,39174090,2890017090013,N
2890017190010,ANEL VED THOMPSON C/GUIA LAVANDA,12,12,11,10,4.97,0,-2,0,UN,,,,,40069000,2890017190010,N
2890017230013,CARRO METALOSA GALVANIZADO,165,165,160,160,96.84,176.53,14,0,UN,,,,,87168000,2890017230013,N
2890017270019,MATA BARATA K-OTHRINE GEL,22,22,22,21,11.07,13.64,8,3,UN,,,,,38089119,2890017270019,N
2890017320011,ELETRODO 100G 6013 2.50,4.9,4.9,3.5,3.3,1.96,1.67,72.2,0,GR,,,,,83111000,2890017320011,N
2890017340019,EXTENSAO GARRA 5M  2P+T,29.9,29.9,29.9,29.9,18.76,30.04,21,0,UN,,,,,85444900,2890017340019,N
2890017350018,CACHIMBO P/TV COAXIAL,1,1,0,0,0.3,0,0,0,UN,,,,,85183000,2890017350018,N
2890017390014,REG P/GAS IMAR S/MANGUEIRA,31,31,31,30,16.99,26.2,44,0,UN,,,,,84811000,2890017390014,N
2890017400010,TORN HERC C/CHUVEIRO 1159X1/2,11,11,0,0,6.27,6.8,34,0,UN,,,,,84818019,2890017400010,N
2890017430017,CHAVE TRAMONTINA PHILIPS 5/16X8,6.5,6.5,0,0,0,0,0,0,UN,,,,,85183000,2890017430017,N
2890017500017,DESEMPOLADEIRA MADEIRA 12X20,10,10,0,0,5.75,0,0,0,UN,,,,,85183000,2890017500017,N
2890017540013,CHAVE BIELA 17MM,36,36,35,34,17.96,17.96,-1,0,UN,,,,,82041100,2890017540013,N
2890017570010,JAN ALUM 1X1CB,349,349,335,330,233,0,0,0,UN,,,,,76101000,2890017570010,N
2890017590018,VELA P/FILTRO HIDROFILTROS UNIVERSAL,18.5,18.5,18,18,10.14,13.75,13,0,UN,,,,,84212100,2890017590018,N
2890017650019,CHAVE BIELA 13MM,30.9,30.9,30,28,15.89,0,0,0,UN,,,,,82041100,2890017650019,N
2890017720019,AUTOMATICO BOIA SUP/INF 25AMP,57.9,57.9,57,56,27.11,47.95,11,1,UN,,,,,90261029,2890017720019,N
2890017760015,CAIXA CORREIO PVC GRADE AMARELA,32,32,31,30,17.38,29.97,6,2,UN,,,,,39259090,2890017760015,N
2890017770014,FECH STAM1500/06COL FX ZAMAK,120,120,0,0,77.13,0,0,0,UN,,,,,85183000,2890017770014,N
2890017780013,FECH STAM 813/03 INT GRAFITE,5,5,0,0,1521.15,0,0,0,UN,,,,,85183000,2890017780013,N
2890017790012,FECH STAM 805/23 OXID,85,85,0,0,45.34,0,0,0,UN,,,,,85183000,2890017790012,N
2890017800018,FECH STAM 823/03 RQ1 ESCOVADO WC BANHEIRO,55,55,0,0,34.55,0,-1,0,UN,,,,,85183000,2890017800018,N
2890017950010,FILETE G VERDE 1.45,69,69,68,67,38.88,0,-3,0,UN,,,,,85183000,2890017950010,N
2890017960019,FILETE G VERDE 1.65,75,75,0,0,40.45,0,-1,0,UN,,,,,85183000,2890017960019,N
2890018280017,CAIXA FORTLEV 250LTS,275,275,270,270,140,0,-7,0,UN,,,,,39251000,2890018280017,N
2890018290016,CAIXA FORTLEV 750LTS,400,400,0,0,270,0,0,0,UN,,,,,39251000,2890018290016,N
2890018380014,BROCA CHATA TRAMONTINA 1/2,5,5,0,0,2.56,0,0,0,UN,,,,,82075011,2890018380014,N
2890018440015,COLAR TOMADA 50 X 3/4,24.9,24.9,24,24,14.5,12.23,10,0,UN,,,,,39174090,2890018440015,N
2890018550011,FILETE MARMORE 1.30,40,40,0,0,17.55,0,0,0,UN,,,,,85183000,2890018550011,N
2890018560010,FILETE MARMORE 1.45,59,59,58,57,33.93,0,-1,0,UN,,,,,85183000,2890018560010,N
2890018570019,FILETE MARMORE 1.50,48,48,0,0,20.25,0,0,0,UN,,,,,85183000,2890018570019,N
2890018620011,FIO PARALELO 2X4.00MM2,9.5,9.5,0,0,6,0,0,0,MT,,,,,85183000,2890018620011,N
2890018670016,TINTA ESM EUCALAR 900ML AMARELO,33,33,33,33,22.5,0,-2,1,UN,,,,,32089010,2890018670016,N
2890018750015,JAN ALUM 1X80 C/GRADE,289,289,280,280,187.85,0,-3,0,UN,,,,,76101000,2890018750015,N
2890018780012,GATILHO P/DUCHA OLIVEIRA ABS CROMADO,18.9,18.9,18,17.5,8.95,0,-9,0,UN,,,,,84818019,2890018780012,N
2890018850012,FECH SILVANA CAIXAO 930X2,19.9,19.9,19,19,10.9,8.58,5,0,UN,,,,,83014000,2890018850012,N
2890018890018,TALHADEIRA SAO ROMAO CHATA 10,18.8,18.8,18.5,18,10.11,0,-3,0,UN,,,,,82079000,2890018890018,N
2890018940010,PARAFUSO S-6,0.4,0.4,0,0,0,0,-1570,0,UN,,,,,73181500,2890018940010,N
2890018960018,MARTELO TRAMONTINA 25MM,43.9,43.9,43,42,26.2,26.19,3,2,UN,,,,,82052000,2890018960018,N
2890018970017,FORMAO 5/8,23.9,23.9,23,23,13.15,20.82,12,0,UN,,,,,82053000,2890018970017,N
2890018980016,CALHA TIGRE DN-125 C/3M,199,199,199,199,134.84,121.48,9,0,UN,,DIVERSOS,CONEXOES,CALHA,39174090,2890018980016,N
2890018990015,CALHA TIGRE CONDUTOR,159,159,150,150,104.68,94.31,5,0,UN,,DIVERSOS,CONEXOES,CALHA,39174090,2890018990015,N
2890019000010,CALHA TIGRE BOCAL DN-125X88,69.99,69.99,69.99,69.99,46.93,42.28,3,0,UN,,DIVERSOS,CONEXOES,CALHA,39174090,2890019000010,N
2890019030017,CALHA TIGRE JOELHO 90,28,28,27,27,18.85,16.99,3,2,UN,,DIVERSOS,CONEXOES,CALHA,39174090,2890019030017,N
2890019060014,LIXA MASSA 120,1.3,1.3,0,0,0.45,0.44,349,0,UN,,,,,68051000,2890019060014,N
2890019070013,SERROTE 16 MAX BRONZE,28.5,28.5,0,0,17.4,0,0,0,UN,,,,,85183000,2890019070013,N
2890019100017,BROXA RETANGULAR CONDOR 180X75 930,12,12,12,11,5.93,7.61,15,0,UN,,,,,96034090,2890019100017,N
2890019230011,TORN HERC PLAST C/ALAVANCA 1113,9.9,9.9,9.5,9,4.18,6.02,68,0,UN,,,,,84818019,2890019230011,N
2890019280016,TINTA SPRAY TEKBOND ALUMINIO,22.5,22.5,22.5,22,10.59,0,0,1,PC,,,,,32091010,2890019280016,N
2890019300011,TELA PINTEIRO GALV 1X1.0M,9.9,9.9,9.5,9.5,6,6.51,-26,0,MT,,,,,73144100,2890019300011,N
2890019370014,EXTENSAO NATICON 5M 2P+T,35.9,35.9,35,34,22.26,0,4,0,UN,,,,,85444900,2890019370014,N
2890019390012,ABRACADEIRA + SOQUETE LAMP TUBULAR,3.5,3.5,3.5,3.5,1.99,0,0,0,UN,,,,,85183000,2890019390012,N
2890019440014,ESTRIB0 7 X 27,1.55,1.55,0,0,0.32,0,0,0,UN,,,,,85183000,2890019440014,N
2890019480010,JANTE P/CARRO MAO 8X1,38,38,37,37,22.75,26.17,7,0,UN,,,,,87169090,2890019480010,N
2890019520013,VASELINA SOLIDA POTE 100G,7.5,7.5,0,0,4.09,0,-1,0,UN,,,,,85183000,2890019520013,N
2890019620010,LAVATORIO ICASA C/COLUNA SABARA BRANCA,199,199,0,0,140,0,-1,0,UN,,,,,85183000,2890019620010,N
2890019630019,CABO P/MACHADO,19.9,19.9,19.9,19.9,11.24,11.24,6,0,UN,,,,,44170010,2890019630019,N
2890019650017,CONECTOR PORCELANA TRIP 10MM FOXLUX,6,6,6.5,7,3.02,3.02,-9,4,UN,,,,,85369010,2890019650017,N
2890019660016,BROCA SDS IRWIN 8MM,19.9,19.9,19,19,9.03,9.03,3,0,UN,,,,,82075011,2890019660016,N
2890019690013,CAIXA P/AR FIBRA 7500 BTUS,225,225,0,0,119,0,-1,0,UN,,,,,85183000,2890019690013,N
2890019730016,DESCARGA ASTRA ACOPL FECHAMENTO KF160 KFU,29.9,29.9,0,0,11.22,0,0,0,UN,,,,,85183000,2890019730016,N
2890019750014,BOTAO FRANCES,1.8,1.8,1.8,1.8,0.61,0,-39,0,UN,,,,,83024100,2890019750014,N
2890019830013,FECH STAM 804/02 FX OXIDADO,59.9,59.9,0,0,40.63,0,0,0,UN,,,,,85183000,2890019830013,N
2890019870019,TOMADA DICOMPEL TELEBRAS,8,8,0,0,1.29,0,0,0,UN,,,,,85183000,2890019870019,N
2890019890017,DOBRADICA PORTAO P/CHUMBAR SILVANA,15.9,15.9,15,14,7.6,7.6,-1,0,UN,,,,,83021000,2890019890017,N
2890020190014,MANGUEIRA  MULTIUSO,8.8,8.8,8.5,8,4.39,0,-5.85,0,UN,,,,,39173900,2890020190014,N
2890020200010,RODAFORRO U,10,10,0,0,0,0,0,0,UN,,,,,85183000,2890020200010,N
2890020220018,VELA P/FILTRO OLIVEIRA CARVAO ATIVADO,19.9,19.9,19,19,11,0,-9,0,UN,,,,,84212100,2890020220018,N
2890020270013,DOBRADICA FG 1 1/2 CARTELA C/2,6.5,6.5,6.5,6.5,3.26,3.26,11,0,UN,,,,,85183000,2890020270013,N
2890020280012,DOBRADICA FG 3 X 2 CARTELA C/3,13.9,13.9,13.5,13,6.62,3.77,3,0,UN,,,,,83021000,2890020280012,N
2890020290011,DOBRADICA FLO S/ANEL 1 1/2 CART C/2,6.5,6.5,0,0,0,0,-7,0,UN,,,,,85183000,2890020290011,N
2890020300017,DOBRADICA FLO S/ANEL 2 CART C/2,8.5,8.5,0,0,0,0,-2,0,UN,,,,,85183000,2890020300017,N
2890020380019,FERROLHO CHATO GALVANIZADO 4,12.9,12.9,12.5,12,6.98,6.98,5,0,UN,,,,,85183000,2890020380019,N
2890020400014,JAN MISTA1.2X84RETA ALMOF/ALMOF,140,140,0,0,90,0,0,0,UN,,,,,85183000,2890020400014,N
2890020420012,LAVATORIO PLASTICO HERC,29.9,29.9,29,29,17.93,34.63,10,0,UN,,,,,39259090,2890020420012,N
2890020520019,SELADORA MAD EUCATEX 1/4 900ML,42,42,40,39,23.3,15.43,5,1,UN,,,,,32089029,2890020520019,N
2890020630015,OLEO LINHACA NATURAL 900ML,26,26,26,26,16.9,10.14,0,0,UN,,,,,27079990,2890020630015,N
2890020680010,LAVATORIO DECA C/COL RAV/IZY L915 BRANCO,205,205,0,0,130,0,-1,0,UN,,,,,85183000,2890020680010,N
2890020690019,JAN MISTA1.1X74 2FOLHAS,93,93,0,0,66,0,0,0,UN,,,,,85183000,2890020690019,N
2890020700015,PORTA MISTA DOCERIO 0.80X2.10 ALMOFADA,120,120,0,0,0,0,0,0,UN,,,,,85183000,2890020700015,N
2890020730012,JOELHO ROSCA BRANCO 1 1/4,11,11,12,13,0,0,0,3,UN,,DIVERSOS,CONEXOES,AGUA,39174090,2890020730012,N
2890020800012,"VERNIZ IQUINE 3,6L COPAL",95,95,0,0,32.91,0,0,1,UN,,,,,32091020,2890020800012,N
2890020830019,VERNIZ IQUINE 900ML COPAL,38,38,37,37,26.16,0,-1,0,UN,,,,,32081020,2890020830019,N
2890020880014,COLA PULVITEC P/MADEIRA 250G,6,6,0,0,3.68,0,-9,0,UN,,,,,85183000,2890020880014,N
2890020930016,ADAPTADOR P/MAQ LAVAR ASTRA,17.5,17.5,16.5,16,8.54,0,-1,0,UN,,,,,69109000,2890020930016,N
2890020970012,FILETE G VERDE 1.25,59,59,57,57,34.87,0,-3,0,UN,,,,,85183000,2890020970012,N
2890021020013,FECH SILVANA P/PORTAO 925,116,116,115,114,78.06,0.62,-1,1,UN,,,,,83014000,2890021020013,N
2890021040011,GARFO P/ROLO,7.5,7.5,7,6.5,3.57,1.3,380,0,UN,,,,,73269090,2890021040011,N
2890021060019,FECH STAM 1801/12 OXIDADO FX,57,57,0,0,35.19,0,0,0,UN,,,,,83014000,2890021060019,N
2890021080017,CAIXA DESCARGA ASTRA BR,52.9,52.9,52,52,34.9,34.9,4,0,UN,,,,,39229000,2890021080017,N
2890021090016,DISCO P/MAQ NORTON CLASSIC SEGMENTADO,21,21,20,20,10.9,0,-10,6,UN,,,,,68042119,2890021090016,N
2890021100012,SOLVENTE 900ML THINNER,22.9,22.9,22,21,11.92,16.87,21,0,UN,,,,,38140010,2890021100012,N
2890021270012,"MASSA CORRIDA ACRILICA IQUINE GL 5,4KG",36.99,36.99,0,0,0,0,0,0,UN,,,,,32141020,2890021270012,N
2890021600017,COLA PULVITEC 100G,4.5,4.5,0,0,2.33,0,0,0,UN,,,,,35061010,2890021600017,N
2890021610016,SILICONE 50G BISNAGA TEKBOND,8,8,7.5,7,3.13,4.53,162,10,UN,,,,,35061090,2890021610016,N
2890021620015,TORN HERC TANQUE 1120 10CM,6.5,6.5,6.5,6.5,3.6,3.37,5,0,UN,,,,,84818019,2890021620015,N
2890021630014,TORN HERC TANQUE 1124 1/2 15CM,9.5,9.5,10,10.5,4,3.37,34,0,UN,,,,,84818019,2890021630014,N
2890021640013,CARRO MAESTRO PRETO,155,155,150,150,99,0,-10,0,UN,,,,,87168000,2890021640013,N
2890021660011,BROCA ACO RAPIDO 1/8 THOMPS/CORTAG,4.5,4.5,4,4,2.53,3.58,55,0,UN,,,,,82075011,2890021660011,N
2890021690018,TRENA FAMASTIL 5M,17.9,17.9,17.5,17,8.94,5.7,-3,3,UN,,,,,90178010,2890021690018,N
2890021700014,ESQUICHO P/MANG TRAMONTINA,4,4,0,0,2.29,0,0,0,UN,,,,,85183000,2890021700014,N
2890021720012,SERROTE 16 TRAMONTINA,45,45,0,0,28.45,0,0,0,UN,,,,,85183000,2890021720012,N
2890021790015,"LUVA ELETRODUTO ROSCA 3/4""",2.2,2.2,2,1.8,1.08,1.08,39,12,UN,,DIVERSOS,CONEXOES,ELETRODUTO,39174090,2890021790015,N
2890021820019,FITA ISOLANTE 5M TIGRE,5.5,5.5,5.5,5.5,3.15,2.74,43,3,UN,,,,,39191020,2890021820019,N
2890021830018,FITA ISOLANTE 10M TIGRE,8.5,8.5,8.5,8.5,4.75,2.75,-7,4,UN,,,,,39191020,2890021830018,N
2890022000014,ZARCAO 900ML IQUINE GALVOMAX GALV BRANCO,65,65,63,63,44.38,0,-2,0,UN,,,,,32081010,2890022000014,N
2890022020012,VERNIZ EUCATEX 900ML COPAL,36,36,35,34,23.19,0,0,1,UN,,,,,32091020,2890022020012,N
2890022050019,MANGUEIRA CRISTAL 5/16 X 1,2.4,2.4,2.2,2,1.03,1.03,50,0,UN,,,,,39173229,2890022050019,N
2890022150016,"MANGUEIRA P/GAS 1,20M METAL",94,94,92,90,54.91,54.91,0,0,UN,,,,,39173900,2890022150016,N
2890022160015,CALHA TIGRE ESQUADRO EXT/INT,40,40,0,0,20,0,0,0,UN,,DIVERSOS,CONEXOES,CALHA,39174090,2890022160015,N
2890022390016,LAVATORIO DECA S/COL L12 17 BR 390X290X165MM,89,89,89,86,50,0,-7,0,UN,,,,,85183000,2890022390016,N
2890022420010,JOELHO SOLD LL 45 X 40MM,8.9,8.9,9.5,10,2.6,0,0,6,UN,,DIVERSOS,CONEXOES,AGUA,39174090,2890022420010,N
7893858403917,FECH STAM 803/33 EXT OXID,78,78,80,82,47.88,0,-1,0,UN,,,,,83014000,7893858403917,N
2890022770016,REBITE POP ALUMINIO 3.2X10,0.23,0.23,0.2,0.15,0.05,0.06,-127,0,UN,,,,,76161000,2890022770016,N
2890022780015,REBITE POP ALUMINIO 4 X 12,0.6,0.6,0,0,0,0,0,0,UN,,,,,85183000,2890022780015,N
2890022980019,DOBRADICA FG 3 1/2 X 2 CART C/3,15,15,0,0,2.92,0,-5,0,UN,,,,,85183000,2890022980019,N
2890022990018,DOBRADICA FLO S/ANEL 3 1/2 X 2 1/2 C/3,26,26,25,25,13.05,0,-3,0,UN,,,,,85183000,2890022990018,N
2890023020011,JAN ALUM1.20X1.20CB,429,429,0,0,0,0,0,0,UN,,,,,76101000,2890023020011,N
2890023120018,MANGUEIRA CORRUGADA VERDE 3/4 C/50MT,46,46,45,45,0,0,-25,0,UN,,,,,85183000,2890023120018,N
2890023190011,FECH STAM1800/08 KIT FX ESCOVADO,87,87,0,0,0,0,0,0,UN,,,,,85183000,2890023190011,N
2890023270010,TINTA DIAPISO VERMELHO 3.6 GL,78,78,0,0,33.25,0,-3,2,UN,,,,,32091010,2890023270010,N
2890023320012,"JOELHO ROSCA BRANCA 2""",34,34,35,36,0,0,0,2,UN,,DIVERSOS,CONEXOES,AGUA,39174090,2890023320012,N
2890023430018,PINCEL ATLAS 2 REF-820/2,3,3,0,0,1.54,0,0,0,UN,,,,,85183000,2890023430018,N
2890023440017,PINCEL ATLAS 20 REF-820/20,3,3,0,0,0,0,-3,0,UN,,,,,85183000,2890023440017,N
2890023450016,PINCEL ATLAS 4 REF-820/4,3.5,3.5,0,0,0,0,-1,0,UN,,,,,85183000,2890023450016,N
2890023470014,PINCEL ATLAS 8 REF-820/8,4,4,0,0,1.86,0,0,0,UN,,,,,85183000,2890023470014,N
2890023490012,OCULOS PROTECAO INCOLOR,10,10,9.5,9.5,5.7,8.25,32,0,UN,,,,,90049020,2890023490012,N
2890023760016,LUVA LR 25X1/2,2.5,2.5,2.8,3,0.75,0,0,10,UN,,DIVERSOS,CONEXOES,AGUA,39174090,2890023760016,N
2890023830016,PA METISA QUAD/BICO S/CABO,25.99,25.99,0,0,8.97,0,-1,0,UN,,,,,85183000,2890023830016,N
2890023960010,TORN DURIN PAREDE B.MOV BR/PT 1175,28,28,0,0,11.66,0,-4,0,UN,,,,,84818019,2890023960010,N
2890023990017,BOTAO ACIONAMENTO CENSI 58MM REF95290,69,69,69,69,53.12,0,-1,0,UN,,,,,85183000,2890023990017,N
2890024070015,TUBO DESC P/DESC TIGRE,19.5,19.5,19,19,11.06,0,0,0,UN,,,,,39172300,2890024070015,N
2890024100019,TE ESGOTO 100MM FORTLEV,13.99,13.99,13.99,13.99,7,0,-22,4,UN,,DIVERSOS,CONEXOES,ESGOTO,39174090,2890024100019,N
2890024120017,CHUVEIRAO HERC GRANDE PLASTICO,29.9,29.9,29,29,15.62,26.1,15,0,UN,,,,,84818019,2890024120017,N
2890024140015,GRAXA 90G,10,10,10,10,5.91,9.22,25,2,UN,,,,,27101932,2890024140015,N
2890024150014,TOMADA SOBREPOR ILUMI,6,6,0,0,3.38,0,-1,0,UN,,,,,85366910,2890024150014,N
2890024200016,TINTA DELANIL ACR BCO NEVE 3.6L,109,109,105,105,66.22,56.17,-1,0,UN,,,,,32091010,2890024200016,N
2890024210015,VERNIZ IQUINE 900ML EXTRA CEREJEIRA,52,52,52,0,14.56,0,-1,0,UN,,,,,32091020,2890024210015,N
2890024230013,TINTA DIATEX ACRILICO BD 15LTS,159,159,155,154,99,0,-37,1,UN,,,,,32091010,2890024230013,N
2890024240012,TINTA DIATEX ACRILICO GL,65.9,65.9,65,64,37.37,31.69,-1,1,UN,,,,,32091010,2890024240012,N
2890024280018,FORRO FORTLEV PVC BR 20CM 6MT,28.8,28.8,0,0,11.34,0,-50,0,UN,,,,,39169090,2890024280018,N
2890024370016,FACAO TRAMONTINA 10,23.9,23.9,23,23,12.75,12.75,-3,0,UN,,,,,82014000,2890024370016,N
2890024400010,NIVEL MAX MANUAL MADEIRA 12,17.9,17.9,18.5,19,10.1,0,-1,0,UN,,,,,90318099,2890024400010,N
2890024410019,MARTELO TRAMONTINA 23MM,39.5,39.5,39,38,23.14,23.13,4,2,UN,,,,,82052000,2890024410019,N
2890024460014,DISCO MADEIRA THOMPSON,16.9,16.9,16.5,16,7.53,10.67,12,0,UN,,,,,68042119,2890024460014,N
2890024490011,CHAVE BOCA FIXA 18X19,8,8,0,0,0,0,0,0,UN,,,,,85183000,2890024490011,N
2890024590018,FECH STAM1801/08 OXID FX,104,104,0,0,0,0,0,0,UN,,,,,85183000,2890024590018,N
2890024600014,FECH STAM1801/08BR FX,30,30,0,0,0,0,0,0,UN,,,,,85183000,2890024600014,N
2890024650019,ZARCAO 225ML ZARCOMAX,27.5,27.5,27,26.5,16.32,22.5,4,2,UN,,,,,32081010,2890024650019,N
2890024660018,CHAVE BIELA 19MM,39.9,39.9,39,38,19.27,19.27,0,0,UN,,,,,82041100,2890024660018,N
2890024830015,PINO MACHO 10A TRAMONTINA,4.8,4.8,4.5,4.5,2.1,3.24,152,0,UN,,,,,85366910,2890024830015,N
2890024880010,ESPATULA PLASTICA,4,4,3.8,3.8,2.15,2.15,12,0,UN,,,,,39259090,2890024880010,N
2890024940011,SELACALHA VEDACIT TRASP BI 300G,16,16,0,0,10.59,0,0,0,UN,,,,,85183000,2890024940011,N
2890024950010,CONVERTEDOR FERRUGEM 500ML,23.9,23.9,23,23,13,0,-19,0,UN,,,,,32019090,2890024950010,N
2890025020019,"CURVA ELETRODUTO ROSCA 1 1/4 ""180",11,11,11.5,12,4.22,0,0,6,UN,,DIVERSOS,CONEXOES,ELETRODUTO,39174090,2890025020019,N
2890025040017,GANCHO REDE LIDER PARAFUSO FLO OXIDADO,45,45,44,44,28.25,29.33,3,0,UN,,,,,83024100,2890025040017,N
2890025240011,CAIXA FORTLEV 2000LTS,1300,1300,0,0,980,0,0,0,UN,,,,,39251000,2890025240011,N
2890025250010,ACIDO MURIATICO 1L PURIATICO,10,10,10,10,6,7.56,3,6,UN,,,,,38259000,2890025250010,N
2890025340018,DESCARGA ASTRA ACOPL ACIONAMENTO KS/CAST,15,15,0,0,9.46,0,0,0,UN,,,,,85183000,2890025340018,N
2890025370015,CAPA CHUVA PVC AMARELA GG,33,33,0,0,19.86,17.35,6,0,UN,,,,,85183000,2890025370015,N
2890025380014,CONECTOR P/COMPUTADOR RJ,1.2,1.2,1,0.9,0.4,0.15,-10,0,UN,,,,,85183000,2890025380014,N
2890025410018,CHAVE GRIFO FAMASTIL 12,49.9,49.9,49,48,24.49,0,0,0,UN,,,,,82041200,2890025410018,N
2890025450014,MANGUEIRA CORRUGADA VERDE 1 C/25MT,60,60,0,0,0,0,0,0,UN,,,,,85183000,2890025450014,N
2890025490010,VERNIZ IQUINE 900ML EXTRA NOGUEIRA,46,46,46,46,30.11,0,0,0,UN,,,,,32091020,2890025490010,N
2890025500016,NIVEL THOMPSON MANUAL ALUMINIO 30CM,19,19,18,17.5,9.59,0,-1,0,UN,,,,,90153000,2890025500016,N
2890025550011,LUVA ESG CORRER 100MM,21,21,0,0,8.04,0,-1,0,UN,,,,,39174090,2890025550011,N
2890025570019,JOELHO SOLD LL 45 X 25MM,2.5,2.5,2.8,3,1.22,0,-10,10,UN,,DIVERSOS,CONEXOES,AGUA,39174090,2890025570019,N
2890025580018,COLA PULVITEC P/MADEIRA 1KG EXTRA,13,13,0,0,8.47,0,0,0,UN,,,,,35061010,2890025580018,N
2890025670016,CHAVE DE FENDA 5/16X10,8,8,0,0,0,0,0,0,UN,,,,,85183000,2890025670016,N
2890025690014,LONA PRETA C/4M 20KG REF-070,5.5,5.5,0,0,2.39,0,-157,0,MT,,,,,85183000,2890025690014,N
2890025700010,CALHA TIGRE SUPORTE ALUMINIO,11.9,11.9,11.5,11.5,6.01,0,-15,0,UN,,,,,85183000,2890025700010,N
2890025730017,SIFAO SANF TIGRE,11,11,10,10,5.33,0.46,-45,0,UN,,,,,39174090,2890025730017,N
2890025740016,TUBO ELET ROSC 1/2,13,13,0,0,3.87,0,0,0,UN,,,,,39172300,2890025740016,N
2890025820015,ESQUADRO TRAMONTINA,34,34,0,0,20.14,20.13,8,0,UN,,,,,85183000,2890025820015,N
2890025920012,REDUCAO ESG 100X75MM,12,12,0,0,5.98,0,-6,0,UN,,,,,39174090,2890025920012,N
2890025960018,MANGUEIRA CORRUGADA VERDE 3/4 C/25MT,28,28,27,27,0,0,-3,0,UN,,,,,85183000,2890025960018,N
2890026020018,TORN OLIVEIRA 3030 SLIM CLASSIC,114,114,112,112,66.23,0,-4,0,UN,,,,,84818011,2890026020018,N
2890026040016,REG DURIN PRESSAO BUZIOS BRANCO 20MM,18.5,18.5,18.5,18.5,11.48,9.59,-9,0,UN,,,,,84818095,2890026040016,N
2890026130014,JOELHO ESGOTO 75MMX45,11,11,10,10,4.09,3.84,-1,6,UN,,DIVERSOS,CONEXOES,ESGOTO,39174090,2890026130014,N
2890026200014,FERROLHO ACO ESTAMPADO 10CM,19,19,18.5,18,10.3,0,-7,0,UN,,,,,83014000,2890026200014,N
2890026300011,REG ESFERA 20MM OLIVEIRA,7.5,7.5,7,7,3.36,0,-72,0,UN,,,,,85183000,2890026300011,N
2890026320019,REG ESFERA 32MM DURIN,32,32,0,0,6.87,0,-1,0,UN,,,,,85183000,2890026320019,N
2890026420016,JAN MAC 84X1.20RETA TODA ALM,275,275,0,0,129,0,0,0,UN,,,,,85183000,2890026420016,N
2890026490019,"TINTA ESM DELANIL 3,6L PASSADA VALIDADE",40,40,0,0,25,0,-1,1,UN,,,,,32089010,2890026490019,N
2890026540011,TINTA ESM EUCALAR 900ML AZUL DEL REY,33,33,33,33,20.37,20.37,3,3,UN,,,,,32089010,2890026540011,N
2890026610011,JAN ALUM 80X80SB M/M,159.9,159.9,155,154,105.37,0,-11,0,UN,,,,,76101000,2890026610011,N
2890026680014,SALVA REGISTRO FURKIN TORNEIRA,16,16,0,0,5.49,0,0,0,UN,,,,,84818019,2890026680014,N
2890026760013,TE SOLD LL 40MM,7.5,7.5,7.8,8,3.98,5.25,4,4,UN,,DIVERSOS,CONEXOES,AGUA,39174090,2890026760013,N
2890026960017,ARG 20KG AC-1VOTOMASSA,15.5,15.5,15,15,8.5,0,-17,0,UN,,,,,38245000,2890026960017,N
2890026970016,BOMBA RAYMA SAPECA SUBMERSA 300W 3/4 127/220V,295,295,290,290,188.99,0,-5,1,UN,,,,,84138100,2890026970016,N
2890026990014,PONTEIRO PACETTA 10,8.5,8.5,0,0,5.51,0,0,0,UN,,,,,85183000,2890026990014,N
2890027030016,CABO 4.0MM FLEXIVEL,6,6,4.89,4.7,3.6,0,-78,0,MT,,,,,85441100,2890027030016,N
2890027050014,TORN DURIN P/LAV PP BRANCA/PRETA 1167,18.5,18.5,18,17.5,11.36,13.1,26,0,UN,,,,,84818019,2890027050014,N
2890027060013,ARG 20KG AC-2QUARTZOLIT,39,39,0,0,26,0,-9,0,UN,,,,,38245000,2890027060013,N
2890027090010,TRENA STARRETT 5M C/TRAVA,26,26,26,25,15.92,25.71,13,0,UN,,,,,90178090,2890027090010,N
2890027100016,CABO REDE P/COMPUTADOR AZUL,1.3,1.3,1.2,1,0.58,0,-88,0,MT,,,,,85444900,2890027100016,N
2890027280015,FAMASTIL VASSOURA P/GRAMA C/CABO,11,11,0,0,0,0,0,0,UN,,,,,85183000,2890027280015,N
2890027520012,TRENA TRAMONTINA 5MTS,22.9,22.9,22.9,22.9,12.49,0,-6,3,UN,,,,,90178090,2890027520012,N
2890027600011,TINTA CORIDEAL 15 LITROS,69,69,68,68,44.98,0,-135,0,UN,,,,,32091010,2890027600011,N
2890027630018,VARAL RETRATIL DE PAREDE OLIVEIRA,99.9,99.9,95,95,72.9,0,-1,0,UN,,,,,85183000,2890027630018,N
2890027650016,VARAL ALUM SANFONADO 1.00MT,89.9,89.9,89,89,59.96,0,-6,0,UN,,,,,76151000,2890027650016,N
2890027680013,BOIA TIGRE 1/2 HAST METAL,32.9,32.9,32,32,20,13.64,7,0,UN,,,,,84818019,2890027680013,N
2890027740014,CAMPAINHA S/FIO FOXLUX,81,81,80,79,46.34,0,0,1,UN,,,,,85318000,2890027740014,N
2890027760012,"TRELICA P/LAJE 6/4X2/3,4 (1M)",9.5,9.5,0,0,0,0,-134,0,UN,,,,,85183000,2890027760012,N
2890027770011,VASELINA LIQUIDA 500ML,28.5,28.5,28,27,17.49,17.49,-3,2,UN,,,,,27101931,2890027770011,N
2890027790019,PORTA JATOBA 0.80 X 2.10 ALMOFADA,4,4,0,0,210.21,0,0,0,UN,,,,,85183000,2890027790019,N
2890027830012,FECH STAM 804/03 ESP INOX,45,45,0,0,29.47,0,0,0,UN,,,,,85183000,2890027830012,N
2890027880017,KIT BANHEIRO OLIVEIRA QUADRI BLACK,73.9,73.9,72,70,43.87,0,-1,0,UN,,,,,39229000,2890027880017,N
2890027930019,MANGUEIRA CORRUGADA TIGREFLEX 3/4,2.8,2.8,1.8,1.7,1.21,0.52,-73,0,MT,,,,,39172300,2890027930019,N
2890028050013,GRAVILHAO LATA,5.5,5.5,5.5,0,0,0,-296,0,UN,,,,,25171000,2890028050013,N
2890028070011,VARAL ALUM SANFONADO 0.80CM,69,69,67,65,41.34,0,-1,0,UN,,,,,76151000,2890028070011,N
2890028080010,INCENOR 61060,25.99,25.99,0,0,21,0,-30.36,0,M2,,,,,69072200,2890028080010,N
2890028100015,MANGUEIRA CORRUGADA TIGREFLEX 1/2,2.5,2.5,1.7,1.6,1,0,-2,0,MT,,,,,85183000,2890028100015,N
2890028290013,SETEIRA ALUMINIO 120X30,129.9,129.9,129.9,129.9,0,0,0,0,UN,,,,,76101000,2890028290013,N
2890028350014,BASC ALUMINIO 30X30,47,47,45,45,28.01,0,-4,1,UN,,,,,76101000,2890028350014,N
2890028460010,REG ESFERA 50MM VIQUA,36.9,36.9,37.9,38.9,19.24,19.24,0,0,UN,,,,,84818095,2890028460010,N
2890028560017,TRINCHA CONDOR 2 1/2,8,8,0,0,4.49,4.49,8,0,UN,,,,,96034090,2890028560017,N
2890028570016,TRINCHA CONDOR 1 1/2,5.5,5.5,0,0,2.49,2.49,16,0,UN,,,,,96034090,2890028570016,N
2890028600010,VELA P/FILTRO ELITE CARV ATIV,14,14,0,0,7.13,7.13,11,0,UN,,,,,84212100,2890028600010,N
2890028690011,PAPELEIRA C/FITA DUPLA FACE,23,23,22,22,14.25,0,-3,0,UN,,,,,85183000,2890028690011,N
2890028740013,LONGARINA TRELICA,15.5,15.5,0,0,0,0,-202.2,0,MT,,,,,85183000,2890028740013,N
2890028760011,GLOBO FIX,1.2,1.2,0,0,0.43,0,0,0,UN,,,,,85183000,2890028760011,N
2890028770010,BANDEJA P/PINTURA,9.9,9.9,9.5,9.5,4.7,0,-5,0,UN,,,,,39259090,2890028770010,N
2890028840010,PORTA AL 80 VIDRO/VENEZIANA LIDER,499,499,490,490,362.7,0,-22,0,UN,,,,,76101000,2890028840010,N
2890028920019,FECH STAM 603/33 INOX PERFIL,79.9,79.9,78,77,45.72,56.85,27,0,UN,,,,,83014000,2890028920019,N
2890028940017,"JAN ALUM 1.20X1,20SB M/M",309,309,299,295,206.69,0,-16,0,UN,,,,,76101000,2890028940017,N
2890028960015,PREGO TELHEIRO UN,0.7,0.7,0,0,0.1,0,-18,0,UN,,,,,73170090,2890028960015,N
2890028970014,MADERIT RESINADO 11MM,99,99,99,95,72,0,-9,0,UN,,,,,85183000,2890028970014,N
2890029090018,JUNTA FACIL P/ PISO,4,4,4,4,1.92,3.07,15,0,UN,,,,,39259090,2890029090018,N
2890029100014,BALCAO 1.20 MGM COZ ROMA BR/ALUMINIO,235,235,0,0,128,0,0,0,UN,,,,,94034000,2890029100014,N
2890029120012,BALCAO 1.20 MGM COZ ROMA BR/PRETO,240,240,0,0,158.08,0,0,0,UN,,,,,94034000,2890029120012,N
2890029130011,BALCAO 1.40 MGM COZ ROMA BR/ALUMINIO,260,260,0,0,164,0,0,0,UN,,,,,94034000,2890029130011,N
2890029140010,BALCAO 1.40 MGM COZ ROMA BCO/VERDE,250,250,0,0,173.09,0,0,0,UN,,,,,94034000,2890029140010,N
2890029150019,BALCAO 1.40 MGM COZ ROMA BCO/PRETO,290,290,0,0,193.44,0,0,0,UN,,,,,94034000,2890029150019,N
2890029160018,BALCAO 1.20 MGM COZ VENEZ C/VID/BCO/AL,310,310,0,0,212.78,0,0,0,UN,,,,,94034000,2890029160018,N
2890029250016,BALCAO 1.40 MGM COZ VENZ VIDRO BCO/AL 1.40,350,350,0,0,237.03,0,0,0,UN,,,,,94034000,2890029250016,N
2890029360012,TINTA PINTALAR VINIL ACRILICA 15L,124.9,124.9,120,120,76.9,0,-144,0,UN,,,,,32091010,2890029360012,N
2890029400015,"SIFAO SANF DURIN 1,50M",21,21,20,20,9.36,0,-8,0,UN,,,,,39174090,2890029400015,N
2890029480017,SERRA MARMORE HAMMER 110V,269.9,269.9,265,265,183.67,244.89,2,0,UN,,,,,84672200,2890029480017,N
2890029540018,"PIA BRANOX 1,20 C-3 A-430",206,206,206,206,130,0,-18,0,UN,,,,,85183000,2890029540018,N
2890029560016,JAN MISTA1.2X84ARCO ALMOF/ALMOF,115,115,0,0,75,0,0,0,UN,,,,,85183000,2890029560016,N
2890029570015,JAN MISTA1.2X84ALMOF/VIDRO,125,125,0,0,85,0,0,0,UN,,,,,85183000,2890029570015,N
2890029660013,FECH STAM 803/09 RQ1 INOX,64,64,0,0,40.88,0,0,0,UN,,,,,85183000,2890029660013,N
2890029690010,FECH STAM 1004 ROSC OXID AUXILIAR,79.9,79.9,77,76,47.15,38.81,-1,0,UN,,,,,83014000,2890029690010,N
2890029700016,FECH STAM 815/21 ESP INOX INT,59.9,59.9,0,0,39.6,0,0,0,UN,,,,,85183000,2890029700016,N
2890029720014,FECH STAM 813/23 RQ1 INOX INT,58,58,0,0,39.15,0,0,0,UN,,,,,85183000,2890029720014,N
2890029850018,QUADRO TIGRE DIST 6/8 DISJ S/BARRAMENTO,79.9,79.9,79.9,78,50.5,46.16,6,0,UN,,,,,85183000,2890029850018,N
2890029880015,ESQUADRILHO P/PORTA,29.9,29.9,29,29,15.09,0,-4,0,UN,,,,,85183000,2890029880015,N
2890030040019,LUVA P/MANG CORRUGADA 25MM,1.3,1.3,1.3,1.2,0.59,0.83,88,8,UN,,,,,39174090,2890030040019,N
2890030100010,FILTRO PLAST HERC C/TORN MESA BRANCO,65,65,0,0,31.59,31.59,0,0,UN,,,,,84212100,2890030100010,N
2890030140016,INCENOR 66240,29.99,29.99,0,0,21,0,0,0,M2,,,,,69072200,2890030140016,N
2890030170013,ESCADA ALUMINIO 07 DEGRAUS,254,254,245,240,171.15,124.13,-14,0,UN,,,,,76169900,2890030170013,N
2890030190011,FORRO POLYTECH (RODAFORRO SANCA 6M),37.9,37.9,37,37,22.25,0,-99,0,PC,,,,,39162000,2890030190011,N
2890030200017,BAC ACP ICASA ETNA BRANCO,680,680,0,0,450,0,-2,0,UN,,,,,69109000,2890030200017,N
2890030430018,DISJUNTOR UNIP BR 16A,9.9,9.9,9.9,9.9,4.82,3.99,22,5,UN,,,,,85362000,2890030430018,N
2890030440017,DISJUNTOR UNIP BR 20A TRAMONTINA,11,11,10.5,10,5.63,5.63,-13,5,UN,,,,,85362000,2890030440017,N
2890030690016,MANGUEIRA VERDE ARQUA C/15MT,65,65,0,0,20.2,32.95,-1,0,UN,,,,,85183000,2890030690016,N
2890030700012,TRENA MILLA 30M,42,42,0,0,23.09,0,0,0,UN,,,,,90178090,2890030700012,N
2890030720010,FECH STAM 803/03 GRAFITE EXT,49.9,49.9,0,0,29.3,0,0,0,UN,,,,,83014000,2890030720010,N
2890030820017,TINTA FESTLAR GL 3.6L,39.9,39.9,39,39,24.5,22.9,6,0,UN,,,,,32091010,2890030820017,N
2890030860013,MANG PLASB VERDE 10M,39.9,39.9,0,0,22.72,0,-1,0,UN,,,,,85183000,2890030860013,N
2890030870012,MANGUEIRA TRANCADA TRAMONTINA C/10M,55,55,53,53,33.93,53.09,14,0,UN,,,,,39173900,2890030870012,N
2890030950011,BALCAO 1.50 MGM COZ ROMA BRANCO,270,270,0,0,181.65,0,0,0,UN,,,,,94034000,2890030950011,N
2890030960010,TE ESGOTO 150MM,69.9,69.9,69.9,69.9,0,0,0,1,UN,,DIVERSOS,CONEXOES,ESGOTO,39174090,2890030960010,N
2890030980018,DESENGRIPANTE ECO SPRAY,9.9,9.9,0,0,5.35,8.74,13,3,UN,,,,,38249941,2890030980018,N
2890030990017,MASSA PLASTICA IBERE BRANCA 400G,18.5,18.5,18,17.5,9.58,16.04,21,6,UN,,,,,32141010,2890030990017,N
2890031050017,TUBO ELET 3/4,19.9,19.9,19,19,10.98,0,-3,0,UN,,,,,39172300,2890031050017,N
2890031060016,TRANSFORMADOR 1050VA KF,134,134,127,124,72.67,0,0,3,UN,,,,,85043111,2890031060016,N
2890031180011,TORN DECA P/LAVATORIO ASPEN C-35,78,78,0,0,51.48,0,0,0,UN,,,,,84818019,2890031180011,N
2890031190010,FITA CREPE 18X50M,5.9,5.9,5.8,5.8,3.44,4.36,91,12,UN,,,,,48114110,2890031190010,N
2890031230013,BUCHA TIGRE RED SOLD LONGA 40X25MM,3.7,3.7,0,0,1.85,0,0,0,UN,,,,,85183000,2890031230013,N
2890031280018,CARRO TRAMONTINA CHAPA EXTRAFORT 65L,398,398,385,385,284.73,0,-1,0,UN,,,,,87168000,2890031280018,N
2890031320011,CHAVE BOCA FIXA 08X09MM,10.9,10.9,10.9,10,6.07,6.07,1,0,UN,,,,,82041100,2890031320011,N
2890031330010,CHAVE COMBINADA 16MM TRAMONTINA,18,18,17,17,10.35,10.35,0,0,UN,,,,,82041100,2890031330010,N
2890031340019,CHAVE COMBINADA 09MM,11,11,0,0,5,0,0,0,UN,,,,,85183000,2890031340019,N
2890031370016,PIA BRANOX 1.60M,289,289,0,0,127.58,0,0,0,UN,,,,,85183000,2890031370016,N
2890031390014,SOLEI GR PRE 65X13,38.9,38.9,37.9,37,21.14,0,-7,0,UN,,,,,68022300,2890031390014,N
2890031400010,SOLEI GR PRE 65X15,49,49,48,47,29.06,0,-6,0,UN,,,,,68022300,2890031400010,N
2890031410019,SOLEI GR PRE 75X13,46.9,46.9,46,46,29.06,0,-19,0,UN,,,,,68022300,2890031410019,N
2890031420018,SOLEI GR PRE 75X15,55,55,54,53,33.53,0,-8,0,UN,,,,,68022300,2890031420018,N
2890031430017,SOLEI GR PRE 85X13,53,53,52,52,27.64,0,-11,0,UN,,,,,68022300,2890031430017,N
2890031450015,SOLEI GR PRE 105X13,59,59,57,57,34.15,0,-5,0,UN,,,,,68022300,2890031450015,N
2890031470013,SOLEI GR PRE 125X13,76,76,75,74,48.43,0,-2,0,UN,,,,,68022300,2890031470013,N
2890031480012,SOLEI GR PRE 125X15,89,89,87,85,55.88,0,-4,0,UN,,,,,68022300,2890031480012,N
2890031490011,SOLEI GR PRE 145X15,90,90,0,0,46.29,0,0,0,UN,,,,,68022300,2890031490011,N
2890031600014,CABO COAXIAL ANTENA (REFORCADO 95%),3,3,2.9,2.9,1.43,1.66,208.5,0,MT,,,,,85441100,2890031600014,N
2890031620012,ROLO LA 23CM ROMA C/C S/RESPINGO,18,18,18,18,10.47,0,-20,0,UN,,,,,96034010,2890031620012,N
2890031630011,CORDA SEDA 10MM,2.7,2.7,0,0,1.2,0,-80,0,UN,,,,,56041000,2890031630011,N
2890031640010,CORDA SEDA 12MM,3.99,3.99,0,0,1.94,0,-79,0,UN,,,,,56041000,2890031640010,N
2890031650019,JAN ALUM 1X80 S/BAND,169,169,165,165,107.45,0,-21,1,UN,,,,,76101000,2890031650019,N
2890031660018,ABRACAD U 11/4,2.5,2.5,0,0,1,0,0,0,UN,,,,,73089090,2890031660018,N
2890031670017,DISJUNTOR UNIP BR 40A TRAMONTINA,13.5,13.5,13,13,7.01,7.01,-82,6,UN,,,,,85362000,2890031670017,N
2890031680016,MASSA P/MADEIRA EUCATEX,23,23,22,21,12.2,0,-7,1,UN,,,,,32141020,2890031680016,N
2890031700011,INT DICOMPEL 1 TECLA SIMPLES,7,7,0,0,4.5,0,0,0,UN,,,,,85365090,2890031700011,N
2890031710010,ANTENA TV DIGIT EXT 20 ELEM BRASFORMA,46,46,45,45,25.7,30.09,1,0,UN,,,,,85291090,2890031710010,N
2890031720019,SERRA COPO DIAMANTE  25MM,77,77,74,73,44.59,44.59,0,0,UN,,,,,68042119,2890031720019,N
2890031730018,PINO MACHO 10A COMPOLUX 2P,3.5,3.5,0,0,1.18,0,0,0,UN,,,,,85369090,2890031730018,N
2890031790012,ABRACAD U 3/4,1.5,1.5,0,1.5,0.43,0,-11,0,UN,,,,,73089090,2890031790012,N
2890031800018,COLHER TRAMONTINA PEDREIRO 9,28.5,28.5,28,27.5,15.98,17.28,8,3,UN,,,,,82159910,2890031800018,N
2890031840014,GRELHA FORTLEV PVC QUAD/RED BR,5,5,4.8,4.5,2.25,0,-1,0,UN,,,,,39174090,2890031840014,N
2890031990016,REGUA ALUMINIO 2M 800GR,56,56,53,52,33.16,0,-5,0,UN,,,,,76042100,2890031990016,N
2890032020019,VELA P/FILTRO DURIN H20 1057,37,37,0,0,25.07,0,0,0,UN,,,,,84212100,2890032020019,N
2890032120016,GRAFITE EM PO 25G,5.5,5.5,5,4.5,2.32,0.81,7,4,UN,,,,,25041000,2890032120016,N
2890032190019,TORN MAQ.LAV.HERC C/BICO 1992,19,19,0,0,11.55,0,-2,0,UN,,,,,84818019,2890032190019,N
2890032200015,SPOT P/02 LAMPADA,21.5,21.5,21,20,10.49,0,-5,0,UN,,,,,94051990,2890032200015,N
2890032300012,NEUTRALIZADOR DE FERRUGEM 200ML OX 7,12,12,0,0,5.38,0,0,0,UN,,,,,85183000,2890032300012,N
2890032320010,MARRETA TRAMONTINA 2KG C/CABO,64,64,62,60,41.03,41.03,0,1,UN,,,,,82052000,2890032320010,N
2890032390013,BASC ALUMINIO 80X40,92,92,0,0,32,0,0,0,UN,,,,,76101000,2890032390013,N
2890032420017,TINTA CORAL RENDE MUITO 15L BALDE,339.9,339.9,335,335,249.9,249.9,0,0,UN,,,,,32082019,2890032420017,N
2890032440015,TINTA SPRAY TEKBOND VERDE,22,22,22,22,14.03,14.03,0,1,UN,,,,,32082019,2890032440015,N
2890032670016,KIT MEBUKI ACRILICO CRISTAL,78,78,0,0,39.28,0,0,0,UN,,,,,85183000,2890032670016,N
2890032760014,LAVATORIO S/COLUNA ICASA IL71 BRANCO,85,85,83,83,50,0,-8,0,UN,,,,,85183000,2890032760014,N
2890032800017,ABRACAD P/GAS,2.5,2.5,2.5,2.3,1.13,0,-100,0,UN,,,,,73261900,2890032800017,N
2890032820015,TORQUES ARMADOR 10 SAO ROMAO,37,37,36,36,21.76,24.85,7,0,UN,,,,,82032090,2890032820015,N
2890032830014,NUMERO OLIVEIRA ACM ESCOVADO,16.5,16.5,16,15.5,8.84,0,-4,0,UN,,,,,85183000,2890032830014,N
2890032840013,REDUCAO ESG 50X40MM,3,3,2.9,2.9,1.42,0,-33,0,UN,,,,,39174090,2890032840013,N
2890032850012,PARAFUSO P/VASO S-10,3.5,3.5,3.25,3.25,1.45,0,-195,18,UN,,,,,73181500,2890032850012,N
2890032860011,DISJUNTOR UNIP BR 50A TRAMONTINA,15,15,14.5,14.5,7.01,7.01,7,5,UN,,,,,85362000,2890032860011,N
2890032870010,CORDA SEDA 5MM,1.5,1.5,0,0,0.8,0.53,-132,0,UN,,,,,56041000,2890032870010,N
2890032880019,CORDA SEDA 6MM,1.6,1.6,0,0,0.59,0.82,112,0,UN,,,,,56041000,2890032880019,N
2890032890018,CORDA SEDA 8MM,2,2,2.2,2.5,0.82,0,-164,0,UN,,,,,56041000,2890032890018,N
2890032950019,TRANSFORMADOR 3000VA KF,239.9,239.9,235,230,135.2,84.95,-2,1,UN,,,,,85043211,2890032950019,N
2890032990015,CORDAO LINEART/DECORA,3,3,0,0,1.3,0,0,0,UN,,,,,85183000,2890032990015,N
2890033020018,FORRO POLYTECH (EMENDA TIPO H 6M),49.99,49.99,49,49,29.37,0,-1,0,M2,,,,,39162000,2890033020018,N
2890033080012,EXPANCIT 500ML,27,27,0,0,17.89,0,0,0,UN,,,,,85183000,2890033080012,N
2890033540011,COPO P/FILTRO AGUIA ABS,28.99,28.99,0,0,0,0,0,0,UN,,,,,85183000,2890033540011,N
2890033660016,BRACO P/CHUVEIRO FAME,28,28,28,27,16.27,0,0,0,UN,,,,,39172900,2890033660016,N
2890033720017,MANGUEIRA CORRUGADO FORTLEV 3/4 C/50M,69,69,68,68,40.11,0,-2,0,UN,,,,,39172300,2890033720017,N
2890033780011,ARG 20KG S/PIS QUARTZOLIT,37.99,37.99,0,0,21.47,0,-1,0,UN,,,,,38245000,2890033780011,N
2890033870019,ESPUMA EXPANSIVA MUNDIAL 500ML/340GR,24.9,24.9,24,24,10.99,0,-29,0,UN,,,,,35069190,2890033870019,N
2890033930010,TE SOLD LL 40X32MM,6.2,6.2,6.5,7,3.07,0,0,3,UN,,DIVERSOS,CONEXOES,AGUA,39174090,2890033930010,N
2890033940019,TE SOLD LL 50X32MM,12,12,12.5,13,6,0,0,4,UN,,DIVERSOS,CONEXOES,AGUA,39174090,2890033940019,N
2890033950018,BUCHA RED PVC 50X40MM,6,6,6.5,7,2.83,2.22,6,6,UN,,DIVERSOS,CONEXOES,AGUA,39174090,2890033950018,N
2890033960017,JUNCAO ESGOTO 150X100MM,35,35,0,0,19.6,0,0,0,UN,,,,,39174090,2890033960017,N
2890034000019,REG ESFERA 20MM SOCEL,7.5,7.5,7,7,3.42,4.56,16,0,UN,,,,,84818095,2890034000019,N
2890034030016,REG ESFERA 40MM VIQUA,29.9,29.9,31,32,16.8,16.8,0,0,UN,,,,,84818095,2890034030016,N
2890034040015,REG ESFERA 50MM KRONA,45,45,0,0,11.77,0,0,0,UN,,,,,85183000,2890034040015,N
2890034060013,LUVA ESGOTO 40MM FORTLEV,2.2,2.2,2.2,2.2,0.64,0,-27,10,UN,,DIVERSOS,CONEXOES,ESGOTO,39174090,2890034060013,N
2890034120014,ADAPT PVC 60X2¨,8,8,8.5,9,3.42,0,0,4,UN,,DIVERSOS,CONEXOES,AGUA,39174090,2890034120014,N
2890034130013,NIPLE PVC 1¨,3,3,3.5,4,1.02,0,0,6,UN,,DIVERSOS,CONEXOES,AGUA,39174090,2890034130013,N
2890034140012,"NIPLE PVC 1 1/2""",6.9,6.9,7.5,8,2.63,0,0,4,UN,,DIVERSOS,CONEXOES,AGUA,39174090,2890034140012,N
2890034150011,PORTA MISTA 60X210 ALMOFADA,225,225,0,0,79,0,0,0,UN,,,,,85183000,2890034150011,N
2890034190017,FERROLHO CHATO REFORCADO 4 FG,22.9,22.9,0,0,1.43,0,0,0,UN,,,,,85183000,2890034190017,N
2890034200013,FERROLHO CHATO REFORCADO 5,21,21,20,19,11,0,0,0,UN,,,,,83014000,2890034200013,N
2890034210012,MASSA CORRIDA ACRILICA MASSATOP SACO 13KG,44,44,43,43,30.06,0,-151,0,UN,,,,,32141020,2890034210012,N
2890034330017,PARAFUSO S-10,0.8,0.8,0,0,0.07,0,-397,0,UN,,,,,73181500,2890034330017,N
2890034380012,ALICATE UNIVERSAL FAMASTIL,29.9,29.9,29,29,16.56,14.09,9,0,UN,,,,,82032010,2890034380012,N
2890034390011,JOGO FERRAMENTA SPARTA,179,179,84,83,126,0,-2,0,UN,,,,,82032010,2890034390011,N
2890034400017,"SELADOR ACRILICO IQUINE GL 3,6L",48,48,48,47,31.07,26.36,1,0,UN,,,,,32091010,2890034400017,N
2890034570017,PROTETOR AUDITIVO,3,3,3,3,1.3,0,-9,0,UN,,,,,40159000,2890034570017,N
2890034630018,JAN MISTA1.2X74 ALMOF/VIDRO,110,110,0,0,75,0,0,0,UN,,,,,85183000,2890034630018,N
2890034690012,IMPERCIT ADITIVO ARGAMASSA 18LTS,50,50,0,0,33.36,0,0,0,UN,,,,,85183000,2890034690012,N
2890034750013,PIA TRAMONTINA 1.05 X 0.52,255,255,245,240,140,0,0,0,UN,,,,,85183000,2890034750013,N
2890034760012,CUBA INOX RETANG TRAMONTINA 40X34,189,189,179,170,69.9,0,-2,0,UN,,,,,73241000,2890034760012,N
2890034770011,CUBA INOX RETANG TRAMONTINA 47X30,195,195,185,185,74.9,0,0,0,UN,,,,,73241000,2890034770011,N
2890034910011,VALVULA TIGRE PE SOLD 32MM 1,25,25,0,0,13.85,0,0,0,UN,,,,,85183000,2890034910011,N
2890035060012,BOIA FORTLEV,12.9,12.9,0,0,7.31,6.79,0,0,UN,,,,,84818019,2890035060012,N
2890035080010,"ZARCAO 3,6L LUX",87,87,0,0,43.42,0,0,0,UN,,,,,32081010,2890035080010,N
2890035090019,ESCADA ALUMINIO 03 DEGRAUS,129,129,126,125,83.24,60.13,-10,0,UN,,,,,76169900,2890035090019,N
2890035120013,ELIANE 10X10,24.9,24.9,0,0,11.33,0,0,0,M2,,,,,85183000,2890035120013,N
2890035190016,"PEITORIL G PRE 85X0,17",72,72,70,70,45.27,0,-1,0,UN,,,,,85183000,2890035190016,N
2890035200012,PEITORIL G PRE 1.05 X0.17,94,94,92,90,59.91,0,0,0,UN,,,,,85183000,2890035200012,N
2890035250017,ARCO DE SERRA STARRETT 12 C/LAMINA,40,40,0,0,24.42,0,0,0,UN,,,,,82021000,2890035250017,N
2890035270015,NIVEL STARRETT ALUMINIO 300MM,19.9,19.9,0,0,13.17,0,0,0,UN,,,,,85183000,2890035270015,N
2890035280014,FILETE G PRETO 0.75,33,33,0,0,20.96,0,0,0,UN,,,,,85183000,2890035280014,N
2890035300019,FILETE G PRETO 1.00,42,42,0,0,25.34,0,0,0,UN,,,,,85183000,2890035300019,N
2890035330016,FILETE G PRETO 1.05,62,62,60,60,38.01,0,-7,0,UN,,,,,85183000,2890035330016,N
2890035350014,FILETE G PRETO 1.25,74,74,72,72,45.25,0,-8,0,UN,,,,,85183000,2890035350014,N
2890035370012,FILETE G PRETO 1.35,65,65,0,0,30.37,0,0,0,UN,,,,,85183000,2890035370012,N
2890035390010,FILETE G PRETO 1.45,84.9,84.9,83,82,52.49,0,-3,0,UN,,,,,85183000,2890035390010,N
2890035400016,FILETE G PRETO 1.50,70,70,0,0,33.75,0,0,0,UN,,,,,85183000,2890035400016,N
2890035420014,FILETE G PRETO 1.60,74,74,0,0,38.4,0,0,0,UN,,,,,85183000,2890035420014,N
2890035430013,FILETE G PRETO 1.65,87,87,86,85,52.27,0,-3,0,UN,,,,,85183000,2890035430013,N
2890035440012,FILETE G VERDE 0.95,34,34,0,0,21.37,0,0,0,UN,,,,,85183000,2890035440012,N
2890035450011,FILETE G VERDE 1.05,52,52,50,50,29.29,0,-1,0,UN,,,,,85183000,2890035450011,N
2890035460010,FILETE G VERDE 1.15,41,41,0,0,25.87,0,0,0,UN,,,,,85183000,2890035460010,N
2890035470019,FILETE G VERDE 1.30,48,48,0,0,29.25,0,0,0,UN,,,,,85183000,2890035470019,N
2890035480018,FILETE G VERDE 1.35,50,50,0,0,30.37,0,0,0,UN,,,,,85183000,2890035480018,N
2890035540019,FILETE MARMORE 1.65,48,48,0,0,22.27,0,0,0,UN,,,,,85183000,2890035540019,N
2890035560017,FILETE MARMORE 1.05,42,42,40,40,24.57,0,-9,0,UN,,,,,85183000,2890035560017,N
2890035570016,FILETE MARMORE 1.25,49.9,49.9,48,47,29.25,0,-3,0,UN,,,,,85183000,2890035570016,N
2890035580015,FILETE MARMORE 1.35,43,43,0,0,18.22,0,0,0,UN,,,,,85183000,2890035580015,N
2890035740013,TUBO ESG FORTLEV 40,39.9,39.9,39,38,25.21,20.9,-19.5,0,UN,,,,,39172300,2890035740013,N
2890035750012,TUBO SOD FORTLEV 40,87,87,85,84,58,46.96,0.5,0,UN,,,,,39172300,2890035750012,N
2890035770010,TUBO ESG FORTLEV 75,79.99,79.99,79,78,53.9,0,-12,0,UN,,,,,39172300,2890035770010,N
2890035780019,TUBO ESG FORTLEV 100,82.9,82.9,82,80,52.5,0,-51.5,0,UN,,,,,39172300,2890035780019,N
2890036160018,TORN BIG LU 3068 MESA BICA GOUMERT,108,108,0,0,70,0,0,0,UN,,,,,84818019,2890036160018,N
2890036190015,KARINA 45073 TIPO A,18.9,18.9,0,0,0,0,0,0,M2,,,,,69072200,2890036190015,N
2890036200011,"ROCHAFORTE BALI 57X57 (CX3,30 COM 10PEDRA)",29.99,29.99,28.99,28.5,22,0,-56.4,0,M2,,,,,69072200,2890036200011,N
2890036220019,REV ARUANA PLUS C,9.99,9.99,0,0,0,0,0,0,M2,,,,,85183000,2890036220019,N
2890036270014,REV FLORATA PRETO TIPO A,13.5,13.5,0,0,0,0,0,0,M2,,,,,85183000,2890036270014,N
2890036290012,REV CERAL GABRIELA TIPO-A 33X46,13.99,13.99,0,0,7.14,0,0,0,M2,,,,,85183000,2890036290012,N
2890036330015,INCENOR 60800,25.9,25.9,0,0,18,0,-76.23,0,M2,,,,,69072200,2890036330015,N
2890036390019,INCENOR 61050 A 35X35,25.99,25.99,0,0,8.61,0,0,0,M2,,,,,69072200,2890036390019,N
2890036430012,"INCENOR 62820 A 33X50 CX2,48",25.99,25.99,23.99,23.99,0,0,-11.16,0,M2,,,,,69072200,2890036430012,N
2890036500012,KARINA 45098 TIPO A,18.9,18.9,0,0,0,0,0,0,M2,,,,,69072200,2890036500012,N
2890036560016,"INCENOR 66540 A 58X58 (CX 2,68 COM 8 PEDRAS)",27.99,27.99,26.99,26.5,19,0,0,0,M2,,,,,69072200,2890036560016,N
2890036640015,MANGUEIRA TRAMONTINA JARD FLEX 1/2,5.5,5.5,5.2,5,2.59,0,-97.5,0,MT,,,,,39173900,2890036640015,N
2890036650014,MANGUEIRA TRAMONTINA JARD FLEX 3/4,11,11,0,0,6.48,4.8,-57.5,0,UN,,,,,39173900,2890036650014,N
2890036680011,PAZINHA TRAMONTINA ESTREITA C/CABO MADEIRA,14,14,0,0,4.43,0,0,0,UN,,,,,85183000,2890036680011,N
2890036690010,SACHO TRAMONTINA C/CABO 43CM,52,52,50,50,30.11,34.45,3,0,UN,,,,,82013000,2890036690010,N
2890036700016,ADAPT FEMEA TRAMONTINA P/JARDIM BICO 78502/000,4.5,4.5,4.5,4.5,2.14,2.72,14,0,UN,,,,,39174090,2890036700016,N
2890036710015,ENGATE RAPIDO TRAMONTINA P/JARDIM,5.5,5.5,5.5,5.5,2.43,2.2,10,0,UN,,,,,39174090,2890036710015,N
2890036730013,ESGUICHO KRONA,5.5,5.5,0,0,2.83,0,0,0,UN,,,,,85183000,2890036730013,N
2890036740012,CARRETO 1,50,50,40,40,0,0,-638,0,UN,,,,,85183000,2890036740012,N
2890036850018,VARAL ALUM CHAO C/ABA BRANCO 137X46 SECALUX,115,115,110,110,74.39,74.39,0,0,UN,,,,,73239900,2890036850018,N
2890036980012,JOELHO ESGOTO 50MMX45°,4.5,4.5,4,4,2.06,0,-6,5,UN,,DIVERSOS,CONEXOES,ESGOTO,39174090,2890036980012,N
2890037000016,TE ESGOTO 50MM,6.9,6.9,6.5,6.5,3.28,0,-43,6,UN,,DIVERSOS,CONEXOES,ESGOTO,39174090,2890037000016,N
2890037050011,JOELHO SOLD LL 25MM,1,1,0.9,0.9,0.27,0.11,-26,20,UN,,DIVERSOS,CONEXOES,AGUA,39174090,2890037050011,N
2890037080018,PLUG FORTLEV ROSCAVEL 1/2,1,1,0.9,0.9,0.36,0.56,114,20,UN,,DIVERSOS,CONEXOES,AGUA,39174090,2890037080018,N
2890037160017,MT TUBO 50 ESGOTO,14,14,0,0,0,0,-17,0,UN,,,,,39172300,2890037160017,N
2890037180015,MT TUBO 40 ESGOTO,8,8,0,0,1.95,0,-34,0,UN,,,,,39172300,2890037180015,N
2890037190014,MT TUBO 20 SOLDAVEL,5,5,0,0,1.44,0,-62.8,0,UN,,,,,39172300,2890037190014,N
2890037210019,MT TUBO 100 ESGOTO,18,18,0,0,7.71,0,-9,0,UN,,,,,39172300,2890037210019,N
2890037330014,"CABO BATERIA 2,5M COMPOLUX",64,64,60,60,38,0,0,0,UN,,,,,85444200,2890037330014,N
2890037370010,FITA CREPE 24X50M,8,8,8,7.5,4.16,6.61,107,10,UN,,,,,48114110,2890037370010,N
2890037400014,RECEBIMENTO DE VALOR PENDENTE,1,1,0,0,0,0,-634,0,UN,,,,,85183000,2890037400014,N
2890037450019,TE TOMADA PLUZIE 2P+T 10A,9.5,9.5,9.5,9,4.97,7.45,59,0,UN,,,,,85366910,2890037450019,N
2890037470017,QUADRO TIGRE DIST 12/16 DISJ S/BARRAMENTO,98,98,0,0,32.69,0,0,0,UN,,,,,85183000,2890037470017,N
2890037500011,CAIXA DE PASSAGEM TIGRE EMB PAREDE CPT15,25,25,0,0,13.15,0,0,0,UN,,,,,85183000,2890037500011,N
2890037520019,BUCHA TIGRE RED SOLD LONGA 40X20MM,3.5,3.5,0,0,1.67,0,0,0,UN,,,,,85183000,2890037520019,N
2890037530018,BUCHA TIGRE RED SOLD LONGA 32X20MM,2.2,2.2,0,0,1,0,0,0,UN,,,,,85183000,2890037530018,N
2890037550016,INCENOR 66460,27.99,27.99,24.99,24.99,21,0,-13.26,0,M2,,,,,69072200,2890037550016,N
2890037560015,FERRO 1/4 6.3MM,27.99,27.99,26.99,26.99,20,0,-15,0,UN,,,,,73089010,2890037560015,N
2890037580013,CREDITO NA CASA NO VALOR,1,1,0,0,0,0,-162.83,0,UN,,,,,85183000,2890037580013,N
2890037600018,"BARROTINHO 2,50M CUPIUBA 5X3",22.5,22.5,0,0,0,0,-14,0,UN,,,,,44079990,2890037600018,N
2890037620016,"BARROTINHO 3,50M CUPIUBA 5X3",31.5,31.5,0,0,0,0,-32,0,UN,,,,,44079990,2890037620016,N
2890037630015,"BARROTINHO 5,00M CUPIUBA 5X3",45,45,0,0,15,0,-24,0,UN,,,,,44079990,2890037630015,N
2890037640014,"BARROTINHO 4,50M CUPIUBA 5X3",40.5,40.5,0,0,0,0,-20,0,UN,,,,,44079990,2890037640014,N
2890037670011,JAN MAC 74X1.20ARCO TODA FECHADA,115,115,0,0,0,0,0,0,UN,,,,,85183000,2890037670011,N
2890037680010,JAN MAC 1.2X1.2ARCO 4 FOLHAS ALM/VID,195,195,0,0,149.69,0,0,0,UN,,,,,85183000,2890037680010,N
2890037690019,BROCA SDS IRWIN 10MM,19.9,19.9,19,19,9.59,9.59,2,0,UN,,,,,82075011,2890037690019,N
2890037720013,"PCA 4,5M CUPIU 11X5",147,147,0,0,0,0,0,0,UN,,,,,44079990,2890037720013,N
2890037770018,"PCA 3,0M CUPIU 11X5",98,98,0,0,0,0,-11,0,UN,,,,,44079990,2890037770018,N
2890037840018,PORTA MISTA ARCO 2BANDAS 2,144,144,0,0,0,0,0,0,UN,,,,,85183000,2890037840018,N
2890037850017,PORTA MISTA 80 2BAND ALMOFADA RETA,240,240,0,0,144,0,0,0,UN,,,,,85183000,2890037850017,N
2890038100012,ARIELLE RIVIERA BR 37.3X59.2,31.99,31.99,29.99,29.99,19,0,-109.54,0,M2,,,,,69072200,2890038100012,N
2890038180014,"BARROTINHO 3,00M CUPIUBA 5X3",27,27,0,0,19,0,-42,0,UN,,,,,44079990,2890038180014,N
2890038350011,RALO KRONA SIF REDONDO,12.9,12.9,12.9,12.5,6.74,5.58,11,0,UN,,,,,85183000,2890038350011,N
2890038370019,"PCA 3,5M CUPIU 9X5",94,94,0,0,0,0,-2,0,UN,,,,,44079990,2890038370019,N
2890038500010,KIT MEBUKI PLUS CR 6 PECAS,110,110,0,0,51.87,0,0,0,UN,,,,,85183000,2890038500010,N
2890038820019,PORTA SHAMPOO ARQPLAST,13,13,0,0,5.17,0,0,0,UN,,,,,85183000,2890038820019,N
2890038950013,FECH STAM 823/23 ESP WC OXID,62,62,0,0,41.5,0,0,0,UN,,,,,85183000,2890038950013,N
2890038980010,FECH STAM 823/03 WC GRAFITE,26,26,0,0,16.02,0,0,0,UN,,,,,85183000,2890038980010,N
2890038990019,FECH STAM 803/10 RQ1 ESCOVADA,85,85,0,0,43.57,0,0,0,UN,,,,,85183000,2890038990019,N
2890039000014,FECH STAM 803/03 INOX EXT SP (G),65,65,0,0,21.6,0,0,0,UN,,,,,85183000,2890039000014,N
2890039020012,FECH STAM 823/21 WC OXIDADO,39.9,39.9,0,0,25.2,0,0,0,UN,,,,,85183000,2890039020012,N
2890039040010,ELIANE FORMA BRANCO 45X45 A,22,22,0,0,12.27,0,0,0,M2,,,,,85183000,2890039040010,N
2890039050019,INCENOR 61080,25.9,25.9,0,0,18,0,0,0,M2,,,,,69072200,2890039050019,N
2890039080016,PENDENTE STARTEC ROW COBRE,149.99,149.99,0,0,90,0,-3,0,UN,,,,,85183000,2890039080016,N
2890039120019,JOELHO ESGOTO 100MMX45,10.5,10.5,10.5,10.5,3.77,0,-9,4,UN,,DIVERSOS,CONEXOES,ESGOTO,39174090,2890039120019,N
2890039250013,FECH STAM 803/02 ESP GRAFITE,53.9,53.9,0,0,33.27,0,-1,0,UN,,,,,83014000,2890039250013,N
2890039260012,FECH STAM 803/10 FX OXIDADA EXT,85,85,0,0,42.7,0,0,0,UN,,,,,85183000,2890039260012,N
2890039270011,FECH STAM 803/10 FX INOX EXT,80,80,0,0,0,0,-1,0,UN,,,,,85183000,2890039270011,N
2890039280010,"MARRETA MOMFORT 1,5KG C/CABO",55,55,0,0,0,0,0,1,UN,,,,,82052000,2890039280010,N
2890039300015,PONTEIRO SAO ROMAO 8,19.9,19.9,19,18,10.76,10.76,-2,0,UN,,,,,82055900,2890039300015,N
2890039320013,CURVA SOLDAVEL 32MM,10.5,10.5,10.5,10.5,4.5,3.5,2,8,UN,,DIVERSOS,CONEXOES,AGUA,39174090,2890039320013,N
2890039330012,JUNCAO ESGOTO 100MM FORTLEV,18.9,18.9,18,17,7,0,-2,4,UN,,DIVERSOS,CONEXOES,ESGOTO,39174090,2890039330012,N
2890039340011,CHAVE ALLEN 10PC STARFER,15,15,14.5,14,6.95,0,-1,3,UN,,,,,82041100,2890039340011,N
2890039520017,CALHA TIGRE ACOPLAMENTO P/CONDUTOR,13.8,13.8,14.5,15,0,0,0,2,UN,,DIVERSOS,CONEXOES,CALHA,39174090,2890039520017,N
2890039530016,REJUNTE MACXFLEX FINE PLUS 2KG,35,35,0,0,17.31,0,0,0,UN,,,,,32149000,2890039530016,N
2890039650011,CAIXA SIF 100X100X50,17,17,17,17,8.42,5.06,-10,0,UN,,,,,39174090,2890039650011,N
2890039660010,REG ESFERA 25MM FORTLEV C/UNIAO,21.5,21.5,21,20,12.33,0,-1,0,UN,,,,,84818095,2890039660010,N
2890039700013,RESISTENCIA LORENZETTI 127V (ADVANCED),43,43,42,42,28.37,0,-30,12,UN,,,,,85168010,2890039700013,N
2890039740019,DISCO P/MAQ IRWIN CORTE DIAM.LISO,22,22,0,0,12.64,0,0,0,UN,,,,,68042119,2890039740019,N
2890039760017,"PCA 3,5M CUPIU 11X5",114,114,0,0,0,0,-1,0,UN,,,,,44079990,2890039760017,N
2890039770016,LAVATORIO PLASTICO DURIN BR 40X27,35,35,0,0,13.56,0,0,0,UN,,,,,39259090,2890039770016,N
2890039820018,TANQUE PLASTICO DURIN 24L,159,159,155,155,94.26,0,-1,0,UN,,,,,39221000,2890039820018,N
2890039880012,ASSENTO DURIN ESPECIAL,45,45,45,45,28.75,36.58,23,0,UN,,,,,39222000,2890039880012,N
2890039890011,FLANGE 20MM,9.9,9.9,9.5,9.5,5.45,4.52,-17,6,UN,,DIVERSOS,CONEXOES,AGUA,39174090,2890039890011,N
2890039920015,TORN DURIN P/LAVATORIO PORTO LUXO 1047,28,28,0,0,15.83,0,0,0,UN,,,,,84818019,2890039920015,N
2890039930014,TORN DURIN P/TANQUE ESFERA,21,21,0,0,12,0,0,0,UN,,,,,84818019,2890039930014,N
2890039960011,TORN OLIVEIRA 3040 SLIM CLASSIC,118,118,115,110,67.9,0,-6,0,UN,,,,,84818011,2890039960011,N
2890039970010,UNIAO PVC SOLD.40MM,16,16,17,17.5,0,0,-1,4,UN,,DIVERSOS,CONEXOES,AGUA,39174090,2890039970010,N
2890040000010,MT TUBO ESG 75,18,18,0,0,0,0,-3,0,UN,,,,,39172300,2890040000010,N
2890040140013,RESISTENCIA LORENZETTI 127V (DUO SHOWER),43,43,42,42,28.39,0,-4,2,UN,,,,,85168010,2890040140013,N
2890040150012,BUCHA E ARRUELA ELETRODUTO 1 1/2,3.5,3.5,0,0,1.73,0,0,0,UN,,,,,85183000,2890040150012,N
2890040180019,"PIA BRANOX 1,00M",190,190,190,190,0,0,-4,0,UN,,,,,85183000,2890040180019,N
2890040260018,CHAVE COMBINADA 18MM TRAMONTINA,19.9,19.9,19,19,10.54,10.54,0,0,UN,,,,,82041100,2890040260018,N
2890040270017,CIMENTO 50KG POTY,54.5,54.5,50,50,33,0,-1756,0,UN,,,,,25232910,2890040270017,N
2890040380013,ARM HERC PLASTICO,69.9,69.9,68,67,41.9,0,-14,1,UN,,,,,94037000,2890040380013,N
2890040390012,BALCAO 1.20 MGM COZ BARI GAVETAO,365,365,0,0,240.24,0,0,0,UN,,,,,94034000,2890040390012,N
2890040440014,LUVA ESG CORRER 50MM,14.9,14.9,14.5,14,4.57,4.29,-6,3,UN,,DIVERSOS,CONEXOES,ESGOTO,39174090,2890040440014,N
2890040490019,REDUCAO ESG 75X50MM,6.8,6.8,6.5,6.5,3.26,0,-6,5,UN,,DIVERSOS,CONEXOES,ESGOTO,39174090,2890040490019,N
2890040540011,FECH STAM 823/23 RQ1 INOX WC BANHEIRO,82,82,85,88,49.6,41.89,0,0,UN,,,,,83014000,2890040540011,N
2890040560019,SOLVENTE 300ML THINNER RENASCER,9.5,9.5,9.5,9,5.25,0,-13,0,UN,,,,,38140010,2890040560019,N
2890040600012,GRELHA QD/RED ROT PLAST 10X10 OVERTIME,8.5,8.5,8,8,3.2,5.1,40,0,UN,,,,,39174090,2890040600012,N
2890040620010,GATILHO P/DUCHA CIVITT METAL,32,32,0,0,19,0,0,0,UN,,,,,85183000,2890040620010,N
2890040720017,BROCA ACO RAPIDO 3/32 2.5MM,4.5,4.5,4.5,4,1.29,0.5,-5,0,UN,,,,,82075011,2890040720017,N
2890040760013,CARRO VERMELHO,152,152,149.9,149.9,95.02,0,0,0,UN,,,,,87168000,2890040760013,N
2890040830013,TINTA SPRAY ROSA,22.5,22.5,22,22,12.96,11.85,6,1,UN,,,,,32082019,2890040830013,N
2890040840012,SUPORTE P/TV ARTIC 10A42 THOMPSON,64.9,64.9,63,62,35.69,77.07,19,1,UN,,,,,73269090,2890040840012,N
2890040980015,KARINA 60322 CX2.52,34.99,34.99,31.5,31.5,25,0,-27.72,0,M2,,,,,69072200,2890040980015,N
2890041000019,ALMEIDA 50HDA42 CX2.00,30.99,30.99,28.99,28.99,21,0,-20,0,M2,,,,,69072200,2890041000019,N
2890041010018,INCOPISO 170034,33,33,0,0,23,0,0,0,M2,,,,,85183000,2890041010018,N
2890041140012,INCENOR 63480 CX2.79,32,32,28.99,28.99,21,0,-94.86,0,M2,,,,,69072200,2890041140012,N
2890041170019,TRINCHA CONDOR 2,6.5,6.5,0,0,3.29,3.29,4,0,UN,,,,,96034090,2890041170019,N
2890041180018,ROLO LA 5CM COMPEL,5.9,5.9,5.5,5,2.49,0,-8,0,UN,,,,,96034010,2890041180018,N
2890041190017,ROLO LA 9CM TIGRE 1366,9.9,9.9,9.9,9.9,5.09,4.47,11,0,UN,,,,,96034010,2890041190017,N
2890041230010,ROLO LA 15CM,12.9,12.9,12.5,12.5,7.74,0,-17,0,UN,,,,,96034010,2890041230010,N
2890041240019,ARM MGM FLEX 1.20 COZ,320,320,0,0,220.37,0,-1,0,UN,,,,,94034000,2890041240019,N
2890041280015,PORTA DEC SAFIRA 80 MOGNO,175,175,175,0,69,0,-3,0,UN,,,,,85183000,2890041280015,N
2890041290014,PORTA DEC SAFIRA 80 BRANCA,175,175,175,0,0,0,-1,0,UN,,,,,85183000,2890041290014,N
2890041330017,CAIXA P/MASSA PLAST ALUMASA,21,21,21,20,8.96,12.72,8,0,UN,,,,,39259090,2890041330017,N
2890041360014,JOELHO SOLD LL 32MM,2.5,2.5,3,3.5,0.96,0,-10,6,UN,,DIVERSOS,CONEXOES,AGUA,39174090,2890041360014,N
2890041390011,PISCINA FORTLEV 1000L,470,470,0,0,309.5,0,0,0,UN,,,,,85183000,2890041390011,N
2890041480019,"ROCHAFORTE URANO MARROM CX3,30",29.99,29.99,27.99,27.99,22,0,-207.9,0,M2,,,,,69072200,2890041480019,N
2890041520012,TUBO SOD FORTLEV 50,89,89,89,89,50,0,-7.5,0,UN,,,,,39172300,2890041520012,N
2890041630018,LISTELO A1160,3.5,3.5,0,0,2.9,0,0,0,UN,,,,,85183000,2890041630018,N
2890041740014,ESCOVA CARVAO BOSCH 080 1551,6,6,0,0,2.27,0,-4,0,UN,,,,,85183000,2890041740014,N
2890041750013,ESCOVA CARVAO ARAUJO PACOTE,16,16,15,14,7,0,-8,0,UN,,,,,85183000,2890041750013,N
2890041780010,COLA CONTATO BRASCOPLAST 75G,10,10,9.5,9.5,4.85,7.54,16,5,UN,,,,,35061010,2890041780010,N
2890041820013,ABRACAD NYLON 280X3.6,0.4,0.4,0,0,0.12,0,-21,0,UN,,,,,39269090,2890041820013,N
2890041840011,FECH STAM 813/21 INT INOX,35,35,0,0,20.52,0,0,0,UN,,,,,85183000,2890041840011,N
2890041880017,ISOPOR EPS 40X1.00X0,9,9,8.5,8.5,4,0,-478,0,UN,,,,,85183000,2890041880017,N
2890042050013,MANGUEIRA CORRUGADA TIGREFLEX 3/4 C/25M,2.5,2.5,1.7,1.6,1.07,0,-23,0,UN,,,,,85183000,2890042050013,N
2890042080010,BLOCO CIMENTO 9X19X39,4,4,0,0,1.2,0,0,0,UN,,,,,68101100,2890042080010,N
2890042100015,TUBO DESC P/DESC KRONA,19.9,19.9,0,0,10.86,0,-1,0,UN,,,,,85183000,2890042100015,N
2890042160019,LUVA LL RED 32X25,4.8,4.8,4.5,4,2.5,1.98,16,6,UN,,DIVERSOS,CONEXOES,AGUA,39174090,2890042160019,N
2890042240018,CAIXA FORTLEV 3000LTS,1730,1730,0,0,955,0,0,0,UN,,,,,39251000,2890042240018,N
2890042340015,"INCENOR 62060 33X50 CX2,48",27.99,27.99,25.99,25.99,18,0,-37.18,0,M2,,,,,69072200,2890042340015,N
2890042350014,PARAFUSO S-3,0.18,0.18,0,0,0.03,0,0,0,UN,,,,,73181500,2890042350014,N
2890042360013,LUBRICANTE CORRENTE MUNDIAL,9.9,9.9,0,0,5.25,0,0,0,UN,,,,,85183000,2890042360013,N
2890042370012,REV CERAL GLACIAL,15.99,15.99,0,0,0,0,0,0,MT,,,,,85183000,2890042370012,N
2890042500013,ARG 20KG AC-3VOTOMASSA S/PISO,47,47,0,0,29.27,0,0,0,SC,,,,,38245000,2890042500013,N
2890042510012,BROCA CONCRETO IRWIN 10MM,19.5,19.5,19,18.5,10.41,0,-1,0,UN,,,,,82075011,2890042510012,N
2890042520011,TUBO ESG FORTLEV 150,199.99,199.99,190,190,110,0,-2,0,UN,,,,,39172300,2890042520011,N
2890042550018,CAP ESGOTO 100MM,8.5,8.5,8.5,8.5,4,0,-32,9,UN,,DIVERSOS,CONEXOES,ESGOTO,39174090,2890042550018,N
2890042560017,CAIXA SIF FORTLEV 150X150X50,36.99,36.99,36,36,25.99,0,-1,0,UN,,,,,39174090,2890042560017,N
2890042570016,JOELHO SOLD LR AZUL 25X1/2,5.9,5.9,5.5,5,2.87,2.78,6,12,UN,,DIVERSOS,CONEXOES,AGUA,39174090,2890042570016,N
2890042650015,CHAPIX PVA 3.6L GL,33,33,0,0,20.37,0,0,0,UN,,,,,85183000,2890042650015,N
2890042660014,CHAPIX PVA FR 1L,14,14,0,0,8.58,0,0,0,UN,,,,,85183000,2890042660014,N
2890042730014,REV 55800,19.99,19.99,0,0,0,0,0,0,M2,,,,,85183000,2890042730014,N
2890042870017,PARAFUSO S-4 (DOBRADICA),0.25,0.25,0,0,0.07,0,-240,0,UN,,,,,73181500,2890042870017,N
2890042880016,DISJUNTOR UNIP BR 25A TRAMONTINA,11,11,10.5,10,5.6,5.63,-15,5,UN,,,,,85362000,2890042880016,N
2890042980013,LUVA LR AZUL 20X1/2,5.5,5.5,5.3,5,2.8,1.47,-37,12,UN,,DIVERSOS,CONEXOES,AGUA,39174090,2890042980013,N
2890043110013,PORTA DEC SAFIRA 70 SUCUPIRA,175,175,0,0,0,0,-22,0,UN,,,,,85183000,2890043110013,N
2890043130011,INCENOR 61090,25.99,25.99,0,0,18,0,0,0,M2,,,,,69072200,2890043130011,N
2890043280013,DISJUNTOR UNIP BR 32A TRAMONTINA,11,11,10.5,10,5.63,5.63,-2,5,UN,,,,,85362000,2890043280013,N
2890043300018,ELIANE PORCELANATO SENSITIVE FENDI 45X45,23,23,0,0,16.3,0,0,0,UN,,,,,85183000,2890043300018,N
2890043310017,ELIANE NOAVA BEGE 33,13.65,13.65,0,0,0,0,0,0,UN,,,,,85183000,2890043310017,N
2890043370011,BALCAO 1.60 MGM COZ BARI GAVETAO BCO/PT,388,388,0,0,259,0,0,0,UN,,,,,94034000,2890043370011,N
2890043400015,BLOCO CALHA 12,3.8,3.8,0,0,1.4,0,0,0,UN,,,,,68101100,2890043400015,N
2890043450010,RODAFORRO MONBL/CARVALHO,19.9,19.9,0,0,12.12,0,0,0,UN,,,,,85183000,2890043450010,N
2890043490016,CAMPAINHA DICOMPEL CIGARRA,32,32,0,0,18.7,0,0,0,UN,,,,,85183000,2890043490016,N
2890043530019,RESISTENCIA LORENZETTI 127V (BD4TMP/FASH),27.9,27.9,0,0,16.73,0,-1,1,UN,,,,,85168010,2890043530019,N
2890043580014,RESISTENCIA LORENZETTI 220V (MAXIDUCHA),22.5,22.5,0,0,12.37,0,0,2,UN,,,,,85168010,2890043580014,N
2890043590013,ANCINHO TRAMON CURVO 12 DENTES S/CABO,26,26,25,25,14.05,0,-4,2,UN,,,,,82013000,2890043590013,N
2890043600019,"PA TRAMONTINA QUADRADA C/CABO 1,20M",69.9,69.9,68,68,43.38,43.38,-2,0,UN,,,,,82011000,2890043600019,N
2890043640015,ALICATE BICO TRAMONTINA MEIA CANA,36,36,0,0,20.92,17.11,2,0,UN,,,,,82032010,2890043640015,N
2890043650014,JOGO CHAVE FENDA 6PCS TRAMONTINA,26.9,26.9,26,26,16.62,18.44,11,0,UN,,,,,82054000,2890043650014,N
2890043670012,CHAVE BIELA 15MM,33.5,33.5,32,30,16.45,0,-1,0,UN,,,,,82041100,2890043670012,N
2890043710015,TORN DURIN COZ PAREDE BR/PT 1073/1174,26.9,26.9,26,25,15.72,0,-6,0,UN,,,,,84818019,2890043710015,N
2890043750011,FILETE MARMORE 0.75,19,19,0,0,0,0,0,0,UN,,,,,85183000,2890043750011,N
2890043760010,FILETE MARMORE 0.85,29,29,0,0,18,0,0,0,UN,,,,,85183000,2890043760010,N
2890043840019,CHAPA OSB 8MM 1.22X2,23,23,0,0,0,0,0,0,UN,,,,,85183000,2890043840019,N
2890043880015,MODULO RED 02,11,11,10.5,10,5.39,0,-4,2,UN,,,,,84819010,2890043880015,N
2890043890014,MODULO RED 03,9.9,9.9,0,0,5.32,0,0,0,UN,,,,,85183000,2890043890014,N
2890043930017,MODULO RED 12,15.5,15.5,15,14.5,7.27,0,0,1,UN,,,,,84819010,2890043930017,N
2890043940016,MODULO RED 11,13.9,13.9,0,0,6.91,0,0,0,UN,,,,,85183000,2890043940016,N
2890043960014,TORN OLIVEIRA 1167 C-40 BM PAREDE,65,65,62,60,36,0,-10,0,UN,,,,,84818011,2890043960014,N
2890043980012,PORCA 1/4,0.4,0.4,0,0,0.13,0,-8,0,UN,,,,,85183000,2890043980012,N
2890043990011,BLUKIT KIT FACIL 10EM1,85,85,0,0,49,0,0,0,UN,,,,,84819010,2890043990011,N
2890044000016,BLUKIT CARRAPETA 15MM,9,9,0,0,1.82,0,-2,0,UN,,,,,85183000,2890044000016,N
2890044010015,BLUKIT CARRAPETA 13MM,8,8,0,0,1.83,0,-1,0,UN,,,,,85183000,2890044010015,N
2890044080018,FURADEIRA STANLEY 1/2 IMPACTO 13MM 600W,329.9,329.9,320,320,233.9,0,-3,1,UN,,,,,84672100,2890044080018,N
2890044150018,JOELHO SOLD LL 45 X 20MM,1.3,1.3,1.5,1.8,0,0,-4,12,UN,,DIVERSOS,CONEXOES,AGUA,39174090,2890044150018,N
2890044160017,JOELHO SOLD LL 45 X 32MM,5.8,5.8,5.5,5.5,2.53,2.36,-2,6,UN,,DIVERSOS,CONEXOES,AGUA,39174090,2890044160017,N
2890044270013,TOALHEIRO FLORENCA INOX 3527,25,25,0,0,12.57,0,0,0,UN,,,,,85183000,2890044270013,N
2890044300017,ABRACAD U 1/2,1.1,1.1,1,1,0.37,0,57,0,UN,,,,,73089090,2890044300017,N
2890044320015,FORMAO MOMFORT 1/2,20,20,20,20,11.2,11.2,-3,0,UN,,,,,82053000,2890044320015,N
2890044330014,FORMAO TRAMONTINA 5/8,31,31,30,29,15.89,15.89,-1,0,UN,,,,,82053000,2890044330014,N
2890044360011,"ROCHAFORTE PEDRA BASALTO CX3,30",29.99,29.99,27.99,27.99,21,0,-49.2,0,M2,,,,,69072200,2890044360011,N
2890044440010,INCENOR 57110 (CX2.21),29.99,29.99,26.99,26.99,22,0,-99.81,0,M2,,,,,69072200,2890044440010,N
2890044470017,INCENOR 66010 46X46 A,23.99,23.99,23.99,23.99,18,0,-18.76,0,M2,,,,,69072200,2890044470017,N
2890044600018,ELIANE PASTILHA BG,19.9,19.9,0,0,0,0,0,0,UN,,,,,85183000,2890044600018,N
2890044620016,ELIANE PASTILHA VERDE,19.9,19.9,0,0,0,0,0,0,UN,,,,,85183000,2890044620016,N
2890044690019,ELIANE FORMA SLIM BR PONTA,16.99,16.99,0,0,0,0,0,0,M2,,,,,85183000,2890044690019,N
2890044730012,ELIANE PROVENZA PONTA,16.99,16.99,0,0,0,0,0,0,M2,,,,,85183000,2890044730012,N
2890044770018,INCENOR 66750 58X58 (CX2.68 COM 8 PEDRAS) 120.60M2 DIA 10-9,29.99,29.99,26.99,26.99,22,0,-50.92,0,M2,,,,,69072200,2890044770018,N
2890044800012,DELTA REV WHITE,12.9,12.9,0,0,0,0,0,0,UN,,,,,85183000,2890044800012,N
2890044820010,FORMIGRES BRANCO 50,34.9,34.9,0,0,0,0,0,0,M2,,,,,69072200,2890044820010,N
2890044830019,ELISABETH PASTILHA BR,19,19,0,0,0,0,0,0,UN,,,,,85183000,2890044830019,N
2890044920017,MANGUEIRA TANQUE SAIDA 1.27M,3.8,3.8,0,0,1.86,0,-2,0,UN,,,,,85183000,2890044920017,N
2890044930016,MANGUEIRA TRANCADA TRAMONTINA C/20M,94.9,94.9,92,92,63.73,89.21,2,0,UN,,,,,39173900,2890044930016,N
2890045490014,TINTA DIAGESSO ACRILICO 3.6L,77,77,0,0,41.29,0,-2,0,UN,,,,,32091010,2890045490014,N
2890045500010,VERNIZ EUCATEX 900ML MOGNO,41,41,40,40,25.39,0,-1,0,UN,,,,,32091020,2890045500010,N
2890045530017,GRELHA ASTRA GIRAT RED BR 10CM GRB1,10,10,0,0,4,0,0,0,UN,,,,,85183000,2890045530017,N
2890045800011,ARENOSO CACAMBA,580,580,0,0,0,0,0,0,UN,,,,,25059000,2890045800011,N
2890045820019,"PIA FIBRA 0,85M",99.9,99.9,96,95,64.6,0,-4,0,UN,,,,,85183000,2890045820019,N
2890045850016,LAVANDERIA 56X46 FIBRA,109,109,105,100,61.75,0,-1,0,UN,,,,,63025300,2890045850016,N
2890045870014,"LAVANDERIA 1,10 DUPLA FIBRA",159.9,159.9,155,155,99,0,-2,0,UN,,,,,85183000,2890045870014,N
2890046020012,INCENOR 61070 A,25.9,25.9,0,0,19,0,-8.04,0,M2,,,,,69072200,2890046020012,N
2890046090015,SENSOR DE PRESENCA PERLEX,35,35,0,0,17,0,0,0,UN,,,,,85183000,2890046090015,N
2890046180013,KARINA 53002 53X53,19.9,19.9,0,0,0,0,0,0,M2,,,,,69072200,2890046180013,N
2890046190012,KARINA 53024HD 53X53,19.9,19.9,0,0,0,0,0,0,M2,,,,,69072200,2890046190012,N
2890046220016,REG ESFERA 32MM FORTLEV C/UNIAO,32.5,32.5,32,32,18.32,17.04,0,0,UN,,,,,84818095,2890046220016,N
2890046230015,REG ESFERA 40MM FORTLEV,43,43,41,41,24.36,22.65,-1,0,UN,,,,,84818095,2890046230015,N
2890046240014,REG ESFERA 50MM FORTLEV,55,55,53,52,30.02,27.92,-2,0,UN,,,,,84818095,2890046240014,N
2890046250013,BOIA VIQUA P/CAIXA D AGUA,12,12,11.5,11.5,6.28,6.28,13,0,UN,,,,,84818019,2890046250013,N
2890046260012,LUVA LR AZUL 25X3/4 FORTLEV,6.5,6.5,6,6,2.63,3.89,11,12,UN,,DIVERSOS,CONEXOES,AGUA,39174090,2890046260012,N
2890046270011,EXTENSAO GARRA 3M 2P,17.9,17.9,17.5,17,8.7,8.7,4,0,UN,,,,,85444900,2890046270011,N
2890046280010,FIXADOR P/TINTA PO/ CAL,1.7,1.7,1.7,1.7,0.76,0.74,28,0,UN,,,,,35061090,2890046280010,N
2890046290019,ACABAMENTO P/REG OLIVEIRA C-23,16,16,15.5,15,7.05,0,-25,0,UN,,,,,84819010,2890046290019,N
2890046300015,ACABAMENTO P/REG OLIVEIRA C-40 BLISTER METAL,24.9,24.9,24,24,13.6,0,-89,0,UN,,,,,84819010,2890046300015,N
2890046430019,SACOS P/AREIA,2.8,2.8,2.7,2.5,1.2,0,-320,0,UN,,,,,85183000,2890046430019,N
2890046550014,PREGO MISTO 100G,3.5,3.5,0,0,0,0,-157.6,0,GR,,,,,73170090,2890046550014,N
2890046580011,DESENTUPIDOR TUFAO MANUAL 5M,55,55,53,52,32.38,0,-4,0,UN,,,,,82055900,2890046580011,N
2890046600016,CAIXA FORTLEV P/MASSA 40L PLAST AZUL,35,35,34,33,19.13,0,-3,0,UN,,,,,39259090,2890046600016,N
2890046660010,KIT MEBUKI 3 PECAS LINEA MAX,38.9,38.9,0,0,6.99,0,0,0,UN,,,,,85183000,2890046660010,N
2890046690017,MODULO RED 07,12.5,12.5,12,11.5,5.79,0,-1,1,UN,,,,,84819010,2890046690017,N
2890046700013,KIT PORTA 60 SUCUPIRA,359,359,345,345,254.02,0,-8,0,UN,,DIVERSOS,PORTA,,85183000,2890046700013,N
2890046710012,ENGATE 30CM,7,7,7,7,3.06,2.03,-10,0,UN,,,,,39173300,2890046710012,N
2890046760017,MASSA CORRIDA PVA IQUINE 1/4,8,8,0,0,4.79,0,0,0,UN,,,,,32141020,2890046760017,N
2890046880012,VARAO CORTINA BRANCO C/2MTS,29,29,28,28,17.46,0,-5,0,UN,,,,,73043920,2890046880012,N
2890046920015,VARAO P/CORTINA MOGNO C/2MTS,26,26,0,0,9.37,0,0,0,UN,,,,,73043920,2890046920015,N
2890046950012,VARAO P/CORTINA CEREJEIRA C/3MTS,3,3,0,0,1401.14,0,0,0,UN,,,,,73043920,2890046950012,N
2890047050018,SAPATA FERRO 5/16 60X60,25.5,25.5,25,25,13,0,-9,0,UN,,,,,85183000,2890047050018,N
2890047100010,SETEIRA ALUMINIO 100X30,125,125,120,118,75.14,0,-7,0,UN,,,,,85183000,2890047100010,N
2890047160014,CALHA AMANCO (JOELHO 100MM),20.9,20.9,0,0,0,0,0,0,UN,,DIVERSOS,CONEXOES,CALHA,39174090,2890047160014,N
2890047180012,CHAPIX PVA 18L,140.2,140.2,0,0,88.82,0,0,0,UN,,,,,85183000,2890047180012,N
2890047220015,FORMIGRES ADERE CINZA,33.99,33.99,0,0,24,0,0,0,UN,,,,,69072200,2890047220015,N
2890047250012,FECH STAM 1500/06 FX COLONIAL,245,245,235,225,156.11,128.5,-2,0,UN,,,,,83014000,2890047250012,N
2890047270010,FECH STAM 1800/08 FX INOX,60,60,0,0,38.88,0,0,0,UN,,,,,83014000,2890047270010,N
2890047290018,PORC POLIDO TRAVERTINO 60X60,59.9,59.9,0,0,43.34,0,0,0,M2,,,,,85183000,2890047290018,N
2890047340010,ACABAMENTO P/REG DECA C-35,55,55,0,0,7.95,0,-5,0,UN,,,,,85183000,2890047340010,N
2890047350019,VALVULA PIA AMERIC OLIVEIRA GR INOX,16.8,16.8,16,15.5,7.14,0,-29,0,UN,,,,,85183000,2890047350019,N
2890047390015,ELIANE MAXIGRES MONTE BIANCO 60X60,33,33,0,0,22.57,0,0,0,M2,,,,,85183000,2890047390015,N
2890047420019,BANCA G PRET 1.00 X 0.55,425,425,410,405,300,0,-1,0,UN,,,,,85183000,2890047420019,N
2890047430018,BANCA G VERDE 1.40 X 0.55,389,389,375,370,0,0,0,0,UN,,,,,85183000,2890047430018,N
2890047500018,COBOGO CIMENTO ESTRELA,2.8,2.8,0,0,1.2,0,0,0,UN,,,,,85183000,2890047500018,N
2890047520016,KIT PORTA 60 BRANCA,359,359,345,345,254.02,0,-2,0,UN,,DIVERSOS,PORTA,,85183000,2890047520016,N
2890047690016,"KARINA 37207 CX2,43",36.99,36.99,33.99,33.99,8.09,0,0,0,M2,,,,,69072200,2890047690016,N
2890047720010,CAIXA VERSATIL FAME C/DISJUNTOR 1X20A,46,46,0,0,18.29,0,0,0,UN,,,,,85183000,2890047720010,N
2890047770015,LUVA P/MANG CORRUGADA 32MM FORTLEV,2.5,2.5,3,3.5,0.4,0,0,5,UN,,,,,39174090,2890047770015,N
2890047780014,LUVA LR AZUL 25X1/2 FORTLEV,4.5,4.5,5,6,1.27,0,-3,12,UN,,DIVERSOS,CONEXOES,AGUA,39174090,2890047780014,N
2890047830016,LAVANDERIA 53X53 FIBRA,99.9,99.9,95,95,61.75,0,-12,0,UN,,,,,63025300,2890047830016,N
2890047840015,PIA UNICA PREMIUM 1.00X0,58.6,58.6,0,0,0,0,0,0,UN,,,,,85183000,2890047840015,N
2890047860013,TELHA ETERNIT TROPICAL 5MM 1.83X1.10,67,67,59.99,59.99,48,0,-601,0,UN,,,,,68118200,2890047860013,N
2890047870012,FECH STAM 803/02 ESP INOX,65,65,0,0,32,0,-2,0,UN,,,,,83014000,2890047870012,N
2890047880011,CALHA TIGRE EMENDA,45,45,43,42,25.23,0,-3,6,UN,,DIVERSOS,CONEXOES,CALHA,39174090,2890047880011,N
2890047900016,ADAPT TOMADA 10A P/ 20A,5,5,4.5,4,0.86,0,-229,20,UN,,,,,85366910,2890047900016,N
2890047910015,COLUNA GERDAU 5/16 7X17 C/6M,99,99,89,88,74,0,-278.5,0,UN,,,,,73089010,2890047910015,N
2890047980018,MT TUBO ESG 40MM TIGRE 1M,5,5,0,0,0,0,0,0,UN,,,,,39172300,2890047980018,N
2890048030019,LAMINA DE SERRA THOMPSON,6.5,6.5,6,6,2.42,2.02,48,5,UN,,,,,82029100,2890048030019,N
2890048070015,INT TRAM TABLET 1 TECLA PARALELO,15,15,0,0,8.58,0,-5,0,UN,,,,,85183000,2890048070015,N
2890048090013,INT TRAM ARIA 1 TECLA,6.8,6.8,6.5,6.5,3.77,5.03,122,0,UN,,,,,85365090,2890048090013,N
2890048170012,INT TRAM TABLET 2 TECLA PARALELO,23,23,0,0,10.75,0,0,0,UN,,,,,85183000,2890048170012,N
2890048190010,PLACA 4X2 TRAMONTINA ARIA CEGA,4.4,4.4,4.2,4,2.18,3.27,38,0,UN,,,,,39259090,2890048190010,N
2890048220014,CHAVE DE FENDA 1/8 X 3,6,6,0,0,1.34,0,0,0,UN,,,,,85183000,2890048220014,N
2890048260010,INCENOR 65620 CX2.68,29.99,29.99,26.99,26.99,21,0,-78.93,0,M2,,,,,69072200,2890048260010,N
2890048330010,FILTRO LORENZETTI CR REG,120,120,0,0,57.39,0,0,1,UN,,,,,85183000,2890048330010,N
2890048440016,MANGUEIRA CORRUGADA AMARELA 3/4 C/25MT,29.9,29.9,0,0,0,0,0,0,MT,,,,,85183000,2890048440016,N
2890048540013,ESQUADRO MOMFORT 12 CB PLAST 30CM,17.9,17.9,18.9,19,9.06,9.06,0,0,UN,,,,,90172000,2890048540013,N
2890048570010,INCENOR 70500 A,29.99,29.99,0,0,21,0,0,0,M2,,,,,69072200,2890048570010,N
2890048650019,ROCHAFORTE CARRARA CX3.30,29.99,29.99,26.99,26.99,21,0,-129,0,M2,,,,,69072200,2890048650019,N
2890048680016,MASSA CORRIDA PVA EUCATEX 1/4,13.5,13.5,13,13,7.94,0,-1,0,UN,,,,,32141020,2890048680016,N
2890048790012,"BROCA ACO RAPIDO 5/32"" 4MM IRWIN",8.5,8.5,8,8,4.05,0,-11,0,UN,,,,,82075011,2890048790012,N
2890048850013,INCENOR 66210 58X58,28.99,28.99,26.99,26.99,18,0,0,0,M2,,,,,69072200,2890048850013,N
2890048860012,"INCENOR 66680 CX2,68",26.99,26.99,24.99,24.99,19,0,0,0,M2,,,,,69072200,2890048860012,N
2890048880010,"INCENOR 66280 A TIJOLINHO 33X50 CX2,48",29.99,29.99,27.99,27.99,21,0,-24.8,0,M2,,,,,69072200,2890048880010,N
2890048940011,DIVISOR ANTENA 1X3 SAIDAS METAL TV,7.9,7.9,7.5,7.5,2.79,2.79,4,0,UN,,,,,85299090,2890048940011,N
2890049000011,LUVA LL CORRER 40MM,19.9,19.9,21,22,12,0,0,4,UN,,DIVERSOS,CONEXOES,AGUA,39174090,2890049000011,N
2890049030018,QUADRO P/01 E 2 DISJUNTOR,9.9,9.9,9.5,9,4.29,3.09,10,0,UN,,,,,85381000,2890049030018,N
2890049050016,COLA CONTATO AMAZONAS 200G,16,16,16,16,9.19,9.19,5,0,UN,,,,,35061010,2890049050016,N
2890049070014,PORTA AL 80 TODA VENEZIANA LIDER,510,510,495,490,362.68,0,-7,0,UN,,,,,76101000,2890049070014,N
2890049200015,INCENOR 65920,29.99,29.99,0,0,21.14,0,-2.21,0,M2,,,,,69072200,2890049200015,N
2890049210014,"INCENOR 66610 CX 2,68M2",29.99,29.99,26.99,26.99,21.4,0,0,0,M2,,,,,69072200,2890049210014,N
2890049270018,INCENOR 63610 CX2.79,29.99,29.99,26.99,26.99,21,0,-63.48,0,M2,,,,,69072200,2890049270018,N
2890049300012,TORN BIG LU 8156 BM 1/4 VOLTA,53,53,0,0,26.26,0,0,0,UN,,,,,84818019,2890049300012,N
2890049330019,BOIA VALE PLAST 1/2 E 3/4,49,49,0,0,2.22,0,0,0,UN,,,,,85183000,2890049330019,N
2890049400019,PREGO S/CABECA 12X12 1KG,25,25,0,0,9.12,0,0,0,UN,,,,,73170090,2890049400019,N
2890049420017,DISJUNTOR BIPOLAR 2X16A,42,42,40,39,16.33,0,-8,2,UN,,,,,85362000,2890049420017,N
2890049450014,MT TUBO SOLD 40MM FORTLEV,12,12,0,0,0,0,-8,0,UN,,,,,39172300,2890049450014,N
2890049460013,MT TUBO SOLD 50MM FORTLEV,19,19,0,0,0,0,0,0,UN,,,,,39172300,2890049460013,N
2890049510015,DISCO LIXA FERRO N-80,6,6,0,0,1.73,0,-1,0,UN,,,,,85183000,2890049510015,N
2890049610012,LIXEIRA INOX REDONDA 3 LITROS,37,37,0,0,21.63,0,0,0,UN,,,,,85183000,2890049610012,N
2890049630010,SOLVENTE 900ML EUCATEX,22,22,21,20,11.91,9.46,-5,0,UN,,,,,38140010,2890049630010,N
2890049730017,"ESQUADRO MOMFORT 14"" PVC",18,18,0,0,10.67,0,-1,0,UN,,,,,85183000,2890049730017,N
2890049770013,TINTA SPRAY LARANJA,22,22,22,21,11.59,0,-5,1,UN,,,,,32082019,2890049770013,N
2890049780012,ELIANE PORC SENSITIVE FENDI 60X60,38,38,0,0,26.56,0,0,0,M2,,,,,85183000,2890049780012,N
2890049800017,ELIANE MAXIGRES VENATO BIANCO 60X60,33,33,0,0,21.72,0,0,0,UN,,,,,85183000,2890049800017,N
2890049860011,TRINCHA CONDOR 3,12,12,11,10,6.39,6.39,10,0,UN,,,,,96034090,2890049860011,N
2890049930011,CHAVE BIELA 14MM,32.5,32.5,31,30,16.11,16.11,0,0,UN,,,,,82041100,2890049930011,N
2890049950019,CHAVE BIELA 10MM,24.9,24.9,24,22,12.45,6.35,0,0,UN,,,,,82041100,2890049950019,N
2890049970017,CHAVE BIELA 12MM,30.9,30.9,30,28,15.37,15.37,0,0,UN,,,,,82041100,2890049970017,N
2890050040013,TRINCHA CONDOR 1,3.5,3.5,0,0,1.65,1.65,13,0,UN,,,,,96034090,2890050040013,N
2890050050012,INCOPISO 160118,35.99,35.99,0,0,0,0,0,0,M2,,,,,85183000,2890050050012,N
2890050080019,INCOPISO 170047,30,30,0,0,0,0,0,0,M2,,,,,85183000,2890050080019,N
2890050100014,INCENOR 65980,29.99,29.99,0,0,21,0,0,0,M2,,,,,69072200,2890050100014,N
2890050140010,"INCOPISO 160106 CX2,04",32.99,32.99,29.99,29.99,0,0,-22.32,0,M2,,,,,85183000,2890050140010,N
2890050150019,RODAFORRO PVC CARVALHO C/6M,19.9,19.9,0,0,12.6,0,0,0,UN,,,,,85183000,2890050150019,N
2890050200011,"BARROTINHO 4,00M CUPIUBA 5X3",36,36,0,0,0,0,-16,0,UN,,,,,44079990,2890050200011,N
2890050320016,FITA ISOLANTE 10M 3M,8,8,7.5,7.5,4.39,4.53,24,3,UN,,,,,39191020,2890050320016,N
2890050400015,INCOPISO 60072,31.99,31.99,0,0,0,0,0,0,M2,,,,,85183000,2890050400015,N
2890050460019,"PORC TUSCANY WHITE PL A 60X60 CX1,80",76.99,76.99,69.99,69.99,43.34,0,0,0,M2,,,,,85183000,2890050460019,N
2890050490016,TINTA DIAPISO SUPER 18LTS,299.9,299.9,290,290,204,0,0,0,UN,,,,,32091010,2890050490016,N
2890050540018,MANDRIL C/CHAVE BOSCH 3/8,45,45,44,44,23.04,0,-1,1,UN,,,,,84661000,2890050540018,N
2890050580014,VELA P/FILTRO CERAMICO S JOAO/STEFAN,13.99,13.99,13.5,13.5,7.57,12.02,62,0,UN,,,,,69120000,2890050580014,N
2890050660013,INCOPISO 66450,35,35,0,0,0,0,0,0,M2,,,,,85183000,2890050660013,N
2890050670012,INCOPISO 150024 A 50X50,19.9,19.9,0,0,0,0,0,0,M2,,,,,85183000,2890050670012,N
2890050680011,INCOPISO 90003,33,33,0,0,0,0,0,0,M2,,,,,85183000,2890050680011,N
2890050750011,BARRA DE APOIO INOX PRATIK 25MM,105,105,0,0,63.67,0,-1,0,UN,,,,,85183000,2890050750011,N
2890050780018,"INCENOR 66180 CX2,68",25.99,25.99,23.99,23.99,0,0,-16.08,0,M2,,,,,69072200,2890050780018,N
2890050790017,CARRETO CASSANGE,90,90,80,80,0,0,-35,0,UN,,,,,85183000,2890050790017,N
2890051040012,FECH STAM 601-602/03,82,82,80,80,50.33,50.33,2,0,UN,,,,,83014000,2890051040012,N
2890051220018,CHUVEIRO LORENZ FASHION 127/5500W,109.9,109.9,105,105,71.51,0,-3,0,UN,,,,,85161000,2890051220018,N
2890051330014,REV CERAL VITRAL BR 33X46,16.9,16.9,0,0,9.53,0,0,0,M2,,,,,85183000,2890051330014,N
2890051340013,REV CERAL VITRAL VERDE 33X46,16.9,16.9,0,0,9.53,0,0,0,M2,,,,,85183000,2890051340013,N
2890051400014,QUADRO P/06-08 THOMPSON/TAF,29.9,29.9,29,28,14.29,0,-7,0,UN,,,,,85381000,2890051400014,N
2890051620016,"PCA 3,0M CUPIU 9X5",79.9,79.9,0,0,43.2,0,-56,0,UN,,,,,44079990,2890051620016,N
2890051670011,JUNCAO ESGOTO 40MM FORTLEV,5.5,5.5,5.5,5,1.89,0,-4,7,UN,,DIVERSOS,CONEXOES,ESGOTO,39174090,2890051670011,N
2890051730012,ABRACAD NYLON 400X4,0.25,0.25,0,0,0,0,-1,0,UN,,,,,39269090,2890051730012,N
2890051880014,TOMADA SOBREPOR 2P + T CERGE,6.5,6.5,0,0,2.65,53.17,-1,0,UN,,,,,85369090,2890051880014,N
2890051890013,COLA ARALDITE MASSA EPOXI 50G,5.5,5.5,6,6.5,2.55,0,0,3,UN,,,,,35069110,2890051890013,N
2890051910018,ENGATE 100CM,16,16,15,15,4.49,0,-4,0,UN,,,,,39173300,2890051910018,N
2890051930016,RODIZIO SOPRANO TRANSP 35MM S/FREIO,8.5,8.5,8,8,4.11,0,-19,0,UN,,,,,83022000,2890051930016,N
2890051940015,AREIA LATA SACO,7,7,7,7,0,0,-225,0,UN,,,,,25051000,2890051940015,N
2890051980011,CHAVE DE FENDA 1/8 X 5,8,8,0,0,271.2,4.11,9,0,UN,,,,,85183000,2890051980011,N
2890051990010,LUVA LL RED 40X20,7,7,0,0,0,1.85,12,0,UN,,,,,39174090,2890051990010,N
2890052000015,FECH STAM 940-ESP INOX-PERFIL,55,55,0,0,24.8,0,0,0,UN,,,,,85183000,2890052000015,N
2890052010014,ESCADA ALUMINIO 04 DEGRAUS,163.9,163.9,160,159,109.27,131.54,6,0,UN,,,,,76169900,2890052010014,N
2890052040011,FECH ELETRICA STAM 12V PTO,209,209,200,200,138.84,0,-1,0,UN,,,,,83014000,2890052040011,N
2890052060019,KIT PARAFUSO PRECON,1.4,1.4,0,0,0,0,0,0,UN,,,,,85183000,2890052060019,N
2890052080017,RODAPE LINEART,3,3,0,0,1.7,0,0,0,UN,,,,,85183000,2890052080017,N
2890052120010,FITA EMPACOT.MARROM,5.9,5.9,5.7,5.5,3.09,0,-8,3,UN,,,,,39191010,2890052120010,N
2890052130019,TINTA MASSATOP BALDE 16L ECONOMICA,85,85,88,89,57,0,-22,0,UN,,,,,32091010,2890052130019,N
2890052150017,MASSA PLASTICA IBERE PRETA 400G,18.5,18.5,18,17.5,10.44,20.25,21,6,UN,,,,,32141010,2890052150017,N
2890052160016,GESSO 5KG,6.5,6.5,0,0,3.5,0,0,0,UN,,,,,25202090,2890052160016,N
2890052230016,"TELHA PLAN CERAMICA PLAN 2,42X0,88",93,93,92,91,75,0,-57,0,UN,,,,,39211900,2890052230016,N
2890052250014,INTERFONE HDL S/PORTEIRO,58.9,58.9,0,0,39.17,0,0,0,UN,,,,,85183000,2890052250014,N
2890052300016,TAMPA PLASTICA TANQUE,1.5,1.5,1.6,1.8,0.36,0.56,41,0,UN,,,,,39174090,2890052300016,N
2890052320014,LAMPADA 30W ELGIN,16,16,16,15,7.86,2.13,29,0,UN,,,,,85395200,2890052320014,N
2890052340012,ASSENTO GRANPLAST ALMOFADADO,62,62,60,60,39.12,0,-15,0,UN,,,,,39222000,2890052340012,N
2890052380018,TRENA THOMPSON 5MT,13.5,13.5,13,13,6.61,12.78,49,3,UN,,,,,90178090,2890052380018,N
2890052460017,EGAPLAST KIT DESCARGA,105,105,0,0,39.48,0,0,0,UN,,,,,85183000,2890052460017,N
2890052520018,INCENOR 66720,29.99,29.99,0,0,0,0,-2.68,0,M2,,,,,69072200,2890052520018,N
2890052530017,BARRAGE CARRAPATICIDA,6.5,6.5,6.5,6.5,3.59,3.15,-12,0,UN,,,,,38089192,2890052530017,N
2890052550015,LIXA DAGUA 1200,7.5,7.5,7,6.5,3.37,3.37,-9,0,UN,,,,,68051000,2890052550015,N
2890052560014,CAIXA VERSATIL PERLEX C/TOM 20A,24,24,0,0,11.97,0,0,0,UN,,,,,85183000,2890052560014,N
2890052620015,TOMADA BARRA TRIPLA 20A,17.5,17.5,17,16.5,8.51,15.67,28,0,UN,,,,,85366990,2890052620015,N
2890052670010,TORN CIVIT 1646 ABS,56.5,56.5,0,0,32,2.94,4,0,UN,,,,,84818019,2890052670010,N
2890052690018,TORN CIVIT 3010/11 CR LUXO VIENA,56,56,0,0,37.52,0,-1,0,UN,,,,,84818019,2890052690018,N
2890052700014,TORN CIVIT 2762 ALAV.BR,44.9,44.9,45.9,47,25.11,23.96,0,0,UN,,,,,84818019,2890052700014,N
2890052720012,TORN CIVIT 1650 COZINHA BAIXA,59.9,59.9,0,0,40,0,0,0,UN,,,,,84818019,2890052720012,N
2890052730011,TORN CIVIT 2764 CRUZ BR,44,44,0,0,16.16,0,0,0,UN,,,,,84818019,2890052730011,N
2890052740010,TORN CIVIT 1649 CRUZ CR,59.9,59.9,0,0,40,0,0,0,UN,,,,,84818019,2890052740010,N
2890052760018,TORN CIVIT 1653 CR,40,40,0,0,23.69,0,0,0,UN,,,,,84818019,2890052760018,N
2890052770017,TORN CIVIT 2378 LUXO MONACO MESA,33,33,0,0,25,0,0,0,UN,,,,,84818019,2890052770017,N
2890052780016,TORN CIVIT 2379 LUXO MONACO PAREDE,80,80,0,0,44.21,0,0,0,UN,,,,,84818019,2890052780016,N
2890052790015,TORN CIVIT 2765 MESA BR,44,44,0,0,16.16,0,0,0,UN,,,,,84818019,2890052790015,N
2890052800011,TORN CIVIT 1647 MESA ALAV CR,59.9,59.9,0,0,25.11,0,0,0,UN,,,,,84818019,2890052800011,N
2890052850016,TORN CIVIT 1655 CRUZ CR,59.9,59.9,0,0,39.5,0,0,0,UN,,,,,84818019,2890052850016,N
2890052860015,TORN CIVIT 2776 LAVATORIO BR,28,28,0,0,17.37,0,0,0,UN,,,,,84818019,2890052860015,N
2890052870014,TORN CIVIT 1657 LAVAT CRUZ,36,36,0,0,13.04,0,-1,0,UN,,,,,84818019,2890052870014,N
2890052880013,TORN CIVIT 1650 CRUZ CR,48,48,0,0,23.69,0,0,0,UN,,,,,84818019,2890052880013,N
2890052920016,TORN CIVIT 3169 LAVAT LUXO NAPOLES PAREDE,99,99,0,0,60,59.72,0,0,UN,,,,,84818019,2890052920016,N
2890052930015,TORN OLIVEIRA LAVATORIO SOFT ALAVANCA,48,48,47,46,26.5,0,-21,0,UN,,,,,84818019,2890052930015,N
2890052940014,TORN CIVIT 2985 MAQ LAVAR,42.9,42.9,43.9,45,23.35,19.89,0,3,UN,,,,,84818019,2890052940014,N
2890053000014,TORN CIVIT 2780 CRUZ BR 18CM,32,32,0,0,12.2,10.8,0,0,UN,,,,,84818019,2890053000014,N
2890053020012,TORN CIVIT 1675 TANQ CR,22,22,0,0,9.57,0,0,0,UN,,,,,84818019,2890053020012,N
2890053030011,TORN CIVIT 2783 TANQ CRUZ BR,21,21,0,0,13.26,10.2,0,0,UN,,,,,84818019,2890053030011,N
2890053040010,TORN CIVIT 1660 CR,41,41,0,0,20.57,0,0,0,UN,,,,,84818019,2890053040010,N
2890053050019,TORN CIVIT 1649 MESA CRUZ CR,59.9,59.9,0,0,25.11,0,-1,0,UN,,,,,84818019,2890053050019,N
2890053080016,TORN CIVIT 2380 LAV LUXO MONACO,28,28,0,0,14.39,0,0,0,UN,,,,,84818019,2890053080016,N
2890053130018,INT PLUZIE SOBREPOR CAMPAINHA,5,5,0,0,2.57,0,-1,0,UN,,,,,85183000,2890053130018,N
2890053140017,DUCHA HIGIENICA OLIVEIRA BRANCA SOFT,29.9,29.9,29,28,16.9,0,-34,0,UN,,,,,39229000,2890053140017,N
2890053150016,CALHA AMANCO (ESQUADRO EXT/INT),68,68,0,0,0,0,0,0,UN,,DIVERSOS,CONEXOES,CALHA,39174090,2890053150016,N
2890053190012,DISPENSADOR CLORO FLUT P/PISCINA PEQ,33.9,33.9,33.9,33,22.61,27.56,5,0,UN,,,,,39269090,2890053190012,N
2890053240014,INT DICOMPEL 3TECLAS,17,17,0,0,7.13,0,-1,0,UN,,,,,85365090,2890053240014,N
2890053250013,INT DICOMPEL P/CAMPAINHA,12,12,0,0,5.73,0,-4,0,UN,,,,,85365090,2890053250013,N
2890053280010,PLACA 4X2 DICOMPEL,3.5,3.5,0,0,1.9,0,0,0,UN,,,,,85183000,2890053280010,N
2890053290019,PLACA 4X2 DICOMPEL C/FURO,4,4,0,0,1.87,0,0,0,UN,,,,,85183000,2890053290019,N
2890053300015,PLACA 4X4 TRAMONTINA ARIA QUADRADA,7.5,7.5,7.2,7,3.59,0,-15,0,UN,,,,,39259090,2890053300015,N
2890053330012,TOMADA DICOMPEL DUPLA 10A 7300/15,14,14,0,0,8.07,0,0,0,UN,,,,,85366910,2890053330012,N
2890053340011,TOMADA DICOMPEL DUPLA 20A 7300/31,15,15,0,0,9.04,0,0,0,UN,,,,,85366910,2890053340011,N
2890053350010,INT DICOMPEL C/TOMADA 10A 7200/1,12.5,12.5,0,0,7.84,0,-1,0,UN,,,,,85365090,2890053350010,N
2890053360019,INT DICOMPEL C/TOMADA 20A 7200/11,13,13,0,0,8.64,0,0,0,UN,,,,,85365090,2890053360019,N
2890053450017,INT DICOMPEL SISX,16,16,0,0,9.26,0,0,0,UN,,,,,85365090,2890053450017,N
2890053470015,FILTRO LINHA NATICOM C/5 TOMADAS,32.5,32.5,32,31,18.39,9.87,1,0,UN,,,,,85444900,2890053470015,N
2890053500019,RODIZIO SOPRANO TRANSP 50MM C/FREIO,12,12,11,11,6.04,0,-17,0,UN,,,,,83022000,2890053500019,N
2890053520017,TINTA SPRAY PRETO FOSCO,22,22,21,21,11.85,0,-4,1,UN,,,,,32082019,2890053520017,N
2890053620014,BARRA DE APOIO 60CM,92,92,90,90,56.23,0,0,0,UN,,,,,76152000,2890053620014,N
2890053650011,PINO MACHO 20A 2P+T,8.5,8.5,8.5,8.5,3.8,0,-10,0,UN,,,,,85369090,2890053650011,N
2890053700013,TINTA SPRAY TEKBOND CROMADO,34.9,34.9,34,34,22.49,22.49,2,1,UN,,,,,32082019,2890053700013,N
2890053720011,CHUVEIRO LORENZ MAXIDUCHA ULTRA,76,76,75,74,51.99,51.99,6,2,UN,,,,,85161000,2890053720011,N
2890053730010,CHUVEIRO LORENZ BELLA DUCHA 4T,89,89,89,89,54,0,-5,0,UN,,,,,85161000,2890053730010,N
2890053740019,BAC ACP MARIANA QUADRADO,369.99,369.99,0,0,699,0,-1,0,UN,,,,,69109000,2890053740019,N
2890053760017,ESCADA ALUMINIO 06 DEGRAUS,226,226,220,220,152.98,200.56,5,0,UN,,,,,76169900,2890053760017,N
2890053790014,ROCHAFORTE MONARCH 33X57,29.99,29.99,26.99,26.99,22,0,-46.3,0,M2,,,,,85183000,2890053790014,N
2890053890011,CAP SOLDAVEL 32MM,2.5,2.5,2.8,3,0,0,-10,8,UN,,DIVERSOS,CONEXOES,AGUA,39174090,2890053890011,N
2890053900017,ROCHAFORTE BEGE LISO CX3.30,29.99,29.99,26.99,26.99,0,0,-101,0,M2,,,,,85183000,2890053900017,N
2890053940013,LIXA FERRO 80,4.7,4.7,4.7,4.7,2.26,119.41,0,0,UN,,,,,68051000,2890053940013,N
2890053950012,LIXA FERRO 60,4.7,4.7,4.7,4.7,2.26,0,-19,0,UN,,,,,68051000,2890053950012,N
2890053960011,LIXA FERRO 100,4.7,4.7,4.7,4.7,2.07,0,-28,0,UN,,,,,68051000,2890053960011,N
2890053970010,LIXA FERRO 36,5.5,5.5,5.5,5.5,2.28,136.65,-3,0,UN,,,,,68051000,2890053970010,N
2890053980019,LIXA DAGUA 220,2.5,2.5,0,0,0.89,0,-3,0,UN,,,,,68051000,2890053980019,N
2890053990018,LIXA DAGUA 400,2.8,2.8,0,0,1,0,-8,0,UN,,,,,68051000,2890053990018,N
2890054000013,LIXA DAGUA 150,2.5,2.5,0,0,0.89,0.89,-2,0,UN,,,,,68051000,2890054000013,N
2890054010012,LIXA DAGUA 100,2.5,2.5,0,0,1.15,0,-2,0,UN,,,,,68051000,2890054010012,N
2890054020011,LIXA DAGUA 360,2.5,2.5,0,0,0.83,0.83,-9,0,UN,,,,,68051000,2890054020011,N
2890054090014,BOTA P.FORTE PT/AM 323 S/F 38,49.99,49.99,49,49,26.99,0,-2,1,UN,,,,,64029190,2890054090014,N
2890054240013,"TINTA MASSATOP ECONO 3,6L",30,30,32,34,21,0,-3,0,UN,,,,,32091010,2890054240013,N
2890054250012,CABO 16MM SIL FLEXIVEL,22,22,21,21,9.58,9.58,-49,0,MT,,,,,85441100,2890054250012,N
2890054290018,JAN ALUM 80X100 SB,215,215,210,210,140.72,0,-1,0,UN,,,,,76101000,2890054290018,N
2890054300014,CONJUNTO PARA JARDIM 3PECAS TRAMONTINA,42.9,42.9,42,40,24.4,10.26,2,0,UN,,,,,85183000,2890054300014,N
2890054310013,KIT DE BROCAS P/CONCRETO 3PECAS 5/6/8,9,9,0,0,4.21,0,0,0,UN,,,,,85183000,2890054310013,N
2890054360018,TRENA FAMASTIL 3M,12.5,12.5,13,13.5,7.66,7.66,0,0,UN,,,,,90178010,2890054360018,N
2890054400011,TINTA SPRAY TEKBOND DOURADA,26,26,26,26,14.94,0,-12,1,UN,,,,,32082019,2890054400011,N
2890054440017,ROCHAFORTE VINTAGE PRATA 33X57 (CX2.50),29.99,29.99,26.99,26.99,21,0,-55.7,0,M2,,,,,85183000,2890054440017,N
2890054450016,CONVERSOR DE TV DIGITAL KEO,5,5,0,0,61,0,0,0,UN,,,,,85183000,2890054450016,N
2890054490012,TINTA SPRAY TEKBOND AMARELO,21,21,20,20,11.59,0,-8,1,UN,,,,,32091010,2890054490012,N
2890054620013,DUCHA HIGIENICA VIT BR,36,36,36,35,21.46,21.46,3,0,UN,,,,,39229000,2890054620013,N
2890054630012,KIT HERC BANHEIRO,46,46,45,45,26.31,26.31,-1,0,UN,,,,,39259090,2890054630012,N
2890054670018,FILTRO LORENZETTI GIOVIALE,225,225,0,0,112.82,0,0,0,UN,,,,,85183000,2890054670018,N
2890054680017,DESENTUPIDOR TUFAO MANUAL 10M,98,98,96,95,54.89,74.58,2,0,UN,,,,,82055900,2890054680017,N
2890054700012,SUPORTE P/TV TUBO ANTIGA,49.9,49.9,0,0,17.85,0,0,0,UN,,,,,85183000,2890054700012,N
2890054740018,PRIMERTEX SOLVENTEX 900ML,33,33,32,31,18.85,24.84,0,2,UN,,,,,32089010,2890054740018,N
2890054780014,TINTA DELANIL ACR BCO NEVE 18L,309.99,309.99,299.99,290,205,0,-1,1,UN,,,,,32091010,2890054780014,N
2890054830016,DISCO P/MAQ NORTON CLASSIC CONTINUO,18.9,18.9,18.5,18,8.51,7.98,11,6,UN,,,,,68042119,2890054830016,N
2890054860013,BAC SIMP ICASA SABARA BR,195,195,0,0,120,0,-2,0,UN,,,,,69109000,2890054860013,N
2890054920014,ENGATE 40CM METAL INOX,33,33,33,33,19.58,0,-2,0,UN,,,,,83079000,2890054920014,N
2890054930013,TALHADEIRA SAO ROMAO CHATA 8,16,16,15.5,15,9.02,6.83,1,0,UN,,,,,82079000,2890054930013,N
2890055040018,"TINTA ESM DELANIL 0,1125L",12,12,11,11,7.18,6.08,11,1,UN,,,,,32089010,2890055040018,N
2890055050017,TINTA SPRAY TEKBOND BRANCO FOSCO,21,21,20,20,11.75,20.43,10,1,UN,,,,,32082019,2890055050017,N
2890055090013,VARAO CORTINA BRANCO C/3MTS,42,42,41,40,24.86,24.86,-2,0,UN,,,,,73043920,2890055090013,N
2890055100019,FECH STAM 804/02 FX ESP INOX,57,57,0,0,35.77,0,0,0,UN,,,,,85183000,2890055100019,N
2890055140015,VEDA CALHA 400GR,22,22,21,20,7.48,0,-5,0,UN,,,,,35061090,2890055140015,N
2890055190010,VARAO CORTINA BRANCO C/2MTS GROSSO,36,36,34,34,20.92,26.95,-4,0,UN,,,,,83025000,2890055190010,N
2890055220014,SELANTE ORBIVED P/MOTOR 50G PRETO,11,11,0,0,5.75,0,0,0,UN,,,,,32141010,2890055220014,N
2890055230013,BUCHA S-12,0.4,0.4,0.45,0.5,0.1,0.1,-8,50,UN,,,,,85183000,2890055230013,N
2890055240012,BUCHA S-10,0.25,0.25,0.2,0.2,0.05,0.08,1746,0,UN,,,,,39259090,2890055240012,N
2890055250011,TRENA SPARTA 5M,13,13,13,13,5.45,3.93,0,0,UN,,,,,90178090,2890055250011,N
2890055280018,CHAVE INGLESA TOMPSON 10MM,49.9,49.9,49,48,30.67,30.67,3,0,UN,,,,,82041200,2890055280018,N
2890055360017,SOLDA ESPECIAL 22G EM TUBO,16.9,16.9,16.9,16.9,9.33,0,8,6,UN,,,,,80012000,2890055360017,N
2890055370016,SELADOR HIDRACOR 3.6 L,43,43,42,42,26.99,3,1,0,UN,,,,,32091010,2890055370016,N
2890055380015,FILETE G PRETO 0.85,39.9,39.9,0,0,23,0,0,0,UN,,,,,85183000,2890055380015,N
2890055400010,REG ESFERA 20MM VIQUA,8,8,0,0,3.78,4.91,26,0,UN,,,,,85183000,2890055400010,N
2890055420018,INCOPISO 160104,33.99,33.99,30.99,30.99,23,0,0,0,M2,,,,,85183000,2890055420018,N
2890055440016,TINTA ESM EUCALAR 900ML ALUMINIO,49,49,47,47,33.4,27.6,5,1,UN,,,,,32089010,2890055440016,N
2890055450015,CADEADO PADO/PAPAIZ 40MM,37,37,36,36,23.69,33.89,9,0,UN,,,,,83011000,2890055450015,N
2890055480012,CADEADO PADO/PAPAIZ 25MM,22,22,21,20,11.28,12.36,8,0,UN,,,,,83011000,2890055480012,N
2890055490011,CADEADO PADO/PAPAIZ 30MM,24.5,24.5,24,24,14.15,21.69,12,5,UN,,,,,83011000,2890055490011,N
2890055500017,BUCHA S-08 GESSO,0.3,0.3,0,0,0.09,0,-2,0,UN,,,,,85183000,2890055500017,N
2890055520015,BUCHA S-06,0.15,0.15,0.12,0.12,0.01,0,-336,0,UN,,,,,39259090,2890055520015,N
2890055550012,PILHA AAA,1.7,1.7,1.7,1.5,0.61,1.32,221,0,UN,,,,,85061020,2890055550012,N
2890055600014,"INCENOR 66230 33X50 CANJIQUINHA BRANCO CX2,48",29.99,29.99,26.99,26.99,20,0,0,0,M2,,,,,69072200,2890055600014,N
2890055630011,MASCARA C/VALVULA,3.8,3.8,3.8,3.8,1.63,1.12,2,12,UN,,,,,63079010,2890055630011,N
2890055640010,TINTA ESM EUCALAR 900ML MARFIM,33,33,0,0,13.79,0,0,1,UN,,,,,32081010,2890055640010,N
2890055650019,TINTA ESM EUCALAR 900ML CINZA MEDIO,33,33,0,0,21,0,0,1,UN,,,,,32081010,2890055650019,N
2890055720019,PARAFUSADEIRA TRAMONTINA 21PCS,162,162,158,155,102.36,49.99,1,0,UN,,,,,84672992,2890055720019,N
2890055730018,MANGUEIRA TRANCADA TRAMONTINA C/30M,134.9,134.9,130,129,90.2,43.09,0,0,UN,,,,,39173900,2890055730018,N
2890055790012,CARRETO 2,55,55,50,50,0,0,-57,0,UN,,,,,85183000,2890055790012,N
2890055800018,TINTA ESM EUCALAR 900ML PLATINA,33,33,0,0,12,0,0,1,UN,,,,,32089010,2890055800018,N
2890055820016,TINTA ESM EUCALAR 900ML VERDE FOLHA,33,33,0,0,17.85,0,0,1,UN,,,,,32089010,2890055820016,N
2890055830015,TINTA ESM EUCALAR 900ML MARROM CONHAQUE,33,33,0,0,17.85,21.15,-3,1,UN,,,,,32089010,2890055830015,N
2890056090012,DISCO P/MAQ CORTAG TURBO,17,17,0,0,0,0,-4,0,UN,,,,,68042119,2890056090012,N
2890056140014,LAMPADA LED 7W,8.5,8.5,9,9.5,0,0,0,0,UN,,,,,85395200,2890056140014,N
2890056170011,TORN LAV B MOVEL BUZIUS BR,23,23,0,0,14,0,0,0,UN,,,,,84818019,2890056170011,N
2890056270018,LUVA LL RED 40X25,5.5,5.5,5,5,1.76,1.48,5,6,UN,,DIVERSOS,CONEXOES,AGUA,39174090,2890056270018,N
2890056280017,DISCO MADEIRA HAMMER,17.5,17.5,17,17.5,8.62,4.92,-4,0,UN,,,,,68042119,2890056280017,N
2890056310011,VERNIZ MARITIMO 225ML EUCATEX,19.9,19.9,19,18,11.33,11.33,-3,0,UN,,,,,32091020,2890056310011,N
2890056370015,MEC.COMPLETO OLFIX,89.9,89.9,88,88,42,0,-145,0,UN,,,,,85183000,2890056370015,N
2890056390013,INT PERA,5.8,5.8,5.5,5.5,2.61,1.8,13,0,UN,,,,,85365090,2890056390013,N
2890056450014,EXTENSAO JETCON 3M 2P+T,25,25,24,24,14.74,18.53,13,0,UN,,,,,85444200,2890056450014,N
2890056470012,EXTENSAO COMPOLUX 5M REF AM-023/F,22,22,0,0,12.41,0,0,0,UN,,,,,85444200,2890056470012,N
2890056520014,DISJUNTOR BIPOLAR 2X20A,42,42,41,41,19.06,16.3,7,3,UN,,,,,85362000,2890056520014,N
2890056550011,TRANSFORMADOR 500VA KF,89.9,89.9,86,85,48.52,0,0,1,UN,,,,,85043119,2890056550011,N
2890056600013,RALINHO ESPECIAL,4.8,4.8,4.5,4,2.19,1.28,5,0,UN,,,,,96040000,2890056600013,N
2890056630010,INT PLUZIE 2TECLAS SISTX,12.5,12.5,12,12,7.28,7.28,10,0,UN,,,,,85365090,2890056630010,N
2890056640019,TOMADA DICOMPEL C/ INT SISTX,18,18,0,0,7.5,0,0,0,UN,,,,,85366910,2890056640019,N
2890056650018,BICO TORNEIRA TRAMONTINA,4.9,4.9,4.5,4.5,1.68,0,-8,0,UN,,,,,39174090,2890056650018,N
2890056670016,"PEITORIL G PRE 1.65X0,17",135,135,0,0,0,0,0,0,UN,,,,,85183000,2890056670016,N
2890056710019,BROCA MOURAO 1/4X250MM IRWIN,37,37,38,39,20.7,9.56,-3,0,UN,,,,,82075011,2890056710019,N
2890056750015,TECNOGRES 37110,53,53,0,0,41,0,0,0,UN,,,,,69072200,2890056750015,N
2890056760014,APLICADOR P/SILICONE FAMASTIL PROF,39.9,39.9,39,39,22.61,22.61,3,2,UN,,,,,82055900,2890056760014,N
2890056780012,PENDENTE STARTEC FLORENCA QUADRADO,275,275,0,0,170,0,0,0,UN,,,,,85183000,2890056780012,N
2890056800017,DOBRADICA SILVANA 11/2,2.7,2.7,2.5,2.4,0.66,0,-4,0,UN,,,,,83021000,2890056800017,N
2890056850012,TARJETA GALV 1,1.9,1.9,0,0,0,0,0,0,UN,,,,,85183000,2890056850012,N
2890056860011,TARJETA GALVANIZADA 2,3.5,3.5,0,0,1.05,0,0,0,UN,,,,,85183000,2890056860011,N
2890056930011,VARAO CORTINA CEREJEIRA C/1,6.59,6.59,0,0,0,0,0,0,UN,,,,,73043920,2890056930011,N
2890056940010,VARAO CORTINA BRANCO C/2.5M,34.5,34.5,33,32,20.84,0,-3,0,UN,,,,,73043920,2890056940010,N
2890056970017,PORTA SHAMPOO BRASAMI,18,18,0,0,9.46,0,0,0,UN,,,,,85183000,2890056970017,N
2890057000010,CAPA CHUVA GRUPO VINILSEG,20.9,20.9,20,19,10.48,10.48,-2,0,UN,,,,,62014000,2890057000010,N
2890057040016,ARGAMASSA KG,1.5,1.5,0,0,0,0,0,0,UN,,,,,38245000,2890057040016,N
2890057050015,CORTADOR PISO FAMASTIL 90CM,285,285,0,0,196,0,0,0,UN,,,,,85183000,2890057050015,N
2890057080012,FECH SOPRANO 861 P/GAVETA NIQ,12,12,0,0,7.62,0,0,0,UN,,,,,85183000,2890057080012,N
2890057150012,REG OLIVEIRA PRESSAO 1416 C-23 1/2,44.9,44.9,44,43,26.83,0,-30,0,UN,,,,,84818011,2890057150012,N
2890057170010,CONECTOR PORCELANA TRIP 10MM THOMP,5,5,5,5,2.09,2.2,-1,0,UN,,,,,85369010,2890057170010,N
2890057190018,LUVA MAO PLASTICA MUCAMBO PRETA XG,12.5,12.5,12,11,5.38,9.56,-5,2,UN,,,,,40151900,2890057190018,N
2890057210013,CANTONEIRA SIMPLES BRANCA 4X6,4.5,4.5,0,0,2.14,0,0,0,UN,,,,,85183000,2890057210013,N
2890057220012,CANTONEIRA ALUMINIO 3/4 3M CANTO VARALUX,34.9,34.9,32,30,14.78,14.78,0,0,UN,,,,,76042920,2890057220012,N
2890057230011,CANTONEIRA SIMPLES BRANCA 8X10,6,6,0,0,3.49,0,0,0,UN,,,,,85183000,2890057230011,N
2890057270017,GRAXA MOTO,28,28,0,0,16.15,3.6,0,0,UN,,,,,82032010,2890057270017,N
2890057280016,TOMADA SOBREPOR RADIAL 10A,6,6,0,0,2.67,0,-3,0,UN,,,,,85366910,2890057280016,N
2890057290015,TOMADA SOBREPOR RADIAL 20A,6.5,6.5,0,0,2.58,0,-4,0,UN,,,,,85366910,2890057290015,N
2890057300011,COLA ADESIVA FIXA TUDO 20G,16,16,0,0,9.14,0,0,0,UN,,,,,35061010,2890057300011,N
2890057320019,"INCOPISO 60165 CX2,43",29.99,29.99,27.99,27.99,21,0,0,0,M2,,,,,85183000,2890057320019,N
2890057360015,ESTOPA,4.2,4.2,4,4,2.2,1.01,21,0,UN,,,,,52121400,2890057360015,N
2890057370014,TINTA ESM EUCALAR 900ML AZUL MAR,33,33,0,0,16.75,0,0,1,UN,,,,,32089010,2890057370014,N
2890057430015,CHAVE BIELA 11MM,26,26,0,0,13,0,0,0,UN,,,,,82041100,2890057430015,N
2890057450013,CHAVE BIELA 16MM,34,34,32.5,31,16.91,16.91,0,0,UN,,,,,82041100,2890057450013,N
2890057460012,CHAVE COMBINADA 10MM MAYLE,9.9,9.9,9.5,9.5,6.03,6.03,4,0,UN,,,,,85183000,2890057460012,N
2890057470011,CHAVE COMBINADA 11MM MAYLE,9.9,9.9,9.9,9.9,6.25,6.25,3,0,UN,,,,,85183000,2890057470011,N
2890057490019,TINTA SPRAY COBRE METALICO,31,31,30,30,17.5,0,-1,1,UN,,,,,32082019,2890057490019,N
2890057510014,"LAVANDERIA 0,85 DUPLA FIBRA",99.9,99.9,95,95,61.75,0,-12,0,UN,,,,,85183000,2890057510014,N
2890057550010,MARRETA MOMFORT 2KG C/CABO,68,68,69,70,35,0,0,1,UN,,,,,82052000,2890057550010,N
2890057580017,PRUMO 750G CORTAG/THOMPSON,31,31,30,30,16.9,0,-5,2,UN,,,,,90153000,2890057580017,N
2890057590016,VERNIZ EUCATEX 900ML IMBUIA,41,41,40,40,25.52,0,-1,1,UN,,,,,32091020,2890057590016,N
2890057630019,COLA P/MADEIRA ALMAFLEX 90G,5.5,5.5,5.5,5.5,2.88,2.62,6,0,UN,,,,,35061010,2890057630019,N
2890057670015,VALVULA P/TANQUE OLIVEIRA 1605 CLICK 1 1/4,68,68,65,65,37.03,0,-31,0,UN,,,,,84819090,2890057670015,N
2890057760013,KIT MEBUKI LINEA MAX 3 PCS LAV BCO/PTO CR,52,52,0,0,0,0,0,0,UN,,,,,85183000,2890057760013,N
2890057790010,TORN CIVIT 2773 LAV CRUZ BR,39,39,0,0,15.25,0,0,0,UN,,,,,84818019,2890057790010,N
2890057840012,TE TOMADA UNIVERSAL PRETO,4.5,4.5,4.5,4.5,1.23,0,-49,0,UN,,,,,85366910,2890057840012,N
2890057870019,FILTRO LINHA DICOMPEL C/6 TOMADAS,36,36,0,0,30.69,0,-2,0,UN,,,,,85183000,2890057870019,N
2890057890017,ESTROVENGA TAMONTINA S/CABO,19.9,19.9,0,0,11.6,0,0,0,UN,,,,,85183000,2890057890017,N
2890057900013,VARAO P/CORTINA IMBUIA C/1.50M,24,24,0,0,12.57,0,0,0,UN,,,,,73043920,2890057900013,N
2890057910012,VARAO CORTINA CEREJEIRA C/2 MT,26,26,0,0,8.46,0,0,0,UN,,,,,73043920,2890057910012,N
2890058020017,REJUNTE QUARTZOLIT BEGE,12,12,0,0,0,7.06,-2,2,UN,,,,,32149000,2890058020017,N
2890058060013,INCENOR 66270  33X50,29.99,29.99,0,0,21.5,0,0,0,M2,,,,,69072200,2890058060013,N
2890058070012,LEGACY CX 2MTS,19.9,19.9,0,0,0,0,0,0,UN,,,,,85183000,2890058070012,N
2890058080011,ABRACAD NYLON 300X4.8,0.6,0.6,0.27,0.25,0.12,0.19,200,0,UN,,,,,39269090,2890058080011,N
2890058090010,ARRUELA LISA 1/2,0.3,0.3,0,0,0.06,0,-13,0,UN,,,,,39269090,2890058090010,N
2890058100016,LUVA MAO VOLK HELANCA PU PRETA,7.5,7.5,7.5,7.5,2.88,0,-5,1,UN,,,,,61161000,2890058100016,N
2890058160010,CADEADO PADO/PAPAIZ 60MM,71,71,70,70,38.57,38.57,2,0,UN,,,,,83011000,2890058160010,N
2890058230010,ESPATULA ROMA ACO CROMADO 63MM,10.5,10.5,10,10,5.95,6.34,16,0,UN,,,,,82055900,2890058230010,N
2890058270016,SERRA COPO HAMER MADEIRA C/6PC,29,29,29,28,15.78,15.78,-2,0,UN,,,,,82021000,2890058270016,N
2890058290014,ABRACAD U 11/2,3.5,3.5,3.5,3.2,1.18,0,-3,0,UN,,,,,73089090,2890058290014,N
2890058340016,DISJUNTOR BIPOLAR 2X25A,45,45,43,43,22.45,21.95,17,2,UN,,,,,85362000,2890058340016,N
2890058360014,INT TRAM ARIA 3 TECLAS,18.9,18.9,0,0,8.67,9.85,-2,0,UN,,,,,85365090,2890058360014,N
2890058370013,PLACA 3X3 DICOMPEL REDONDA,5.5,5.5,0,0,3.01,0,-2,0,UN,,,,,85183000,2890058370013,N
2890058390011,BOIA KRONA,12.5,12.5,12,11,5.92,0,0,0,UN,,,,,84818019,2890058390011,N
2890058420015,ENXADA NORTE 2.5 C/CABO 145CM TRAMONTINA,75,75,0,0,47.34,0,-1,0,UN,,,,,85183000,2890058420015,N
2890058430014,CLORO ATCLLOR 1KG,27.9,27.9,27,27,15.65,17.84,2,0,UN,,,,,38089419,2890058430014,N
2890058480019,PASSA FIO 10M ALMA DE ACO,17.9,17.9,17.5,17.5,8.67,11.94,10,3,UN,,,,,56074900,2890058480019,N
2890058490018,PASSA FIO 15M ALMA DE ACO,19.9,19.9,19,19,10.09,14.72,8,4,UN,,,,,56074900,2890058490018,N
2890058500014,PASSA FIO 20M ALMA DE ACO,22,22,21,20,11.68,11.68,3,4,UN,,,,,56074900,2890058500014,N
2890058530011,"CURVA ELETRODUTO ROSCA 3/4 "" 90",3.6,3.6,3.4,3.3,1.63,0,-6,10,UN,,DIVERSOS,CONEXOES,ELETRODUTO,39174090,2890058530011,N
2890058540010,FERROLHO FIO REDONDO FG 4,12.5,12.5,12,12,6.29,6.29,15,0,UN,,,,,85183000,2890058540010,N
2890058560018,ESTLETE TRIS,5,5,0,0,2.05,0,0,0,UN,,,,,85183000,2890058560018,N
7893858403894,FECH STAM 803/33 EXT INOX MOV,79.9,79.9,76,75,43.68,21.7,7,0,UN,,,,,83014000,7893858403894,N
2890058600011,FECH STAM 803/33 EXT GRAFITE MOVEL,85,85,83,80,49.1,37.71,6,0,UN,,,,,83014000,2890058600011,N
7893858564229,FECH STAM 813/33 INT GRAFITE,52,52,55,58,30.15,0,-3,0,UN,,,,,83014000,7893858564229,N
2890058690012,DESCARGA PARAFUSO FIXACAO CX ACOP DURIN,15,15,0,0,8.65,0,-3,0,UN,,,,,85183000,2890058690012,N
2890058700018,SOLVENTE 900ML AGUARAZ,21,21,20,20,9.72,2.44,-4,0,UN,,,,,38140010,2890058700018,N
2890058800015,VALVULA PIA AMERIC ABS,14.5,14.5,14,13,7.33,0,-11,0,UN,,,,,39174090,2890058800015,N
2890058830012,TORN HERC FILTRO ALAV MARROM,8.9,8.9,9.5,10,4.31,3.86,7,0,UN,,,,,84818099,2890058830012,N
2890058880017,TINTA FESTPLUS BALDE 15L,139,139,135,130,91.71,86,0,0,UN,,,,,32091010,2890058880017,N
2890058890016,SELADOR P/GESSO LUX GL 3.6,59.9,59.9,59.9,59.9,25.53,20.85,0,0,UN,,,,,32091010,2890058890016,N
2890058900012,FIX E VED ESPELHOS 398G,32,32,0,0,18.71,0,-1,2,UN,,,,,85183000,2890058900012,N
2890058930019,KARINA 37114 CX 2MTS,26.9,26.9,0,0,0,0,-12,0,M2,,,,,69072200,2890058930019,N
2890058940018,SUPORTE P/TV LCD BRASFORMA,22,22,21,20,8.79,13.78,-7,2,UN,,,,,73269090,2890058940018,N
2890058960016,DISCO P/MAQ MAKITA DIAMANTADO,27.5,27.5,0,0,14.32,0,0,0,UN,,,,,68042119,2890058960016,N
2890058970015,DESCARGA ASTRA ACOPL BOIA,30.4,30.4,0,0,14.87,0,0,0,UN,,,,,85183000,2890058970015,N
2890059000018,INCOPISO 160119,35,35,0,0,0,0,-1.8,0,M2,,,,,85183000,2890059000018,N
2890059040014,PISTOLA COLA QUENTE FOXLUX 15W,29.9,29.9,29,29,17.65,13.52,3,1,UN,,,,,85167990,2890059040014,N
2890059070011,BUCHA GESSO/DRYWALL 03,0.65,0.65,0.6,0.6,0.14,0.12,215,0,UN,,,,,39259090,2890059070011,N
2890059080010,REJUNTE VOTOMASSA BRANCO,9.9,9.9,9.9,9.9,6,0,-127,8,UN,,,,,32149000,2890059080010,N
2890059100015,MANDRIL C/CHAVE BOSCH 1/2,62,62,60,60,36.6,0,0,1,UN,,,,,84661000,2890059100015,N
2890059140011,SOLEI GR PRE 165X15,105,105,100,100,52.67,0,0,0,UN,,,,,68022300,2890059140011,N
2890059150010,"PEITORIL G PRE 145X0,17",118,118,0,0,70,0,0,0,UN,,,,,85183000,2890059150010,N
2890059220010,JOGO COMPLETO P/VARAL,31.5,31.5,31,30,18.2,22.45,9,0,UN,,,,,56074900,2890059220010,N
2890059250017,MASSA CORRIDA ACRILICA EUCATEX 1/4,18.5,18.5,18,18,10.49,6.16,8,1,UN,,,,,32141020,2890059250017,N
2890059280014,MANGUEIRA MAQ DE LAVAR SAIDA 1.40M DURIN,19.9,19.9,19.9,0,12.18,10.87,10,0,UN,,,,,39173100,2890059280014,N
2890059300019,MANGUEIRA MAQ DE LAVAR ENTRADA 1.40M,16.5,16.5,16,16,8.07,11.53,21,0,UN,,,,,39173100,2890059300019,N
2890059320017,PARAFUSO P/ASSENTO DURIN,12.5,12.5,0,0,6.92,0,-1,0,UN,,,,,85183000,2890059320017,N
2890059330016,NIVEL THOMPSON MANUAL MADEIRA 12,18.5,18.5,18,18,10.38,10.38,11,0,UN,,,,,85183000,2890059330016,N
2890059340015,RACK P/2 ELEM LOCA,17.5,17.5,17.5,17,9,0,-1,0,UN,,,,,85183000,2890059340015,N
2890059400016,REG PRES 3/4 C40,36,36,0,0,0,0,0,0,UN,,,,,85183000,2890059400016,N
2890059430013,JANELA MISTA 1.12 ALMOFADA,159,159,0,0,0,0,0,0,UN,,,,,85183000,2890059430013,N
2890059480018,CONECTOR P/TV COAXIAL COMPRESSAO STORM,4.5,4.5,4.3,4,1.8,2.64,158,4,UN,,,,,85366990,2890059480018,N
2890059500013,JAN ALUM 1X1SB SLIM 2FL,174,174,170,168,115.28,0,-32,0,UN,,,,,76101000,2890059500013,N
2890059530010,TINTA ESM UNIVERSO 0.1125L PRETO FOSCO,9.5,9.5,9,9,5.25,3.02,0,2,UN,,,,,32089010,2890059530010,N
2890059550018,FITA ISOLANTE 10M,5,5,5,5,2.04,3.51,188,10,UN,,,,,39191020,2890059550018,N
2890059560017,VELA P/FILTRO HIDROFILTROS P/LORENZ,25,25,25,24.5,11.26,130.97,13,0,UN,,,,,84212100,2890059560017,N
2890059590014,INCOPISO 90049,35,35,0,0,0,0,0,0,M2,,,,,85183000,2890059590014,N
2890059600010,DISCO P/MAQ BOSCH PORC FINO,36,36,0,0,20.45,0,-2,0,UN,,,,,68042119,2890059600010,N
2890059630017,RESISTENCIA LORENZETTI 127V (ULTRA MAXI),29,29,28,28,17.1,0,-16,2,UN,,,,,85168010,2890059630017,N
2890059640016,MASSA CORRIDA PVA TOP 25KG,59,59,0,0,0,0,0,0,UN,,,,,32141020,2890059640016,N
2890059650015,CAIXA DESCARGA ALUMASA,38,38,37,37,19.84,18.51,26,0,UN,,,,,39229000,2890059650015,N
2890059720015,PARAFUSOS CORREPAR,5,5,0,0,0,0,-13,0,UN,,,,,73181500,2890059720015,N
2890059730014,INCOPISO 90040,35,35,0,0,0,0,0,0,M2,,,,,85183000,2890059730014,N
2890059760011,PEITORIL G PRE 1.25X0.17,115,115,110,108,71.33,0,-6,0,UN,,,,,85183000,2890059760011,N
2890059770010,LUVA LL RED 50X20,4.5,4.5,4.8,5,0,0,-1,5,UN,,DIVERSOS,CONEXOES,AGUA,39174090,2890059770010,N
2890059780019,LUVA LL RED 50X25,9.5,9.5,9,9,5.17,4.28,7,6,UN,,DIVERSOS,CONEXOES,AGUA,39174090,2890059780019,N
2890059790018,TELHA TROPICAL LEITOSA,78.9,78.9,0,0,0,0,0,0,UN,,,,,85183000,2890059790018,N
2890059800014,TELHA PVC INCOLOR 1.83X1.10 FORTLEV,139.9,139.9,0,0,80,0,0,0,UN,,,,,68118900,2890059800014,N
2890059820012,LIMPA FOSSA,34,34,33,33,20,30.76,9,1,UN,,,,,34023100,2890059820012,N
2890059860018,TELA MOSQUITEIRO NYLON 1.20 X 0.50,5.8,5.8,5.5,5.5,3.03,3.03,7,0,UN,,,,,54077200,2890059860018,N
2890059870017,TINTA ESM UNIVERSO 0.1125L VERDE,9.5,9.5,9,9,5.25,0,-3,2,UN,,,,,32089010,2890059870017,N
2890059880016,DOBRADICA SILVANA 21/2,4,4,4.5,5,1.66,0,-2,10,UN,,,,,83021000,2890059880016,N
2890059910010,DISJUNTOR BIPOLAR 2X32A,38,38,37,36,13.78,0,1,2,UN,,,,,85362000,2890059910010,N
2890059930018,ABRACAD NYLON 140X2.5,0.2,0.2,0.09,0.08,0.04,0.07,1339,0,UN,,,,,39269090,2890059930018,N
2890059950016,REG P/GAS IMAR C/MANG 1.25CM,49.9,49.9,49.9,49.9,27.53,49.55,40,3,UN,,,,,84811000,2890059950016,N
2890059970014,CAL 20KG,39.9,39.9,38,38,0,0,-12,0,UN,,,,,85183000,2890059970014,N
2890059980013,SERROTE 18 TRAMONTINA,49,49,0,0,31.3,0,-1,1,UN,,,,,85183000,2890059980013,N
2890059990012,SUPORTE P/VARAO 19MM,7.9,7.9,7.5,7.5,2.25,5.88,13,0,UN,,,,,39269090,2890059990012,N
2890060010013,QUADRO P/03-04 THOMPSON FUME DISJUNTORES,18.9,18.9,18.9,18,10.09,10.09,2,0,UN,,,,,85381000,2890060010013,N
2890060040010,VALVULA PIA AMERIC 1623 INOX PREMIUM,59.9,59.9,59.9,58,34.07,0,-39,0,UN,,,,,84818011,2890060040010,N
2890060050019,CALHA AMANCO (VEDACAO),4.8,4.8,4.8,4.8,2,0,-46,0,UN,,DIVERSOS,CONEXOES,CALHA,40169300,2890060050019,N
2890060080016,CABIDE FLORENCA INOX CIVITT 3524,13,13,0,0,7.14,0,0,0,UN,,,,,85183000,2890060080016,N
2890060090015,KIT BANHEIRO AGUIA 5PECAS,62,62,0,0,34.44,0,0,0,UN,,,,,85183000,2890060090015,N
2890060140017,"ROCHAFORTE GUARATIBA PRATA 33X57 (CX2,50)",27.99,27.99,25.99,25.99,19.5,0,-46.05,0,M2,,,,,85183000,2890060140017,N
2890060170014,REG PR C40 3/4,36,36,0,0,0,0,0,0,UN,,,,,85183000,2890060170014,N
2890060230015,DISCO LIXA FERRO N-60,5,5,0,0,141.1,0,-11,0,UN,,,,,85183000,2890060230015,N
2890060240014,DISCO LIXA FERRO N-120,10,10,0,0,141.1,0,-1,0,UN,,,,,85183000,2890060240014,N
2890060260012,CAPA CHUVA PVC REFORC AZUL G,33.9,33.9,33,32,19.15,25.61,4,0,UN,,,,,61013000,2890060260012,N
2890060350010,MASSA CORRIDA PVA LUX GL,19.9,19.9,0,0,0,0,0,0,UN,,,,,32141020,2890060350010,N
2890060360019,MASSA CORRIDA PVA LUX BALDE,55,55,55,55,38.57,0,-13,0,UN,,,,,32141020,2890060360019,N
2890060370018,LAMPADA 15W ELGIN,6.5,6.5,5.99,5.99,3.36,0,21,0,UN,,,,,85395200,2890060370018,N
2890060380017,TELA POP SOLDADA EQ45 2X3M 20X20,43.9,43.9,42.9,42,0,0,-90,0,UN,,,,,85183000,2890060380017,N
2890060420010,SERRA MARMORE BLACK DECKER 1200W  127V,349.9,349.9,345,340,255.99,255.99,-2,1,UN,,,,,84672200,2890060420010,N
2890060430019,INT TRAM ARIA 2 TECLA C/TOMADA 20A,19.9,19.9,19.9,19,11.45,3.12,2,0,UN,,,,,85366910,2890060430019,N
2890060480014,CADEADO STAM 50MM,55,55,54,53,32.31,47.61,14,0,UN,,,,,83011000,2890060480014,N
7893858583251,FECH STAM 813/02 INT GRAFITE,53,53,0,0,31,0,-1,0,UN,,,,,85183000,7893858583251,N
2890060500019,TOMADA TRAMONTINA ARIA 20A DUPLA,14.5,14.5,14,13.5,7.84,0,-24,0,UN,,,,,85366910,2890060500019,N
2890060520017,EXTENSAO NATICON 10M 2P,43,43,42,42,26.03,26.03,6,0,UN,,,,,85444900,2890060520017,N
2890060530016,EXTENSAO NATICON 5M 2P,23,23,23,22,12.97,22.05,22,0,UN,,,,,85444900,2890060530016,N
2890060560013,CAVADOR ARTIC TRAMONTINA LIGHT 77566/503,139,139,135,130,83.81,9.57,-1,0,UN,,,,,82019000,2890060560013,N
2890060590010,CHAVE DE FENDA 3/8 X 6,19,19,0,0,6.52,0,0,0,UN,,,,,40169300,2890060590010,N
2890060600016,CABO 10MM RIGIDO,15.5,15.5,12.5,12,8.36,8.36,63,0,MT,,,,,85441100,2890060600016,N
2890060630013,BARROTE CUPIUBA 3.00,45,45,0,0,0,0,-35,0,UN,,,,,44079990,2890060630013,N
2890060640012,BARROTE CUPIUBA 4.50,67.5,67.5,0,0,0,0,-13,0,UN,,,,,44079990,2890060640012,N
2890060650011,BARROTE CUPIUBA 4.00,60,60,0,0,0,0,-36,0,UN,,,,,44079990,2890060650011,N
2890060660010,BARROTE CUPIUBA 6.00,90,90,0,0,0,0,-13,0,UN,,,,,44079990,2890060660010,N
2890060680018,BARROTE CUPIUBA 7.00,105,105,0,0,0,0,0,0,UN,,,,,44079990,2890060680018,N
2890060700013,"MARRETA MOMFORT 0,5KG C/CABO",21,21,0,0,11.84,0,0,1,UN,,,,,82052000,2890060700013,N
2890060720011,CAPA CHUVA PVC AMARELA LAMINADA G NIKOKIT,16,16,0,0,7.76,0,0,0,UN,,,,,85183000,2890060720011,N
2890060740019,TINTA GENUS BALDE 16L,52,52,0,0,31,0,0,0,UN,,,,,32091010,2890060740019,N
2890060750018,ABRACAD NYLON 250X3.6,0.5,0.5,0.17,0.16,0.1,0.14,89,0,UN,,,,,39269090,2890060750018,N
2890060760017,ABRACAD NYLON 400X7,0.48,0.48,0,0,0,0,0,0,UN,,,,,39269090,2890060760017,N
2890060780015,MANGUEIRA TRANCADA TRAMONTINA C/15M,74.9,74.9,74,73,47.33,72.04,8,0,UN,,,,,39173900,2890060780015,N
2890060810019,FORMIGRES DHAMA BP32,34,34,0,0,0,0,0,0,M2,,,,,69072200,2890060810019,N
2890060830017,DISCO CORTE P/FERRO STARRET/NORTON 41/2,4,4,4,4,1.75,3.2,122,0,UN,,,,,68042211,2890060830017,N
2890060840016,PINO MACHO 20A 2P TRAMONTINA,7.9,7.9,7.5,7.5,4,25.95,57,0,UN,,,,,85366910,2890060840016,N
2890060850015,FITA DUPLA FACE ADERE 12MMX2MT,12.5,12.5,12,12,6.92,12.48,44,4,UN,,,,,35069190,2890060850015,N
2890060870013,MARRETA TRAMONTINA 1.0KG C/CABO,52.9,52.9,52,52,27.79,31.54,0,0,UN,,,,,82052000,2890060870013,N
2890060920015,MARRETA MOMFORT 1KG C/CABO,40,40,0,0,20.25,0,0,1,UN,,,,,82052000,2890060920015,N
2890060930014,MASCARA S/VALVULA,2.5,2.5,2.5,2.5,1.18,0.89,27,0,UN,,,,,63079010,2890060930014,N
2890060950012,SUPORTE PRATEL.TUCANO PLAST CROM MED,10.9,10.9,10.5,10,6.1,0,-5,0,UN,,,,,85183000,2890060950012,N
2890060990018,PAPELEIRA OLIVEIRA C/TAMPA,19.9,19.9,19,18,9.91,0,-40,0,UN,,,,,76152000,2890060990018,N
2890061010012,TINTA PAREDEX,99,99,0,0,0,0,0,0,UN,,,,,32091010,2890061010012,N
2890061040019,DISCO MADEIRA CORTAG,17.5,17.5,17,17,8.99,13.39,-8,0,UN,,,,,82023100,2890061040019,N
2890061080015,TINTA HIDRACOR ACR HGESSO DRYWALL 3.60L,55,55,54,54,31.9,2,-2,0,UN,,,,,32091010,2890061080015,N
2890061090014,TINTA BRIVINIL ACRILICA 18LT,179,179,169,165,117.79,0,0,0,UN,,,,,32091010,2890061090014,N
2890061100010,EMENDA CABO COAXIAL T STORM,2.5,2.5,2.3,2,0.54,0,-16,0,UN,,,,,85369090,2890061100010,N
2890061110019,FORMIGRES ELITE CINZA,35.9,35.9,0,0,0,0,0,0,UN,,,,,69072200,2890061110019,N
2890061140016,CHAVE 2EM1 OLIVEIRA,10,10,10,10,5.4,0,0,0,UN,,,,,74153300,2890061140016,N
2890061150015,ABRACAD U 75MM,3,3,0,0,1.09,0,-4,0,UN,,,,,73089090,2890061150015,N
2890061160014,INT AVARIA SIISTX,3,3,0,0,0,0,0,0,UN,,,,,85183000,2890061160014,N
2890061170013,INT DICOMPEL 2TEC + TOMADA 20A,19,19,0,0,0,0,0,0,UN,,,,,85183000,2890061170013,N
2890061180012,"TINTA LUX DURAMAIS 3,0L",33,33,32,32,20.84,0,0,4,UN,,,,,32091010,2890061180012,N
2890061280019,LIXA DAGUA 600,3.8,3.8,0,0,1.21,0,-3,0,UN,,,,,68051000,2890061280019,N
2890061320012,BROCA CONCRETO 10MM,12.5,12.5,12,12,5.69,9.16,20,2,UN,,,,,82075011,2890061320012,N
2890061330011,CHAVE TRAMONTINA PHILIPS 1/4 X 5,9.9,9.9,0,0,4.78,0,-2,0,UN,,,,,85183000,2890061330011,N
2890061380016,"MANGUEIRA MAQ LAVAR TANQUE 3/4 1,10M",15.5,15.5,15,15,9,7.25,-3,0,UN,,,,,39173100,2890061380016,N
2890061450016,EXTENSAO NATICON 3M 2P,19,19,18,18,9.38,0,-8,0,UN,,,,,85444900,2890061450016,N
2890061460015,ALICATE REBITADOR FOXLUX,34.9,34.9,34,32,17.27,21.04,6,0,UN,,,,,82032010,2890061460015,N
2890061470014,BARROTE CUPIUBA 8.00,140,140,0,0,0,0,0,0,UN,,,,,44079990,2890061470014,N
2890061480013,"BARROTINHO 5,50M CUPIUBA 5X3",49.5,49.5,0,0,0,0,-12,0,UN,,,,,44079990,2890061480013,N
2890061500018,PRUMO 500G THOMPSON,32,32,32,30,17.21,17.21,6,0,UN,,,,,90153000,2890061500018,N
2890061530015,"VEDACIT PRIMER 3,6L P/MANTA",62,62,60,60,35,0,-1,1,UN,,,,,32091010,2890061530015,N
2890061550013,PRIMER DRYKOPRIMER 1L,17.5,17.5,17,17,8.45,8.45,-19,0,UN,,,,,27150000,2890061550013,N
2890061630012,TORN OLIVEIRA 1168 C-70 BM MESA,65,65,63,63,38.41,0,-7,0,UN,,,,,84818011,2890061630012,N
2890061640011,TORN AGUIA 1159 LX C40/C23 C AREJADOR,49.9,49.9,0,0,0,0,0,0,UN,,,,,84818019,2890061640011,N
2890061660019,ESTRONCA EUCALIPITO,11.9,11.9,11.5,11.5,0,0,-109,0,UN,,,,,32091010,2890061660019,N
2890061680017,CARRAPETA LATAO 22MM,20,20,0,0,0,0,-1,0,UN,,,,,85183000,2890061680017,N
2890061750017,CORTADOR PISO PREMIUM 75CM,219,219,225,230,148.74,148.74,0,0,UN,,,,,84649090,2890061750017,N
2890061770015,"BROCA ACO RAPIDO 9/64"" 3,5MM IRWIN",8,8,7.5,7.5,3.73,0,-7,0,UN,,,,,82075011,2890061770015,N
2890061810018,CONVERTEDOR FERRUGEM 200ML,13.5,13.5,13.5,13,7.01,0,-12,0,UN,,,,,32019090,2890061810018,N
2890061850014,TOALHEIRO DURIN SOFISTICATO 15055,13,13,0,0,7.9,0,0,0,UN,,,,,85183000,2890061850014,N
2890061870012,CALHA TIGRE CABECEIRA ESQ,21,21,21,20,13.91,12.54,8,0,UN,,DIVERSOS,CONEXOES,CALHA,39174090,2890061870012,N
2890061880011,ARALDITE 16G TEK BOND 10MIN,25,25,24.5,24,14.09,17.78,12,3,UN,,,,,35061090,2890061880011,N
2890061890010,SOLEI GR VERDE1.05X13,51,51,50,49,29.24,0,0,0,UN,,,,,68022300,2890061890010,N
2890061900016,SOLEI GR VERDE1.05X15,59,59,58,58,33.74,0,-16,0,UN,,,,,68022300,2890061900016,N
2890061930013,SOLEI GR VERDE 65X15,34,34,33,33,20.88,0,-5,0,UN,,,,,68022300,2890061930013,N
2890061960010,SOLEI GR VERDE 85X15,49.9,49.9,49,49,28.69,0,-4,0,UN,,,,,68022300,2890061960010,N
2890061970019,SOLEI GR VERDE 85X13,47,47,46,46,27.79,0,-3,0,UN,,,,,68022300,2890061970019,N
2890061980018,ESPUMA EXPANSIVA TYTAN 500ML,24.9,24.9,24,24,11.3,2.17,7,0,UN,,,,,35069190,2890061980018,N
2890061990017,FACAO TRAMONTINA 16,34.5,34.5,34,33,18.37,26.85,9,0,UN,,,,,82014000,2890061990017,N
2890062020010,ABRACAD NYLON 200X4.8,0.6,0.6,0.24,0.23,0.14,0.19,447,0,UN,,,,,39269090,2890062020010,N
2890062060016,CABIDE OLIVEIRA SIMPLES,10,10,10,10,5.96,0,-8,0,UN,,,,,76152000,2890062060016,N
2890062070015,TUBO SOD FORTLEV 20,18.99,18.99,18.99,18.5,11.05,0,-126,0,UN,,,,,39172300,2890062070015,N
2890062120017,TORN CIVIT 1683 BR,32,32,0,0,15.92,0,0,0,UN,,,,,84818019,2890062120017,N
2890062150014,"BROCA CONCRETO 9/32"" 7MM",7,7,6.5,6,2.48,56.59,5,0,UN,,,,,82075011,2890062150014,N
2890062200016,PASSA FIO PROF 15M CORTAG,25,25,24,24,11.57,0,0,0,UN,,,,,56074900,2890062200016,N
2890062220014,PORTA TOALHA CLARAINOX CR RETO 47CM,25,25,25,25,15.76,12.88,5,0,UN,,,,,39229000,2890062220014,N
2890062230013,VALVULA P/POCO 3/4 KRONA,22,22,21,21,8.57,0,0,0,UN,,,,,84813000,2890062230013,N
2890062240012,LIXA FERRO 180,4.7,4.7,4.7,4.7,2.08,2.08,-31,0,UN,,,,,68051000,2890062240012,N
2890062250011,TINTA ESM EUCALAR 900ML AZUL FRANCA,33,33,0,0,13.79,0,0,1,UN,,,,,32089010,2890062250011,N
2890062330010,EXTENSAO JETCON 3M,19.9,19.9,19.9,19.9,11.99,21.98,34,6,UN,,,,,85444200,2890062330010,N
2890062340019,TORN COBRA JD METAL,39,39,0,0,0,0,0,0,UN,,,,,84818019,2890062340019,N
2890062360017,DESEMP PLASTICA AZUL 18X30,14.9,14.9,14.5,14,7.99,1.84,9,0,UN,,,,,39259090,2890062360017,N
2890062430017,TORN BIG LU JR PIA BM C-35  3456,80,80,0,0,37.88,0,0,0,UN,,,,,84818019,2890062430017,N
2890062440016,FILTRO BIG LU PAREDE C/TORNEIRA C-40 7185,165,165,0,0,107.25,0,0,0,UN,,,,,85183000,2890062440016,N
2890062450015,FILTRO BIG LU MESA C/TORNEIRA C-40 7186,230,230,0,0,136.4,0,0,0,UN,,,,,85183000,2890062450015,N
2890062480012,TE TOMADA ILUMI 2P 10A,7,7,0,0,3.55,0,-45,0,UN,,,,,85366910,2890062480012,N
2890062530014,TORN COBRA 1198,77,77,0,0,0,0,-1,0,UN,,,,,84818019,2890062530014,N
2890062550012,"SELADOR ACRILICO CORAL 3,6L GL",69.9,69.9,0,0,43,0,0,0,UN,,,,,85183000,2890062550012,N
2890062560011,"SELADOR RENOVE ACRILICO 3,6L",46.9,46.9,46,45,27.8,33.01,2,0,UN,,,,,32091010,2890062560011,N
2890062570010,PAINEL LED 24W,60,60,0,0,0,0,0,0,UN,,,,,85183000,2890062570010,N
2890062630011,CAIXA CORREIO METALMIG P/MURO,56.9,56.9,55,55,29.3,39,3,0,UN,,,,,73239900,2890062630011,N
2890062650019,MEC. ENTRADA OLFIX,45,45,44,44,23.96,0,-75,0,UN,,,,,82055900,2890062650019,N
2890062660018,CAIXA CORREIO ACO POPULAR P/MURO,63,63,62,62,39.69,0,-2,0,UN,,,,,73239900,2890062660018,N
2890062670017,PORTA SHAMPOO NITRO,17,17,0,0,10.46,0,0,0,UN,,,,,85183000,2890062670017,N
2890062680016,TOMADA ILUMI 20A SIST X,13.5,13.5,0,0,3.63,0,-1,0,UN,,,,,85366910,2890062680016,N
2890062690015,TINTA LUX DURAMAIS 15L,105,105,99,99,70,0,-3,3,UN,,,,,32091010,2890062690015,N
2890062700011,ASSENTO DURIN ALMOF ECONOMICO,79.9,79.9,79,79,51.57,51.52,4,3,UN,,,,,39222000,2890062700011,N
2890062730018,MASSA CORRIDA PVA FESTICOR GL,19,19,0,0,0,0,0,0,UN,,,,,32141020,2890062730018,N
2890062770014,REG ESFERA 32MM HERC,27,27,28,29,15.05,0,-1,0,UN,,,,,84818095,2890062770014,N
2890062780013,RESISTENCIA PRATIMIX 127V (HYDRA THERMOSYSTEM),37.9,37.9,36,35,17.52,0,-10,0,UN,,,,,85168010,2890062780013,N
2890062820016,SELADORA IQUINE GL,105,105,108,110,0,0,0,1,UN,,,,,32089029,2890062820016,N
2890062840014,CHAVE BOCA 17,19,19,0,0,0,0,0,0,UN,,,,,85183000,2890062840014,N
2890062850013,INCOPISO 60121,30,30,0,0,0,0,0,0,M2,,,,,85183000,2890062850013,N
2890062860012,CALHA AMANCO (TUBO CONDUTOR 3M),80,80,0,0,0,0,0,0,UN,,DIVERSOS,CONEXOES,CALHA,39174090,2890062860012,N
2890062880010,INCOPISO 90061,35,35,0,0,0,0,0,0,M2,,,,,85183000,2890062880010,N
2890062910014,"INCENOR 66300 TIJ AMADEIRADO 33X50 CX2,48",29.99,29.99,26.99,26.99,0,0,0,0,M2,,,,,69072200,2890062910014,N
2890062960019,CALHA AMANCO (ACOPLAMENTO),13,13,0,0,6,0,0,0,UN,,DIVERSOS,CONEXOES,CALHA,39174090,2890062960019,N
2890062970018,DESENTUPIDOR LIQUIDO 1L WQ,24,24,24,24,13.8,0,-8,0,UN,,,,,28151200,2890062970018,N
2890062980017,EMENDA P/MANGUEIRA TRAMONTINA,5.5,5.5,5,5,2.32,2.66,6,0,UN,,,,,39174090,2890062980017,N
2890063020019,INCOPISO 60124,35,35,0,0,0,0,0,0,M2,,,,,85183000,2890063020019,N
2890063030018,CAIXA PASSAGEM TIGRE,50,50,0,0,0,0,0,0,UN,,,,,39259090,2890063030018,N
2890063050016,MISTURADOR BATEDOR TINTA,29.9,29.9,29.9,29,17.38,0,0,0,UN,,,,,85183000,2890063050016,N
2890063060015,"LAVANDERIA 1,40 DUPLA FIBRA",250,250,0,0,75,0,0,0,UN,,,,,85183000,2890063060015,N
2890063080013,PIA FIBRA 1.00M,105,105,100,100,69.35,0,-2,0,UN,,,,,63025300,2890063080013,N
2890063100018,TINTA SPRAY ROSE GOLD COLORGIN,34.9,34.9,35.5,36.9,19.51,19.51,0,1,UN,,,,,32082019,2890063100018,N
2890063130015,BASC ALUMINIO 60X60 BRANCO REFLEX,122,122,0,0,0,0,0,0,UN,,,,,76101000,2890063130015,N
2890063140014,MGM IRIS,239,239,230,230,0,0,-11,0,UN,,,,,85183000,2890063140014,N
2890063170011,FORMIGRES AQUARELA,35.9,35.9,0,0,0,0,0,0,M2,,,,,69072200,2890063170011,N
2890063200015,ECOATTA,18,18,0,0,0,0,0,0,UN,,,,,85183000,2890063200015,N
2890063250010,PREGO 500G,11,11,0,0,0,0,-11,0,UN,,,,,73170090,2890063250010,N
2890063270018,ESPATULA MAX 8CM,6.5,6.5,6.5,6.5,3.64,3.26,-5,0,UN,,,,,82055900,2890063270018,N
2890063320010,ARG 20KG AC-3MASSATOP,28.99,28.99,28.99,28.99,16.78,0,-427,0,UN,,,,,38245000,2890063320010,N
2890063330019,JAN ALUM BCO 1X1CB REFLEX 21976,386,386,0,0,300,0,0,0,UN,,,,,76101000,2890063330019,N
2890063350017,CARRO MASTER PRETO,153.9,153.9,150,150,92.79,0,2,0,UN,,,,,87168000,2890063350017,N
2890063360016,PANO DE CHAO,3,3,0,0,2,0,-9,0,UN,,,,,39259090,2890063360016,N
2890063370015,DISCO P/MAQ THOMPSON TURBO,16.5,16.5,16,15,7.48,6.05,6,0,UN,,,,,68042119,2890063370015,N
2890063380014,TINTA SPRAY MARROM,22.5,22.5,22,22,9.95,0,0,1,UN,,,,,32082019,2890063380014,N
2890063390013,ROLO LA 23CM ANTIRESPINGO C/CABO,20,20,0,0,7.99,0,-64,0,UN,,,,,96034010,2890063390013,N
2890063420017,TINTA MEGAO ACRILICA BALDE 15L,85,85,0,0,57.27,0,0,0,UN,,,,,32091010,2890063420017,N
2890063450014,PINO FEMEA 10A TRAMONTINA 2P+T,8,8,0,0,4,0,-1,0,UN,,,,,85183000,2890063450014,N
2890063470012,PRIMER SPRAY TEK BOND,25.5,25.5,25,25,14.92,18.72,7,0,UN,,,,,32082020,2890063470012,N
2890063480011,ASSENTO ALUMASA ROMA,26,26,26,26,13.95,1.04,13,0,UN,,,,,39222000,2890063480011,N
2890063490010,TRENA SPARTA 3M,8.5,8.5,8,8,3.7,3.7,-14,0,UN,,,,,90178010,2890063490010,N
2890063500016,MANTA VEDATUDO 15CM,5.4,5.4,4.6,4.4,2.2,3.82,43,0,MT,,,,,68071000,2890063500016,N
2890063510015,BOIA DESCARGA PLASTICA,9.9,9.9,9.5,9,3.3,3.3,20,0,UN,,,,,84818019,2890063510015,N
2890063550011,RALO LUCONI,7,7,6.5,6,2.55,2.55,17,0,UN,,,,,39174090,2890063550011,N
2890063560010,BOCAL TOMADA,5.7,5.7,5.5,5.5,2.12,2.37,10,0,UN,,,,,85366100,2890063560010,N
2890063570019,FECH STAM 823/33 WC INOX BANHEIRO,59.9,59.9,62,68,35.22,29.75,-2,0,UN,,,,,83014000,2890063570019,N
2890063580018,FECH STAM 823/33 WC GRAFITE BANHEIRO,52,52,55,58,30.17,25.48,-3,0,UN,,,,,83014000,2890063580018,N
2890063590017,PRIMER HIPER P/MANTA 1L,16.5,16.5,16,15,6.7,7.65,6,0,UN,,,,,27150000,2890063590017,N
2890063620011,INCENOR 66220,29.99,29.99,0,0,21.5,0,0,0,M2,,,,,69072200,2890063620011,N
2890063650018,OLEO P/MAQUINA DIMEC,7.5,7.5,0,0,4.16,4.07,0,3,UN,,,,,27101931,2890063650018,N
2890063660017,PAINEL LED EMB 18W TASCHIBRA,40.4,40.4,0,0,21.94,0,0,0,UN,,,,,85183000,2890063660017,N
2890063680015,DISCO P/MAQ KAEF,18,18,0,0,8.82,0,0,0,UN,,,,,68042119,2890063680015,N
2890063690014,ARM ATLAS,52.9,52.9,52,50,31.92,31.92,-5,0,UN,,,,,94037000,2890063690014,N
2890063720018,LENTE PROT 51MM X 108 TONAL 12PT,4.7,4.7,4.5,4,2.15,2.31,-1,0,UN,,,,,70049000,2890063720018,N
2890063730017,TORN CELITE LAVA 1/4,149,149,0,0,0,0,0,0,UN,,,,,84818019,2890063730017,N
2890063790011,PIA FIBRA 1.20M,116.9,116.9,113,112,74.1,0,-5,0,UN,,,,,63025300,2890063790011,N
2890063860011,LAPIS CARPINTEIRO IRWIN,3.5,3.5,3,3,1.56,0.95,-2,0,UN,,,,,96091000,2890063860011,N
2890063910013,PAINEL LED EMB 18W AVANT,40.2,40.2,0,0,22.9,0,0,0,UN,,,,,85183000,2890063910013,N
2890063950019,ESPUMA EXPANSIVA ORBI 500ML,25,25,24.5,24,13.51,13.51,-11,4,UN,,,,,32141010,2890063950019,N
2890063960018,CAIXA CORREIO PVC MURO COLONIAL PRETA,30,30,29,28,15.49,15.49,0,0,UN,,,,,39259090,2890063960018,N
2890064010019,EXTENSAO GARRA 5 MT 2P,22,22,21,20,10.77,10.04,-2,0,UN,,,,,85444200,2890064010019,N
2890064020018,MARTELO BORRACHA 60MM ROMA,17.9,17.9,17,17,7.99,4.83,2,0,UN,,,,,82052000,2890064020018,N
2890064040016,TRANSFORMADOR 5000VA FIOLUX,278,278,150,150,90.56,79.79,-2,1,UN,,,,,85043111,2890064040016,N
2890064060014,"BROCA CONCRETO 3/16"" 5MM BOSCH",6.5,6.5,6.8,7,3.08,3.08,-4,0,UN,,,,,82075011,2890064060014,N
2890064080012,TRENA KAEF 3M,12,12,0,0,6.86,9.02,0,2,UN,,,,,90178090,2890064080012,N
2890064090011,"TINTA LUX COLORIR 3,0L",45,45,43,42,30.52,25,0,2,UN,,,,,32091010,2890064090011,N
2890064120015,MANTA VEDATUDO 45CM,11.9,11.9,11,9.9,5.94,4.12,-15.9,0,MT,,,,,68071000,2890064120015,N
2890064130014,FORMIGRES AREIA 50,34.9,34.9,0,0,0,0,0,0,UN,,,,,69072200,2890064130014,N
2890064140013,INCOPISO 60163,31,31,0,0,0,0,0,0,M2,,,,,85183000,2890064140013,N
2890064170010,FILTRO PLAST HERC C/TORN PAREDE PRETO,84.9,84.9,0,0,39.91,39.91,0,0,UN,,,,,84212100,2890064170010,N
2890064190018,CONECTOR SINDAL 6MM PLASTICO,1.5,1.5,0,0,0.8,0,0,0,UN,,,,,85183000,2890064190018,N
2890064240010,GRAVILHAO FINO 3/8,199,199,185,185,110,0,-7,0,UN,,,,,25171000,2890064240010,N
2890064260018,"INCENOR 66500 CX2,68",29.99,29.99,26.99,26.99,21.5,0,-21.44,0,M2,,,,,69072200,2890064260018,N
2890064270017,DESENGRIPANTE WD 40,48.9,48.9,48.9,48.9,33.52,9.5,62,3,UN,,,,,34031900,2890064270017,N
2890064280016,LIMA P/ENXADA KF C/CABO,22,22,21,21,12.73,22.48,49,2,UN,,,,,82031010,2890064280016,N
2890064290015,PINO MACHO 20A 2P,7,7,6.5,6.5,2.37,5.34,22,0,UN,,,,,85369090,2890064290015,N
2890064370014,"LAVANDERIA 1,20 DUPLA FIBRA",179.99,179.99,175,170,116.25,0,-1,0,UN,,,,,63025300,2890064370014,N
2890064390012,VALVULA RETENCAO 100MM,87,87,85,83,59.9,59.9,0,0,UN,,,,,85183000,2890064390012,N
2890064430015,CANALETA C/FITA FAME 40X16X2000,23.9,23.9,23,22,12.09,6.08,8,0,UN,,,,,39162000,2890064430015,N
2890064460012,MGM LOTUS BAN,325,325,310,300,0,0,-1,0,UN,,,,,85183000,2890064460012,N
2890064490019,COPO FILTRO,58,58,0,0,0,0,-2,0,UN,,,,,85183000,2890064490019,N
2890064520013,TANQUE PLASTICO METASUL 23L,85,85,84,83,49.99,62.39,1,0,UN,,,,,39221000,2890064520013,N
2890064530012,DISCO CORTE P/FERRO 71/16,8.9,8.9,8.5,8.5,3.39,4.09,28,0,UN,,,,,68042211,2890064530012,N
2890064540011,PLAINA N3 SPARTA,89.9,89.9,92,95,61,0,0,0,UN,,,,,85183000,2890064540011,N
2890064550010,SILICONE 260G DRYKO,16.9,16.9,0,0,7.69,7.69,11,4,UN,,,,,85183000,2890064550010,N
2890064560019,LIMPA PORCELANATO,28.9,28.9,28,28,16.58,0,-1,1,UN,,,,,34023990,2890064560019,N
2890064570018,TORN CIVIT 1684 BR,32.5,32.5,0,0,15.92,0,0,0,UN,,,,,84818019,2890064570018,N
2890064580017,TORN CIVIT 2778 CRUZ BR 18CM,32.5,32.5,33.5,35,18.07,15.39,0,0,UN,,,,,84818019,2890064580017,N
2890064590016,TORN CIVIT 2781 TANQ CRUZ BR,21,21,22,23,12.07,12.48,0,0,UN,,,,,84818019,2890064590016,N
2890064630019,SOLEI MAR BR 145X15,42,42,0,0,0,0,0,0,UN,,,,,68022100,2890064630019,N
2890064660016,VEDACIT ARMATEC 200ML,15.5,15.5,15.5,15,8.9,213.6,1,0,UN,,,,,38249941,2890064660016,N
2890064680014,COLA VINIL 75G,13.5,13.5,13,12.5,4.45,0,-2,4,UN,,,,,35061010,2890064680014,N
2890064720017,ARRUELA LISA 1/4,0.35,0.35,0,0,0.08,0,-60,0,UN,,,,,73182100,2890064720017,N
2890064760013,PORCA 5/16,0.7,0.7,0,0,0.19,0,-4,20,UN,,,,,85183000,2890064760013,N
2890064780011,"MGM BALCAO 1,20 IBIZA PX BR/PT/AMENDOA/TITANIUM",525,525,0,0,0,0,0,0,UN,,,,,85183000,2890064780011,N
2890064820014,ESPATULA PACETA 10CM FORJADA,37.9,37.9,37,36,22.92,0,0,0,UN,,,,,82055900,2890064820014,N
2890064830013,"PCA 2,0M CUPIU 9X5",53.5,53.5,0,0,0,0,0,0,UN,,,,,44079990,2890064830013,N
2890064840012,BARRA DE APOIO 40CM,79,79,76,75,40.72,0,0,0,UN,,,,,76152000,2890064840012,N
2890064850011,INT RADIAL CAMPAINHA SOBREPOR,6.5,6.5,0,0,2.97,0,-1,0,UN,,,,,85183000,2890064850011,N
2890064870019,VEDACIT ARMATEC 500ML,22,22,22,22,14.69,0,0,0,UN,,,,,38249941,2890064870019,N
2890064880018,INCENOR 66560,29.99,29.99,0,0,0,0,0,0,M2,,,,,69072200,2890064880018,N
2890064960017,SIFAO SANF VALEPLAST CROMADO,24,24,23,23,11.08,0,-3,0,UN,,,,,39174090,2890064960017,N
2890064980015,RALO LINEAR HERC 6.8X70,109,109,105,105,69.67,59.16,4,0,UN,,,,,39174090,2890064980015,N
2890064990014,TANQUE ICASA LOUCA 50X50,379.99,379.99,0,0,14.69,0,0,0,UN,,,,,85183000,2890064990014,N
7898550250999,MEC.COMPLETO UNIVERSAL CONVENCIONAL,115,115,110,110,70.45,0,0,2,UN,,,,,84818019,7898550250999,N
7898550256212,MEC. SAIDA COVENCIONAL COM/CAST BLUKIT REF 34027441,54,54,52,52,30.74,0,-5,3,UN,,,,,84818019,7898550256212,N
7898550258469,MEC. ENTRADA UNIVERSAL BLUKIT SIMPLES REF 340288-41,48,48,49,50,29.14,0,-2,2,UN,,,,,84818019,7898550258469,N
2890065030016,BROCA SDS IRWIN 6MM,18,18,17.5,17,8.26,0,0,0,UN,,,,,82075011,2890065030016,N
2890065060013,BROCA SDS IRWIN 12MM,27.9,27.9,27,27,16.54,16.54,-1,0,UN,,,,,82075011,2890065060013,N
2890065090010,CUBA DECA OVAL EMBUTIR,109,109,0,0,0,0,-1,0,UN,,,,,85183000,2890065090010,N
2890065100016,SOLVENTE 500ML THINNER RENASCER,12,12,12,12,6.5,0,-11,0,UN,,,,,38140010,2890065100016,N
2890065140012,CAIXA PASSAGEM ILUMI 30X30 EMB,53.9,53.9,0,0,34.09,0,0,0,UN,,,,,39259090,2890065140012,N
2890065150011,LIMPA CERAM AZULIM 1L,13.5,13.5,13,13,7.51,13.19,71,2,UN,,,,,34029039,2890065150011,N
2890065160010,PNEU P/CARRO DE MAO COLSON/FAMASTIL 3.25X8,44.9,44.9,44,43,23.52,29.29,13,0,UN,,,,,40114000,2890065160010,N
2890065190017,SERRA COPO THOMPSON P/MADEIRA,29,29,28,27,13.62,11.59,8,0,UN,,,,,82029990,2890065190017,N
2890065200013,CHAVE TRAMONTINA PHILIPS 3/16X5 FOXLUX,9.9,9.9,0,0,5.9,0,-1,0,UN,,,,,85183000,2890065200013,N
2890065220011,SERRA COPO DIAMANTE  30MM,88,88,84,84,51.71,46.99,0,0,UN,,,,,68042119,2890065220011,N
2890065230010,SERRA COPO DIAMANTE  35MM,99.9,99.9,95,95,59.22,0,-1,0,UN,,,,,68042119,2890065230010,N
2890065260017,CHAVE TORX  FAMASTIL 9PC,35,35,34,34,17.79,0,0,2,UN,,,,,82054000,2890065260017,N
2890065270016,CHAVE ALLEN GUEPAR 1.5MM A 10MM C/10PC,15,15,15,15,8.51,5.35,2,1,UN,,,,,82041100,2890065270016,N
2890065290014,ESPACADOR FORTLEV  C/100UN,16,16,0,0,0,0,-6,0,UN,,,,,85183000,2890065290014,N
2890065300010,CUNHA FORTLEV,25,25,0,0,0,0,-6,0,UN,,,,,85183000,2890065300010,N
2890065330017,"INCENOR 70510 33X50 CX2,48",24.99,24.99,23.99,23.99,16,0,0,0,M2,,,,,69072200,2890065330017,N
2890065340016,BALCAO GR PRETO 1.20,148.9,148.9,0,0,0,0,0,0,UN,,,,,85183000,2890065340016,N
2890065360014,KIT P/PARAFUSADEIRA C/10PCS MAKITA,27.5,27.5,28,29,14.94,17.32,0,1,UN,,,,,82079000,2890065360014,N
2890065380012,ESGUICHO DURIN,12,12,0,0,0,0,-3,0,UN,,,,,85183000,2890065380012,N
2890065400017,BROCA ACO RAPIDO 9/32 8,12,12,12,11,5.45,4.79,-8,0,UN,,,,,82075011,2890065400017,N
2890065420015,BROCA ACO RAPIDO 3/8 11MM,19.9,19.9,19,18,9.61,43.92,-3,0,UN,,,,,82075011,2890065420015,N
2890065430014,"BROCA CONCRETO 3/16"" 5MM",4.8,4.8,4.5,4.5,1.85,2.47,11,0,UN,,,,,82075011,2890065430014,N
2890065450012,CATALIZADOR P/MASSA PLASTICA,4,4,0,0,1.65,1.27,-1,0,UN,,,,,85183000,2890065450012,N
2890065460011,SERRA TICO-TICO BOSCH T144D,10.9,10.9,12,13,5.62,0,0,2,UN,,,,,82029100,2890065460011,N
2890065490018,FIXA CUBA QBOR 400G,21.9,21.9,21,20,9.41,13.9,4,1,UN,,,,,35069190,2890065490018,N
2890065530011,LINHA P/PEDEIRO 50M LISA,5,5,5,5,2.3,2.08,9,6,UN,,,,,56074900,2890065530011,N
2890065560018,INCENOR 65970,29.99,29.99,0,0,0,0,0,0,M2,,,,,69072200,2890065560018,N
2890065590015,BARROTE CUPIUBA 3.50,52.5,52.5,0,0,0,0,-9,0,UN,,,,,44079990,2890065590015,N
2890065600011,ESPATULA ATLAS PLASTICA 13CM ATLAS,4.5,4.5,4.2,4,1.85,3.11,29,0,UN,,,,,39269090,2890065600011,N
2890065620019,RESISTENCIA PRATIMIX 220V (MAXIDUCHA),17,17,0,0,7,0,-1,2,UN,,,,,85168010,2890065620019,N
2890065630018,RESISTENCIA PRATIMIX 127V (ADVANCED),28,28,28,28,14.36,6.7,-3,0,UN,,,,,85168010,2890065630018,N
2890065650016,RESISTENCIA PRATIMIX 127V (4T GORDUCHA),23.9,23.9,23,23,11.01,5.58,2,0,UN,,,,,85168010,2890065650016,N
2890065660015,RESISTENCIA PRATIMIX 127V (FAMINHO 4T),29.9,29.9,0,0,14,0,-7,1,UN,,,,,85168010,2890065660015,N
2890065670014,RESISTENCIA PRATIMIX 127V (4T BELLA/FASH),24.9,24.9,24.9,24,11.12,9.19,14,1,UN,,,,,85168010,2890065670014,N
2890065680013,RESISTENCIA PRATIMIX 127V (DUO SHOWER),25.9,25.9,25,24,7.56,0,-9,3,UN,,,,,85168010,2890065680013,N
2890065690012,RESISTENCIA PRATIMIX 220V (DUO SHOWER),25.9,25.9,25,24,7.56,6.26,13,1,UN,,,,,85168010,2890065690012,N
2890065730015,MODULO RED 15,13.5,13.5,0,0,6.77,0,0,0,UN,,,,,84819010,2890065730015,N
2890065740014,MODULO RED 16,13.5,13.5,0,0,6.71,0,0,0,UN,,,,,84819010,2890065740014,N
2890065750013,MODULO RED 17,12.9,12.9,0,0,6.21,0,0,0,UN,,,,,84819010,2890065750013,N
2890065770011,MODULO RED 40,25,25,0,0,13.11,0,0,0,UN,,,,,84819010,2890065770011,N
2890065780010,REG P/GAS ALIANCA S/MANGUEIRA,32.9,32.9,32,32,20.87,0,-2,0,UN,,,,,84811000,2890065780010,N
2890065790019,"BALCAO G PTO 1,20",169,169,0,0,120,0,-2,0,UN,,,,,85183000,2890065790019,N
2890065820013,KIT RABICHO FITA LED P/2835 2EM1 NITROLUX,13.5,13.5,13,13,5.69,0,0,6,UN,,,,,94055000,2890065820013,N
2890065860019,AREJADOR P/TORNEIRA AGUIA,8,8,0,0,4.44,0,0,0,UN,,,,,39174090,2890065860019,N
2100065900012,ARAME N-16 GALV MORLAN (59 MT/KG),28,28,27,26,16.7,16.05,-14,0,UN,,,,,72172090,2100065900012,N
7898505231233,CAMARA P/CARRO FAMASTIL/COLSON 3.25X8,22,22,21,20,10.6,15.04,28,0,PC1,,,,,40139000,7898505231233,N
2100065920010,CARRO TRAMONTINA MAO 50L CH24 AZUL CAM 3.25X8,239,239,234,230,159,0,0,0,PC1,,,,,87168000,2100065920010,N
2100065930019,COLA INST 20G TEKBOND,11,11,11,11,6.61,13.25,149,10,UN,,,,,35061010,2100065930019,N
2100065940018,LONA PRETA C/4M 36KG NORTENE REF 126,7.5,7.5,0,0,4.38,438.4,-90,0,MT,,,,,39173290,2100065940018,N
7891323088508,"MASSA CORRIDA PVA SHERWI 1/4 1,5KG",11,11,10.5,10,6.79,0,-3,1,UN,,,,,32141020,7891323088508,N
7897144026217,"TINTA ESM HIPERLAR 0,1125L BRANCO",7.5,7.5,0,0,3.82,0,-4,0,UN,,,,,32081010,7897144026217,N
7897144026286,"TINTA ESM HIPERLAR/DACAR 0,1125L PRETO",8.8,8.8,8.5,8.5,5.52,0,-1,0,UN,,,,,32081010,7897144026286,N
7897144026224,TINTA ESM UNIVERSO 0.1125L VERMELHO,9.5,9.5,9,9,5.89,8.71,19,0,UN,,,,,32081010,7897144026224,N
7898911073052,ASSENTO METASUL BRANCO ALMOF QUADRADO,79.9,79.9,78,78,42.9,87.18,-6,0,UN,,,,,39222000,7898911073052,N
7897208683660,CAMPAINHA S/FIO ELGIN,65,65,63,62,42.86,35.95,19,0,UN1,,,,,85318000,7897208683660,N
7898652120893,COLA ADESIVO FIXA TUDO 50G BCA UNIPEGA,13.99,13.99,0,0,6.41,0,0,2,UN1,,,,,35069190,7898652120893,N
7898904869174,SILICONE 50G ALTA TEMP PTA TEKBOND,14.5,14.5,14,13.5,6.62,0,0,2,UN1,,,,,35061090,7898904869174,N
7896020417149,COLA INST 2G SUP MIL THREE BOND(E),3.5,3.5,3.2,3,0.82,1.27,39,3,UN1,,,,,35061010,7896020417149,N
7897208673821,MARTELO TENACE 23MM CB MAD,26,26,26,25,14.82,18.45,5,3,UN1,,,,,82052000,7897208673821,N
7891792999435,DISCO P/MAQ NORTON CLASSIC TURBO,21,21,20,20,10.9,6.82,3,4,UN,,,,,68042119,7891792999435,N
7894200053347,REGISTRO GAVETA BRUTO DOCOL 1/2,55,55,53,52,32.83,32.83,1,0,UN1,,,,,84818093,7894200053347,N
7894200053361,REGISTRO GAVETA BRUTO B 3/4 DECA(E) -  REF 1510HD034,45,45,0,0,25.96,0,-1,0,UN1,,,,,84818093,7894200053361,N
7899467700096,ANTENA TV DIGIT EXT 16 ELEM,41.9,41.9,40,40,23.6,39.04,9,2,UN1,,,,,85291090,7899467700096,N
7897381627222,CABO PP 2X2.50MM 100M PTO,8.5,8.5,8,7.5,4.35,2.58,9,0,MT,,,,,85441990,7897381627222,N
7896014902040,CRUZWALDINA 500ML EUROFARMA,39.9,39.9,39,39,23.89,21.04,12,2,UN,,,,,38089429,7896014902040,N
885911528177,ESMERILHADEIRA ANG BD 4.1/2 G650 127V,249.9,249.9,239.9,239,165.99,0,0,0,UN1,,,,,84672999,885911528177,N
7898543381303,TINTA SPRAY TEKBOND BRANCO BRILHANTE,21,21,20,20,11.85,0,-20,4,UN,,,,,32082019,7898543381303,N
7898955176207,"VARAO CORTINA BRANCO C/1,5M 19MM -  REF VR15BR",26,26,25,24,15.8,0,0,3,UN,,,,,73043920,7898955176207,N
7890217035260,SABONETEIRA INOX FLORENCA CIVITT,21,21,20,19,8.72,8.72,-1,0,PC,,,,,83025000,7890217035260,N
7890217031668,TORN CIVIT 3166 BANCADA ALTA CROMADA LUXO NAPOLES,155,155,0,0,100.64,79.13,0,0,PC,,,,,84818019,7890217031668,N
7890217031682,TORN CIVIT 3168 BANCADA BAIXA CROMADA (T) LUXO NAPOLES,138,138,0,0,70.2,70.2,0,0,PC,,,,,84818019,7890217031682,N
7890217016672,TORN CIVIT 1667 LAVATORIO ABS CROMADA ALAVANCA,39.9,39.9,0,0,18.28,18.28,-1,0,PC,,,,,84818019,7890217016672,N
7890217016580,TORN CIVIT 1658 LAVATORIO ABS CROMADA MONO COMANDO,45,45,0,0,20.36,34.11,0,0,PC,,,,,84818019,7890217016580,N
7890217029818,TORN CIVIT 2981 MAQUINA DE LAVAR ABS CROMADA ALAVANCA,43.9,43.9,43,42,26.24,26.24,-1,0,PC,,,,,84818019,7890217029818,N
7890217016443,TORN CIVIT 1644 PAREDE ABS CROMADA GIRATORIA ALAVANCA,56.5,56.5,0,0,28.25,28.25,0,0,PC,,,,,84818019,7890217016443,N
7890217016597,TORN CIVIT 1659 PIA ABS CROMADA 18CM ALAVANCA,40,40,0,0,20.36,20.36,-1,0,PC,,,,,84818019,7890217016597,N
7890217016658,TORN CIVIT 1665 TANQUE ABS CROMADA (X) ALAVANCA,26.9,26.9,0,0,13.54,13.54,0,0,PC,,,,,84818019,7890217016658,N
2100066250017,BLOCO CALHA 9,4,4,0,0,1.4,0,0,0,UN,,,,,68101100,2100066250017,N
2100066260016,TUBO ESG FORTLEV 50,65,65,63,63,40.38,0,-11.5,0,UN,,,,,39172300,2100066260016,N
2100066270015,TUBO ESG FORTLEV 200,449,449,449,449,260,0,-2,0,UN,,,,,39172300,2100066270015,N
2100066280014,TUBO SOD FORTLEV 25,24.9,24.9,24,24,14.49,0,-31.5,0,UN,,,,,39172300,2100066280014,N
2100066290013,TUBO SOD FORTLEV 32,54,54,52,52,32.36,27.28,0,0,UN,,,,,39172300,2100066290013,N
2100066300019,TUBO SOD FORTLEV 60,109.9,109.9,0,0,88,0,0,0,UN,,,,,39172300,2100066300019,N
2100066310018,JOELHO ESGOTO 50MM,3.5,3.5,3.5,3.5,1.5,0,-81,12,UN,,DIVERSOS,CONEXOES,ESGOTO,39174090,2100066310018,N
2100066320017,JOELHO ESGOTO 75MM,5.5,5.5,5,4.8,3.5,0,-25,8,UN,,DIVERSOS,CONEXOES,ESGOTO,39174090,2100066320017,N
7898391333028,"MACHADO COROA 3,5 LL  REF.302",60,60,62,65,34.39,206.35,0,2,UN,,,,,82014000,7898391333028,N
7896438016811,PRUMO 200G CENTRO RAMADA,39.9,39.9,0,0,25.73,25.73,0,1,UN,,,,,90318099,7896438016811,N
7896367744229,TESOURA PODA TRAMONTINA OU FAMASTIL,34,34,34,34,18.4,6.16,2,0,UN,,,,,82015000,7896367744229,N
7898059544285,TORN HERC FILTRO AUT MARROM,9.9,9.9,9.9,9.5,5.13,0,-1,0,UN,,,,,84818099,7898059544285,N
7899612788825,PONTEIRO SDS P/MARTELETE 250MM MTX,18.5,18.5,18,17,8.67,1.08,-9,0,UN,,,,,82079000,7899612788825,N
7899612788733,TALHADEIRA SDS 20X250 P/MARTEL.MTX,17,17,16.5,16,7.76,0,-4,0,UN,,,,,82079000,7899612788733,N
7896603850226,FITA ADESIV SILVER PRETA ADE.48X5,16,16,15.5,15,8.97,5.22,4,4,UN,,,,,59061000,7896603850226,N
7898187882006,PARAFUSO TELHA 3.1/2 PRECON,2.8,2.8,0,0,1.42,28.57,-451,0,PT,,,,,73181400,7898187882006,N
7898059548450,FILTRO PLAST HERC C/TORN PAREDE BRANCO,56.9,56.9,55,55,36,0,-72,5,UN,,,,,84212100,7898059548450,N
7898464387712,INT APOIO 1 TECLA,7.5,7.5,7,7,4.29,0,9,50,PC,,,,,85365090,7898464387712,N
7898464387729,INT APOIO PARALELO 10A,11,11,10,9.5,5.51,4.52,-5,6,PC,,,,,85365090,7898464387729,N
7898464387781,INT APOIO 2 TECLAS,13.9,13.9,13.5,13,7.59,0,12,20,PC,,,,,85365090,7898464387781,N
7898464387804,INT APOIO 3 TECLAS,17,17,17,16.5,7,9.54,-5,12,PC,,,,,85365090,7898464387804,N
7898464387866,INT APOIO C/TOMADA 20A,15.9,15.9,15.5,15,9,0,4,18,PC,,,,,85365090,7898464387866,N
7898464387880,INT APOIO 2 TECLAS C/TOMADA 10A,19.9,19.9,19,18.5,10.65,12.74,-12,12,PC,,,,,85365090,7898464387880,N
7898464387903,TOMADA APOIO 10A,7.5,7.5,7,7,4.49,0,-33,60,PC,,,,,85366910,7898464387903,N
7898464387910,TOMADA APOIO 20A,9,9,9,8.5,5.26,0,-34,24,PC,,,,,85366910,7898464387910,N
7898464387934,TOMADA APOIO DUPLA 10A,10.5,10.5,10,10,5.44,0,-52,24,PC,,,,,85366910,7898464387934,N
7898464387941,TOMADA APOIO DUPLA 20A,17.9,17.9,17,17,10.13,0,3,20,PC,,,,,85366910,7898464387941,N
7898464387958,TOMADA APOIO TRIPLA 10A,18.9,18.9,18.9,18.9,9.3,0,-18,8,PC,,,,,85366910,7898464387958,N
7898464387996,PLACA 4X2 APOIO,5.8,5.8,5.5,5,2.97,1.65,-18,20,PC,,,,,39259090,7898464387996,N
7898464388047,PLACA 4X2 APOIO C FURO DE 10MM,4,4,4.5,5,2.36,2,18,6,PC,,,,,39259090,7898464388047,N
7898464388078,PLACA 4X4 APOIO,9.5,9.5,10,11,5.74,6.88,-4,5,PC,,,,,39259090,7898464388078,N
7898464387842,INT APOIO C/TOMADA 10A,11.5,11.5,11,11,5.91,5.33,-34,24,PC,,,,,85365090,7898464387842,N
7898464384896,PASSA FIO C/ALMA DE ACO 10M APOIO,29,29,28,28,17.22,15.55,-4,4,UN,,,,,56074900,7898464384896,N
7898464384919,PASSA FIO C/ALMA DE ACO 20M APOIO,39,39,38,38,23.18,20.93,0,3,UN,,,,,56074900,7898464384919,N
7898464384902,PASSA FIO C/ALMA DE ACO 15M APOIO,33,33,32,32,19.3,17.43,-2,3,UN,,,,,56074900,7898464384902,N
7898263061462,BOCAL C/RABICHO,3.7,3.7,3.6,3.5,1.31,2.25,154,12,UN,,,,,85366100,7898263061462,N
7898263061455,BOCAL S/ RABICHO,3,3,3,3,1.22,1.17,27,12,PC,,,,,85366100,7898263061455,N
7898263069833,PINO MACHO 10A DESMONTAVEL 90°2P+T CABECA COBRA,6,6,0,0,2.67,0,-12,0,PT,,,,,85366990,7898263069833,N
7898263064135,CAMPAINHA APOIO CIGARRA DE SOBREPOR,21,21,20,20,9.86,4.46,-4,2,PC,,,,,85318000,7898263064135,N
7898263067389,TOMADA APOIO 10A DE SOBREPOR,6,6,0,0,2.73,2.31,-3,0,PC,,,,,85366910,7898263067389,N
7898263067396,TOMADA APOIO 20A SOBREPOR,8,8,0,0,3.09,2.62,-10,0,PC,,,,,85366910,7898263067396,N
7898263069727,INT APOIO SIMPLES DE SOBREPOR,5,5,0,0,2.43,2.2,-7,0,PC,,,,,85365090,7898263069727,N
7898263069451,TOMADA APOIO 20A SISTEMA X,14,14,15,49,7.04,0,-18,12,PC,,,,,85366910,7898263069451,N
7898263063817,INT APOIO SISTEMA X,11,11,0,0,5.16,5.16,-7,0,PC,,,,,85365090,7898263063817,N
7898263069529,INT APOIO C/TOMADA 20A SISTEMA X,17,17,0,0,8.79,8.79,-10,0,PC,,,,,85365090,7898263069529,N
37891567595573,CUPINICIDA SAYERLACK 900ML EXTERMINADOR,44,44,43,42,24.6,18.66,-1,2,UN,,,,,38089119,37891567595573,N
7897562814236,VENTILADOR TETO COL.PT3P127LUZ.ARG,255,255,260,270,185.46,199.1,0,0,UN,,,,,84145990,7897562814236,N
7897562814212,VENTILADOR PERSONAL FAN 20W FAME,134,134,129.9,129.9,95.28,95.61,2,0,UN,,,,,84145990,7897562814212,N
7891009850382,FURADEIRA TRAMONTINA IMPACTO 1/2 127V,226.9,226.9,220,220,147.39,0,-2,1,UN,,,,,84672100,7891009850382,N
7891323075362,BISNAGA GLOBO LILAS 50G,6.5,6.5,6.5,6,3.7,6.28,100,0,UN,,,,,32041700,7891323075362,N
7893946618698,BROCA CONCRETO 08MM,7,7,6.5,6.5,2.68,4.44,21,0,UN,,,,,82075011,7893946618698,N
17896525087738,"BROCA ACO RAPIDO 1/8"" STANLEY",7,7,0,0,2.55,0,-12,0,UN,,,,,82075011,17896525087738,N
40028877491330,BROCA CONCRETO 6MM IRWIN,11.5,11.5,11,11,6.2,3.05,-1,0,UN,,,,,82075011,40028877491330,N
2100066790018,BUCHA GESSO/DRYWALL 02,0.55,0.55,0.5,0.5,0.13,0.07,172,0,UN,,,,,39259090,2100066790018,N
2100066800014,CAIXA PADRAO MONO INPLAST VISOR VIDRO,59.99,59.99,58,57,36.9,36.9,-3,0,PC1,,,,,39259090,2100066800014,N
2100066810013,CAIXA PADRAO TRIF INPLAST VISOR VIDRO,169,169,165,165,117.89,117.89,0,0,PC1,,,,,39259090,2100066810013,N
1000000000313,CAIXA CORREIO 1/2 TIJOLO,49,49,0,0,28.32,0,0,2,PC1,,,,,39174090,1000000000313,N
57891040075121,FITA DUPLA FACE 3M 12MM X 2MT,23.5,23.5,23.5,23,15.2,0,-6,1,UN,,,,,35061090,57891040075121,N
7898493993007,PLAFON LOUCA BRANCO,4.9,4.9,4.9,4.5,2.05,0,-371,0,PC1,,,,,94055000,7898493993007,N
2100066870017,PREGO 3X9 19X33,21,21,0,0,13.99,0,-4,0,KG,,,,,73170090,2100066870017,N
2100066880016,TINTA ESM EUCALAR 900ML BRANCO,33,33,33,33,19.41,30.81,0,6,LA1,,,,,32081010,2100066880016,N
2100066890015,TINTA ESM EUCALAR 900ML PRETO,33,33,33,33,19.74,29.63,6,0,LA1,,,,,32081010,2100066890015,N
2100066900011,TINTA ESM EUCALAR 900ML TABACO,34.9,34.9,34,34,22.24,28.92,7,1,LA1,,,,,32081010,2100066900011,N
7891960876179,BOIA AMANCO CX D AGUA 1/2,17,17,16.5,16,9.38,9.38,-15,0,PC1,,,,,84818019,7891960876179,N
2100066920019,ARG 20KG AC-1MASSATOP,11.9,11.9,11.5,11.5,7.8,0,-575,0,UN,,,,,38245000,2100066920019,N
2100066930018,ARG 20KG AC-2MASSATOP,19.99,19.99,19.99,19.99,11.53,0,-754,0,UN,,,,,38245000,2100066930018,N
2100066940017,ARG 20KG AC-2VOTOMASSA,29.99,29.99,28.99,28.99,17,0,-52,0,UN,,,,,38245000,2100066940017,N
2100066950016,BARROTE CUPIUBA 5.00,75,75,0,0,0,0,-34,0,UN,,,,,44079990,2100066950016,N
2100066960015,BARROTE CUPIUBA 5.50,82.5,82.5,0,0,0,0,-16,0,UN,,,,,44079990,2100066960015,N
2100066970014,"BARROTINHO 6,00M CUPIUBA 5X3",54,54,0,0,0,0,-26,0,UN,,,,,44079990,2100066970014,N
2100066980013,"BARROTINHO 6,50M CUPIUBA 5X3",58.5,58.5,0,0,0,0,-2,0,UN,,,,,44079990,2100066980013,N
2100066990012,"BARROTINHO 7,00M CUPIUBA 5X3",63,63,0,0,0,0,0,0,UN,,,,,44079990,2100066990012,N
2100067000017,"BARROTINHO 7,50M CUPIUBA 5X3",67.5,67.5,0,0,0,0,0,0,UN,,,,,44079990,2100067000017,N
2100067010016,BASC ALUMINIO 60X60 2ARTICUL,109.9,109.9,108,106,68.79,0,-17,1,UN,,,,,76101000,2100067010016,N
7898950845757,CAIXA FORTLEV P/MASSA 20LT MULTIUSO VERDE/MARROM,19.9,19.9,19,19,10.85,0,-4,0,PC1,,,,,39259090,7898950845757,N
2100067030014,CHAVE TESTE SPARTA DIGITAL,9.5,9.5,9,9,3.53,0,-1,2,UN,,,,,90303390,2100067030014,N
7898094332861,ESTILETE,3.9,3.9,3.5,3.5,1.19,1.66,37,0,UN,,,,,82119390,7898094332861,N
2100067050012,FURADEIRA BLACK  DECKER IMPACT 3/8 450W 127V,198,198,195,195,124.97,0,-2,1,PC1,,,,,84672100,2100067050012,N
7898094336913,SERRA COPO MTX C/11 PCS,29.9,29.9,29,29,16.88,9.66,3,0,JG1,,,,,82029990,7898094336913,N
17891323110909,TINTA SPRAY PAINTC 350 ALTA TEMP BRANCO,22,22,21,21,12,0,-3,0,UN,,,,,32089010,17891323110909,N
2100067080019,TINTA SPRAY PRETO ALTA COLORGIN,28.9,28.9,29.9,32,15.92,8.06,-1,1,UN,,,,,32089010,2100067080019,N
2100067090018,TINTA ESM EUCALAR 225ML BRANCO,17.9,17.9,17,17,10.83,8.83,4,2,UN,,,,,32081010,2100067090018,N
27898314110112,DESENGRIPANTE WHITE LUB 300ML (ANTIFERRUGEM),13.5,13.5,13,13,5.83,9.91,13,3,UN,,,,,38249941,27898314110112,N
7891065000141,CADEADO PADO/PAPAIZ 20MM,16.9,16.9,16.9,16.9,9.9,12.43,9,0,UN1,,,,,83011000,7891065000141,N
7891065000172,CADEADO PADO/PAPAIZ 35MM,34,34,33,33,20.89,37.72,54,0,UN1,,,,,83011000,7891065000172,N
7898495460637,CADEADO GOLD 35MMX50MM HASTE LONGA,38,38,0,0,20.73,20.73,-3,0,UN1,,,,,83011000,7898495460637,N
7898543381297,TINTA SPRAY PRETO BRILHANTE,21,21,20,20,11.85,12.94,12,4,UN,,,,,32082019,7898543381297,N
2100067150019,CADEADO PADO/PAPAIZ 45MM,46,46,45,45,28.84,39.79,8,0,UN,,,,,83011000,2100067150019,N
2100067160018,CADEADO PADO/PAPAIZ 50MM,48,48,47,47,27.54,27.54,0,0,UN,,,,,83011000,2100067160018,N
2100067190015,CABO 1.5MM FLEXIVEL,2.3,2.3,1.85,1.8,1.27,0,-1324,0,MT,,,,,85441100,2100067190015,N
2100067220019,PLAFON LOUCA PRETO,4.9,4.9,4.9,4.9,3.03,0,-13,0,PC1,,,,,94051190,2100067220019,N
2100067230018,TE TOMADA CUBO,6,6,5.5,5,2.03,0,-48,20,UN,,,,,85366910,2100067230018,N
2100067240017,PINO MACHO 10A COMPOLUX 2P+T,5,5,0,0,2.44,0,-22,0,UN,,,,,85369090,2100067240017,N
7891466565157,COLA CONTATO KISAFIX 200G EXT.C/TOL,14.9,14.9,14.5,14,8.06,0,-15,4,UN,,,,,35069110,7891466565157,N
7898011974235,CANTONEIRA SIMPLES CINZA 10X12 THOMP,7.5,7.5,0,0,4.63,111.23,0,0,UN,,,,,83024900,7898011974235,N
7897451452006,RODEL 80MM PISO/AZ.CORTAG SIMPLES,18.9,18.9,18.5,18,10.97,12.33,11,0,UN,,,,,84669100,7897451452006,N
2100067280013,LUVA MAO RASPA PARAIBA PETROLEIRA CAN CURTO,23,23,22,22,13.22,0,-2,2,UN,,,,,42032100,2100067280013,N
2100067290012,ASSENTO ATLAS ALMOF BRANCO,62,62,62,62,40.25,0,-5,0,PC1,,,,,39222000,2100067290012,N
7897488015458,CAVADOR ARTIC MINASUL 1.20MT,54,54,52,50,28.22,40.67,4,0,UN,,,,,82019000,7897488015458,N
7898159700178,DESEMP PLAST 17X30 ESTRIADA,13.5,13.5,13,13,6.83,4.2,-6,0,PC1,,,,,39259090,7898159700178,N
7898937544420,DISCO LIXA 7 DIS-FLEX GR0120 ACO/MAD,8,8,0,0,4.03,4.03,-2,0,UN,,,,,68053020,7898937544420,N
7898937544413,DISCO LIXA 7 DIS-FLEX GR080 ACO/MAD,8,8,0,0,4.03,4.03,0,0,UN,,,,,68053020,7898937544413,N
2100067340014,DISCO LIXA 7 NORTON F-212 GR036 FERRO/METAL,10,10,0,0,5.56,5.56,0,0,UN,,,,,68053020,2100067340014,N
7896603800931,FITA ISOLANTE 5M THOMPSON,3,3,3,3,1.3,2.22,135,0,UN,,,,,39191020,7896603800931,N
17898159800011,FITA VEDA ROSCA 18MMX5M,2.5,2.5,2.5,2.5,0.6,0.53,20,0,UN,,,,,39211900,17898159800011,N
2100067380010,LIXA MASSA 80,1.3,1.3,1.2,1.2,0.69,0,9862,0,UN,,,,,68052000,2100067380010,N
2100067390019,LIXA MASSA 150,1.3,1.3,0,0,0.49,0,-48,0,UN,,,,,68052000,2100067390019,N
7898094335220,MULTIMETRO BRASFORT DIGITAL,38.9,38.9,39.9,42,22.3,0,0,1,PC1,,,,,90303100,7898094335220,N
2100067410014,PRIMERTEX SOLVENTEX 551 3.600ML CINZA,84,84,82,80,49.99,33.32,0,1,UN,,,,,32089010,2100067410014,N
7896098813720,LUVA MAO PLASTICA MUCAMBO AZUL G,7,7,0,0,3.78,37.46,0,1,PR1,,,,,40151900,7896098813720,N
7896438022638,PORTA AL 80 C/GRADE,539.9,539.9,520,515,389.05,0,-26,0,UN1,,,,,76101000,7896438022638,N
7896202400464,CESTINHA P/ VALV AMERIC OVERTIME,4.2,4.2,4,4,1.88,2.46,32,0,UN,,,,,96040000,7896202400464,N
7892327000503,OLHO MAGICO LATAO CROM SOPRANO(E) -  REF 03009.0150.71,21,21,21,20,12.7,12.7,2,0,UN1,,,,,83024100,7892327000503,N
7897801301244,TAMPA PLASTICA P/VALV PIA/LAVAT KRONA  -  REF 0815 T1,1,1,1,0.9,0.22,0.19,-17,0,UN,,,,,39174090,7897801301244,N
7898003449116,VALVULA P/LAVATORIO ABS CROM,16,16,15,15,9.15,7.07,-21,0,UN,,,,,39174090,7898003449116,N
2100067490016,RESISTENCIA LORENZETTI 127V (MAXIDUCHA),23,23,0,0,12.37,0,-11,8,UN,,,,,85168010,2100067490016,N
2100067500012,RESISTENCIA PRATIMIX 127V (MAXIDUCHA),17,17,0,0,7,5.87,-9,8,UN,,,,,85168010,2100067500012,N
2100067510011,RESISTENCIA PRATIMIX 220V (ADVANCED),28,28,28,28,14.36,9.84,8,1,UN,,,,,85168010,2100067510011,N
2100067520010,TECNOGRES 37320,55,55,0,0,41,0,0,0,UN,,,,,69072200,2100067520010,N
7891117002963,FOICE ROCADEIRA SEM CABO TRAMONTINA,33.9,33.9,34.9,35.9,17.42,0,-1,1,UN,,,,,82019000,7891117002963,N
7891117004257,COLHER TRAMONTINA PEDREIRO 8,27.5,27.5,27,27,15.65,22.78,13,3,UN,,,,,82055900,7891117004257,N
7891114175172,NIVEL TRAMONTINA EM POLIMERO DE ENGENHARIA 12,42.9,42.9,42.5,42,25.37,31.47,8,0,UN,,,,,90318099,7891114175172,N
7891114147483,"TRENA TRAMONTINA 7,5M",41,41,0,0,23.41,23.41,0,2,UN,,,,,90178010,7891114147483,N
2100067570015,CAIXA FORTLEV 500LTS,299.99,299.99,295,295,220,0,-38,0,UN,,,,,39251000,2100067570015,N
2100067580014,DISJUNTOR BIPOLAR 2X63A,39.9,39.9,39,38,14.37,18.34,6,5,UN,,,,,85362000,2100067580014,N
2100067600019,LUVA ESGOTO 50MM,3.9,3.9,3.9,3.9,1.7,0,-31,8,UN,,DIVERSOS,CONEXOES,ESGOTO,39174090,2100067600019,N
2100067610018,LUVA ESGOTO 75MM,5.99,5.99,5.99,5.99,2,0,-17,4,UN,,DIVERSOS,CONEXOES,ESGOTO,39174090,2100067610018,N
2100067620017,LUVA ESGOTO 100MM FORTLEV,6.6,6.6,6.6,6.6,2.24,0,-21,5,UN,,DIVERSOS,CONEXOES,ESGOTO,39174090,2100067620017,N
2100067630016,LUVA ESG CORRER 40MM,11,11,10.5,10,5.96,5.96,0,2,UN,,DIVERSOS,CONEXOES,ESGOTO,39174090,2100067630016,N
2100067640015,LUVA ESG CORRER 75MM,18.5,18.5,18,17,6.48,6.07,0,0,UN,,,,,39174090,2100067640015,N
2100067650014,LUVA LL 50MM,3.5,3.5,3.5,3.5,1.72,1.59,-4,3,UN,,,,,39174090,2100067650014,N
2100067660013,LUVA LL 60MM,8.5,8.5,0,0,3.2,0,-1,2,UN,,,,,39174090,2100067660013,N
2100067680011,LUVA LL CORRER 32MM FORTLEV,18.5,18.5,18,17.5,10.1,9.39,-3,0,UN,,,,,39174090,2100067680011,N
2100067690010,LUVA LL CORRER 20MM,11.5,11.5,11,11,6.53,6.53,5,10,UN,,DIVERSOS,CONEXOES,AGUA,39174090,2100067690010,N
2100067700016,LUVA LL CORRER 25MM,12.5,12.5,12.5,12,6.83,0,3,6,UN,,DIVERSOS,CONEXOES,AGUA,39174090,2100067700016,N
2100067710015,MASSA CORRIDA PVA SACO 13KG,23,23,23,23,15,0,-610,0,UN,,,,,32141020,2100067710015,N
2100067720014,ADUELA MISTA 13CM,185,185,185,185,0,0,-15,0,UN,,,,,85183000,2100067720014,N
2100067730013,REDUCAO ESG 100X50MM,9,9,9,9,5.5,0,-16,5,UN,,DIVERSOS,CONEXOES,ESGOTO,39174090,2100067730013,N
2100067770019,TE SOLD LL 20MM,1.3,1.3,1.2,1.2,0.44,0,-160,30,UN,,DIVERSOS,CONEXOES,AGUA,39174090,2100067770019,N
2100067780018,TE SOLD LL 60MM,16,16,16.5,17.5,8.9,0,0,0,UN,,DIVERSOS,CONEXOES,AGUA,39174090,2100067780018,N
2100067800013,CHUVEIRO LORENZ ADVANCED 127V,179,179,175,175,105,0,-10,1,UN,,,,,85161000,2100067800013,N
2100067810012,LUVA BRANCA 1/2,2.3,2.3,2.5,3,1,0,-8,6,UN,,DIVERSOS,CONEXOES,AGUA,39174090,2100067810012,N
7897381600621,CABO 2.5MM SIL FLEX,3.8,3.8,2.9,2.8,2.1,1.06,237,0,MT,,,,,85444900,7897381600621,N
7898951425446,CANTONEIRA VIATEK P/BANHEIRO BRANCA/PRETA,26,26,25,25,14.99,14.99,4,2,PC1,,,,,39229000,7898951425446,N
7898418017573,"MANGUEIRA MAQ DE LAVAR ENTRADA 1,20M",14.5,14.5,14,13.5,6.93,9.3,6,0,PC1,,,,,39173100,7898418017573,N
2100067880015,PRIMER VEDACIT P/MANTA ASFAUT ECO. 900ML,22.5,22.5,23,24,13.29,0,-7,0,PC1,,,,,27150000,2100067880015,N
2100067890014,DIFERENCA,1,1,0,0,0.5,0,-4575.74,0,UN,,,,,85183000,2100067890014,N
2100067900010,"TUBO ELET ROSC 1""",28,28,27,27,16.59,16.59,-3,0,UN,,,,,39172300,2100067900010,N
2100067910019,"ABRACAD U 1""",3,3,2.8,2.8,1.17,1.17,85,0,UN,,,,,73089090,2100067910019,N
2100067920018,"CURVA ELETRODUTO ROSCA 1 """,6.5,6.5,6.8,7.5,4.22,0,-3,10,UN,,DIVERSOS,CONEXOES,ELETRODUTO,39174090,2100067920018,N
2100067930017,"BROCA ACO 3/16"" 5MM IRWIN",9,9,9,9,5.16,0,-7,0,UN,,,,,82075011,2100067930017,N
2100067940016,BUCHA S-07,0.25,0.25,0,0,0.07,0,-37,0,UN,,,,,85183000,2100067940016,N
2100067950015,"RIPA CUPIUBA 4X1,5",3.8,3.8,0,0,0,0,-24,0,MT,,,,,44079990,2100067950015,N
2100067960014,BARROTE CUPIUBA 2.50,37.5,37.5,0,0,0,0,-19,0,UN,,,,,44079990,2100067960014,N
2100067970013,BARROTE PINHO 3M,15.99,15.99,0,0,0,0,-29,0,UN,,,,,44079990,2100067970013,N
2100067980012,BARROTE CUPIUBA 6.50,97.5,97.5,0,0,0,0,-40,0,UN,,,,,44079990,2100067980012,N
2100067990011,CURVA SOLDAVEL 20MM,4.3,4.3,4.3,4.3,1.88,0,-53,8,UN,,DIVERSOS,CONEXOES,AGUA,39174090,2100067990011,N
2100068000016,KIT MEBUKI 5 PECAS LINEA MAX,86,86,0,0,6.99,0,0,0,UN,,,,,85183000,2100068000016,N
2100068010015,INT TRAM ARIA C/ TOMADA 20A,14.9,14.9,14.5,14.5,8.3,0.83,27,0,PC,,,,,85365090,2100068010015,N
2100068020014,CAP ESGOTO 75MM,6.8,6.8,6.5,6.5,3.31,3.1,-5,6,UN,,DIVERSOS,CONEXOES,ESGOTO,39174090,2100068020014,N
2100068030013,BUCHA GESSO/DRYWALL 01,0.55,0.55,0.5,0.5,0.16,0.09,154,0,UN,,,,,39259090,2100068030013,N
7898150440134,CORDA SISAL 12MM=1/2,3.6,3.6,3.5,3.5,2.15,0,-26,0,MT,,,,,56072900,7898150440134,N
7896877463115,FILTRO BARRO MINIFILTRO,110,110,105,105,65,298.11,2,0,UN,,,,,84212100,7896877463115,N
7891395021823,ROLO ESPUMA 09CM TIGRE,5.8,5.8,5.5,5.5,2.92,2.15,11,0,UN,,,,,96034010,7891395021823,N
7891395021816,ROLO ESPUMA 05CM TIGRE,4.5,4.5,4.5,4.5,2.41,2.12,2,0,UN,,,,,96034010,7891395021816,N
7892164080942,CAIXA LUZ FMD PLAS.VERDE,7.7,7.7,7.5,7,3.64,2.73,-18,0,UN,,,,,39259090,7892164080942,N
7897801301817,SIFAO SANF HERC/CENSI DUPLO UNIV.BC,18.9,18.9,18.5,18,8.52,14.47,24,0,UN,,,,,39174090,7897801301817,N
27898965442488,PU40 SELANTE D/POLIURETANO CINZA 360G,17.5,17.5,17,17,7.58,8.82,172,3,UN,,,,,35061090,27898965442488,N
2100068120011,LAMPADA COLORIDA 3W,19.99,19.99,21,22,10,0,-3,0,UN,,,,,85395200,2100068120011,N
2100068130010,SERRA MARMORE STANLEY 1200W 127V,375,375,355,350,240.74,240.74,1,1,UN,,,,,84672200,2100068130010,N
7896689111495,SUPORTE P/TV ARTIC 10A55 3MOV BRASFORMA,84.9,84.9,83,83,48.9,0,-23,0,UN,,,,,73269090,7896689111495,N
7896689113345,SUPORTE PAR.TV 10A71LCD BRASFORMA,0,0,0,0,10.57,10.88,2,0,UN,,,,,73269090,7896689113345,N
7899612796042,TRENA FAMASTIL 10M C/TRAVA EMBORRACHADA,43,43,42,42,24.66,0,-4,2,UN,,,,,90178010,7899612796042,N
7898150440080,CORDA SISAL FINA 300,0.25,0.25,33,0,18.36,36.43,-312,0,UN,,,,,56072100,7898150440080,N
2100068180015,CABO P/ PA,17.5,17.5,17,16,9.17,10.41,-4,0,UN,,,,,44170090,2100068180015,N
2100068190014,TRANSFORMADOR 1500VA KF,138,138,135,130,71.61,71.61,0,1,UN,,,,,85043111,2100068190014,N
2100068210019,"PCA 4,5M CUPIU 9X5",119.9,119.9,0,0,43.2,0,-17,0,UN,,,,,44079990,2100068210019,N
2100068220018,NIPLE PVC 3/4,1.5,1.5,2,2.5,2.63,1.09,44,8,UN,,DIVERSOS,CONEXOES,AGUA,39174090,2100068220018,N
2100068230017,MT TUBO 25,5.5,5.5,0,0,7.71,0,-18,0,UN,,,,,39172300,2100068230017,N
2100068240016,PORTA P/PINTURA 70,155,155,0,0,89,0,-5,0,UN,,,,,85183000,2100068240016,N
2100068250015,TALHADEIRA SAO ROMAO CHATA 12,19.9,19.9,19,19,11.51,2.61,-1,0,UN,,,,,82079000,2100068250015,N
2100068260014,CREOLINHAL DESINFETANTE 900ML,28,28,27,27,16.99,22.6,16,3,UN,,,,,38089429,2100068260014,N
2100068270013,LUMINARIA NITROLUX EMB RED 12W,18.5,18.5,18,17.5,8.87,10.71,-2,0,UN,,,,,94055000,2100068270013,N
2100068280012,REG ESFERA 25MM OLIVEIRA,9,9,8.5,8,3.11,0,-30,0,UN,,,,,85183000,2100068280012,N
2100068300017,LAVATORIO PLASTICO ASTRA,22.5,22.5,22,21,10.93,9.76,-5,0,UN,,,,,39259090,2100068300017,N
2100068320015,ESCADA ALUMINIO 03 DEGRAUS BANQUETA LIDER,135,135,130,130,91.01,290.93,14,1,PC,,,,,76169900,2100068320015,N
736532677129,VARAL ALUM CHAO C/ ABA 136X56,134,134,129,127,82.34,64.13,3,0,UN,,,,,76169900,736532677129,N
736532677174,VARAL ALUM CHAO C/ABA 156X56,145,145,140,140,87.28,86.07,4,0,UN,,,,,76169900,736532677174,N
736532677082,VARAL ALUM CHAO 100X56,109,109,107,105,67.78,0,0,0,UN,,,,,76169900,736532677082,N
736532677051,VARAL ALUM CHAO 90X56,108,108,103,100,66.8,0,-3,0,UN,,,,,76169900,736532677051,N
736532677068,VARAL ALUM TETO 100X56,79.9,79.9,77,76,49.61,24.22,2,0,UN,,,,,76169900,736532677068,N
0736532677013,ESCADA ALUMINIO 08 DEGRAUS,285,285,275,275,191.17,258.96,0,0,PC,,,,,76169900,0736532677013,N
2100068390018,BAC ACP DECA IZY BR/CREME,399,399,379,379,270,0,-15,0,UN,,,,,69109000,2100068390018,N
2100068400014,FECH HELA 1008 CR,85,85,83,80,44.07,19.01,2,0,UN,,,,,83014000,2100068400014,N
2100068410013,FECH STAM 823/02 GRAF WC,45,45,0,0,21.18,0,0,0,UN,,,,,85183000,2100068410013,N
2100068420012,LUMINARIA NITROLUX SOB RED 12W,26,26,25,25,13.89,12.42,-4,0,UN,,,,,94055000,2100068420012,N
7898011977601,BROCA SDS THOMPSON 12MM CONCRETO,18,18,17.5,17,8.13,8.13,6,0,UN1,,,,,82075011,7898011977601,N
7898011977380,BROCA CHATA THOMPSON 7/16X150MM,8.9,8.9,0,0,3.88,3.88,0,0,UN1,,,,,82075019,7898011977380,N
7898011977441,BROCA CHATA THOMPSON 7/8X150MM,11.5,11.5,0,0,5.03,5.03,0,0,UN1,,,,,82075019,7898011977441,N
7898543389682,FIXA CUBA 85G,9,9,8.5,8,3.44,3.44,9,2,UN,,,,,35061090,7898543389682,N
7898543383574,COLA CONTATO TEKBOND EXTRA 200G C/ TOLUOL,15.5,15.5,15,15,8.83,16.8,13,4,UN1,,,,,35061090,7898543383574,N
7898405962428,COLA INST 20G ALMASUPER 401,7.5,7.5,7,7,3.4,5.54,167,12,UN,,,,,35061010,7898405962428,N
7897208690859,FITA ISOLANTE 5M VERMELHA MILLA,3,3,3.2,3.5,0.94,0.94,-13,4,UN,,,,,39191020,7897208690859,N
609963672905,FITA ZEBRADA PTA/AML 200M ECOCONVERT,18.5,18.5,18,18,10.27,14.46,8,2,UN1,,,,,39201099,609963672905,N
7898124191284,GANCHO REDE ZIN P/ CHUMBAR RCA  -  REF GR0020,14.5,14.5,15,15.5,8.54,11.67,-1,0,UN,,,,,83024100,7898124191284,N
7898956620396,GANCHO REDE ZIN P/ PARAFUSAR RCA  -  REF GR0010,14,14,14,14,7.97,0,-4,0,UN,,,,,83024100,7898956620396,N
7898231361150,MATA BARATAS GEL BISN 10G TECNOCELL,13,13,13,13,6.82,4.57,1,0,UN,,,,,38089119,7898231361150,N
7897613514092,ROLO LA 9CM SINT,8.5,8.5,8,8,3.73,3.73,14,0,UN1,,,,,96034010,7897613514092,N
7897801301596,SIFAO SANF BLUKIT,9,9,8,8,4,3.06,101,0,UN,,,,,39174090,7897801301596,N
7891988002604,PULVERIZADOR 370ML GUARANY  -  REF  320/21,19.9,19.9,19.9,19.9,12.25,0,-10,0,UN,,,,,84248990,7891988002604,N
2100068580013,RODA P/CARRO DE MAO COMPLETO,83,83,82,82,48.81,91.3,10,0,UN1,,,,,87169090,2100068580013,N
7898011867414,TELA VIVEIRO PLAST PTA 1.5X50M NORTENE,9.8,9.8,9.4,8.9,5.2,5.58,41,0,MT,,,,,39269090,7898011867414,N
2100068600018,FIO PARALELO 2X1.5MM2,4,4,4,4,2.28,0.86,-14,0,MT,,,,,85444900,2100068600018,N
2100068620016,TORN HERC PLAST LAV 1/2 1195,11.9,11.9,11.5,11,6.42,0,-18,0,UN,,,,,84818019,2100068620016,N
2100068640014,"MARRETA SPARTA 1,5KG",65,65,66,67,29,0,0,1,UN,,,,,82052000,2100068640014,N
2100068650013,FLANGE 50MM,21,21,20,19,8.48,11.42,-2,3,UN,,DIVERSOS,CONEXOES,AGUA,39174090,2100068650013,N
2100068660012,FLANGE 25MM,11,11,10.5,10.5,5.84,1.99,-4,7,UN,,DIVERSOS,CONEXOES,AGUA,39174090,2100068660012,N
2100068670011,FLANGE 60MM,35,35,36,38,17.52,0,-2,2,UN,,DIVERSOS,CONEXOES,AGUA,39174090,2100068670011,N
7898105771511,ABRACAD NYLON 100X2.5,0.2,0.2,0.07,0.06,0.03,0.05,1934,0,UN,,,,,39269090,7898105771511,N
7898105771542,"ABRACAD NYLON 140X3,5",0.4,0.4,19,0,10.09,0.1,-23,0,UN,,,,,39269090,7898105771542,N
7898105771535,"ABRACAD NYLON 200X2,5",0.4,0.4,16,17,0.08,0.12,-100,0,UN,,,,,39269090,7898105771535,N
7898105771566,"ABRACAD NYLON 280X3,5",0.7,0.7,36,0,19.69,0.19,-2,0,UN,,,,,39269090,7898105771566,N
2100068720013,ABRACAD NYLON 400X4.8,1.7,1.7,75,0,47.1,0.47,-7,0,UN,,,,,39269090,2100068720013,N
2100068750010,REG HERC SOLD MARROM 20MM 1987,12.9,12.9,12.5,12,6.76,7.33,16,0,UN,,,,,84818099,2100068750010,N
2100068780017,STARTEC 12W EMB LED SLIM QUADRADA,33,33,0,0,15,6.06,0,0,UN,,,,,85183000,2100068780017,N
2100068810011,VERNIZ EUCATEX 225ML IMBUIA,21,21,20,19,11.61,0,-13,2,UN,,,,,32091020,2100068810011,N
2100068820010,PAPELEIRA AGUIA 6540 C/TAMPA,18,18,0,0,9.41,0,0,0,UN,,,,,85183000,2100068820010,N
2100068850017,BANCA G VERDE 1.20 X 0.55,369,369,350,350,0,0,-1,0,UN,,,,,85183000,2100068850017,N
2100068860016,BANCA G PRET 1.20 X 0.55,445,445,425,425,320,0,-1,0,UN,,,,,85183000,2100068860016,N
2100068870015,BANCA G PRET 1.40 X 0.55,485,485,455,0,0,0,0,0,UN,,,,,85183000,2100068870015,N
2100068880014,LAJE DE ISOPOR,46,46,42,42,0,0,-312,0,M2,,,,,85183000,2100068880014,N
2100068890013,SOLEI GR VERDE 1.25X15,72,72,72,72,40.16,0,-1,1,UN,,,,,68022300,2100068890013,N
2100068900019,FORRO FORTLEV CANTO INT EXT CLASSIC/DESIGN,3.6,3.6,0,0,1.5,0,-240,0,UN,,,,,39169090,2100068900019,N
2100068910018,PARAFUSO P/TELHA TROPICAL 5/16X110,1.5,1.5,1.5,1.4,0.47,0.81,-422,0,UN,,,,,73181500,2100068910018,N
2100068920017,ESPATULA ROMA ACO CROMADO 100MM,12.9,12.9,12.5,12,7.18,6.92,10,0,UN,,,,,96034090,2100068920017,N
2100068930016,ABRACAD U 100MM,6,6,0,0,2,0,-11,0,UN,,,,,73089090,2100068930016,N
2100068940015,ADAPT PVC 40X11/4,6,6,6,5.8,3.89,3.22,9,5,UN,,DIVERSOS,CONEXOES,AGUA,39174090,2100068940015,N
2100068950014,"TINTA SELA PINTA GESSO IQUINE 3,6L GL",98,98,95,92,59.36,50.35,2,0,UN,,,,,32091010,2100068950014,N
2100068960013,TINTA SPRAY GRAFITE METALICO,21.99,21.99,0,0,11,0,0,1,UN,,,,,32082019,2100068960013,N
2100068970012,TINTA SPRAY BRONZE METALICO,32.9,32.9,32,32,18.4,18.4,2,1,UN,,,,,32082019,2100068970012,N
2100068980011,VERNIZ SPRAY,19,19,19,18.5,10.57,7.09,4,0,UN,,,,,32082011,2100068980011,N
2100068990010,"TELHA PVC INCOLOR ONDALEV 2,44X50 FORTLEV",79.9,79.9,79.9,79.9,50,0,-19,0,UN,,,,,68118200,2100068990010,N
2100069000015,FORRO FORTLEV PLASTYLON C/6M,35.9,35.9,35,34,25,0,0,0,UN,,,,,39169090,2100069000015,N
2100069010014,JUNCAO ESGOTO 75MM,8,8,0,0,4,0,0,0,UN,,,,,39174090,2100069010014,N
2100069020013,CAIXA PASSAGEM ILUMI 15X15 EMB,19.9,19.9,19.9,19,10.23,10.23,10,0,UN,,,,,39259090,2100069020013,N
2100069030012,ASSENTO TIGRE MAX PLENA,42,42,39.9,39.9,25.46,4.38,-14,0,UN,,,,,39222000,2100069030012,N
2100069040011,ROLO LA 23CM ROMA S/C S/RESPINGO,11,11,11,11,5.83,7.69,49,0,UN,,,,,96034010,2100069040011,N
2100069050010,ROLO LA 23CM ROMA S/C ECOTEC,9,9,10,12,5,4.68,12,0,UN,,,,,96034010,2100069050010,N
2100069060019,ROLO TEXTURA RUST 23CM S/SUP ROMA,34.9,34.9,34.9,34,21.27,34.13,16,0,UN,,,,,96034010,2100069060019,N
2100069070018,"PCA 2,5M CUPIU 9X5",66.5,66.5,0,0,43.2,0,-3,0,UN,,,,,44079990,2100069070018,N
2100069080017,"PCA 4,0M CUPIU 11X5",131,131,0,0,43.2,0,-2,0,UN,,,,,44079990,2100069080017,N
2100069090016,"PCA 4,0M CUPIU 9X5",107,107,0,0,0,0,-35,0,UN,,,,,44079990,2100069090016,N
2100069100012,"PCA 5,5M CUPIU 11X5",179,179,0,0,110,0,0,0,UN,,,,,44079990,2100069100012,N
2100069110011,"PCA 5,5M CUPIU 9X5",148,148,0,0,0,0,-9,0,UN,,,,,44079990,2100069110011,N
2100069120010,"PCA 5,0M CUPIU 09X5",134,134,0,0,0,0,-11,0,UN,,,,,44079990,2100069120010,N
2100069130019,"PCA 5,0M CUPIU 11X5",164,164,0,0,110,0,-10,0,UN,,,,,44079990,2100069130019,N
2100069140018,"PCA 6,5M CUPIU 11X5",213,213,0,0,0,0,0,0,UN,,,,,44079990,2100069140018,N
2100069150017,"PCA 6,5M CUPIU 14X5",330,330,0,0,110,0,0,0,UN,,,,,44079990,2100069150017,N
2100069160016,"PCA 6,5M CUPIU 9X5",175,175,0,0,0,0,0,0,UN,,,,,44079990,2100069160016,N
2100069170015,"PCA 6,0M CUPIU 11X5",196,196,0,0,110,0,-12,0,UN,,,,,44079990,2100069170015,N
2100069180014,"PCA 6,0M CUPIU 9X5",160,160,0,0,110,0,-4,0,UN,,,,,44079990,2100069180014,N
2100069190013,"PCA 7,5M CUPIU 11X5",245,245,0,0,0,0,0,0,UN,,,,,44079990,2100069190013,N
2100069200019,"PCA 7,5M CUPIU 9X5",200,200,0,0,43.2,0,0,0,UN,,,,,44079990,2100069200019,N
2100069210018,"PCA 7,0M CUPIU 11X5",229,229,0,0,0,0,-1,0,UN,,,,,44079990,2100069210018,N
2100069220017,"PCA 7,0M CUPIU 9X5",188,188,0,0,0,0,-12,0,UN,,,,,44079990,2100069220017,N
2100069230016,"PCA 8,5M CUPIU 9X5",230,230,0,0,0,0,0,0,UN,,,,,44079990,2100069230016,N
2100069240015,"PCA 8,0M CUPIU 11X5",267,267,0,0,199,0,0,0,UN,,,,,44079990,2100069240015,N
2100069250014,"PCA 8,0M CUPIU 9X5",215,215,0,0,43.2,0,0,0,UN,,,,,44079990,2100069250014,N
2100069280011,TE ESGOTO 100X50MM,17.99,17.99,17.99,17.99,8.5,0,-11,4,UN,,DIVERSOS,CONEXOES,ESGOTO,39174090,2100069280011,N
2100069290010,TE ESGOTO 75X50MM FORTLEV,12,12,12.5,13.5,5.36,0,0,3,UN,,DIVERSOS,CONEXOES,ESGOTO,39174090,2100069290010,N
2100069300016,MARRETA MINASUL 2KG CCABO,58,58,59.9,65,20,0,0,1,UN,,,,,82052000,2100069300016,N
2100069310015,JOELHO SOLD LR 20X1/2,2.9,2.9,2.8,2.7,1.21,1.1,28,12,UN,,DIVERSOS,CONEXOES,AGUA,39174090,2100069310015,N
2100069320014,FILTRO DURIN PURIFICADOR,199,199,0,0,107.25,0,-1,0,UN,,,,,85183000,2100069320014,N
2100069330013,TORQUES ARMADOR 12 FAMASTIL,44,44,0,0,28,0,0,0,UN,,,,,85183000,2100069330013,N
2100069340012,STARTEC 12W PLAFON LED QUADRA,24,24,0,0,0,0,0,0,UN,,,,,94055000,2100069340012,N
2100069350011,STARTEC 18W EMB LED SLIM QUADRADA,47.9,47.9,0,0,0,0,0,0,UN,,,,,94055000,2100069350011,N
2100069360010,STARTEC 18W EMB LED SLIM REDONDA,47,47,0,0,0,0,0,0,UN,,,,,94055000,2100069360010,N
2100069370019,STARTEC 18W PLAFON LED CIRCLE 6500K,42,42,0,0,0,0,0,0,UN,,,,,94055000,2100069370019,N
2100069380018,STARTEC 18W PLAFON LED QUADRA 6500K,42,42,0,0,0,0,0,0,UN,,,,,94055000,2100069380018,N
2100069390017,STARTEC 20W FLAT LED,43,43,0,0,0,0,0,0,UN,,,,,94055000,2100069390017,N
2100069400013,STARTEC 24W EMB LED SLIM QUADRADA,69,69,0,0,0,0,0,2,UN,,,,,94055000,2100069400013,N
2100069410012,LUMINARIA NITROLUX EMB RED 25W,44,44,43,43,24.81,0,-3,2,UN,,,,,94055000,2100069410012,N
2100069420011,LUMINARIA NITROLUX EMB QD 5W,8.8,8.8,8.5,8.5,4.51,6.29,186,2,UN,,,,,94055000,2100069420011,N
2100069430010,LUMINARIA NITROLUX SOB RED 24W,46,46,46,45,26.02,27.37,-1,2,UN,,,,,94055000,2100069430010,N
2100069440019,STARTEC SPOT SOBREPOR OCTA,32.5,32.5,0,0,0,0,0,0,UN,,,,,94055000,2100069440019,N
2100069450018,STARTEC SPOT SOBREPOR OCTA DUPLO,50.9,50.9,0,0,0,0,0,0,UN,,,,,94055000,2100069450018,N
2100069460017,LUMINARIA TARTARUGA LED 8W,24.5,24.5,24,23,14.18,0,0,1,UN,,,,,94055000,2100069460017,N
2100069470016,STARTEC TARTARUGA LED 12W,39.9,39.9,0,0,0,0,0,0,UN,,,,,94055000,2100069470016,N
2100069480015,STARTEC SPOT LED PP 5W 6500K RED/QUADRADO,17.5,17.5,0,0,0,0,0,0,UN,,,,,94055000,2100069480015,N
2100069490014,PARAFUSO P/RACK 1/2X04 ROSCA PORCA,7,7,7,7,3,0,-1,0,UN,,,,,73181200,2100069490014,N
2100069500010,FERROLHO FIO REDONDO FG 3,10,10,10,10,5.25,5.25,7,0,UN,,,,,85183000,2100069500010,N
2100069510019,FERROLHO FIO REDONDO PRETO 2 1/2,8.5,8.5,8,8,4.2,0,-5,0,UN,,,,,85183000,2100069510019,N
2100069520018,FERROLHO FIO REDONDO PRETO 2¨,7.5,7.5,7.5,7.5,3.83,0,-2,0,UN,,,,,85183000,2100069520018,N
2100069530017,FERROLHO FIO REDONDO PRETO 3,11,11,10.5,10,5.25,5.25,10,0,UN,,,,,85183000,2100069530017,N
2100069540016,FERROLHO FIO REDONDO PRETO 4,12.5,12.5,12,12,6.29,0,-4,0,UN,,,,,85183000,2100069540016,N
2100069550015,FERROLHO FIO REDONDO PRETO 5¨,14,14,0,0,1,0,-3,0,UN,,,,,85183000,2100069550015,N
2100069560014,FERROLHO LATAO 12CM,29.9,29.9,29,29,16.5,0,-3,0,UN,,,,,83014000,2100069560014,N
2100069570013,FERROLHO LATAO 15CM,37,37,0,0,1,0,0,0,UN,,,,,85183000,2100069570013,N
2100069580012,FERROLHO ACO ESTAMPADO 12CM,24.99,24.99,24.99,24.99,13.93,0,4,0,UN,,,,,83014000,2100069580012,N
2100069590011,FERROLHO ACO ESTAMPADO 6CM,11.9,11.9,11.5,11,5.66,5.66,-18,0,UN,,,,,83014000,2100069590011,N
2100069600017,FERROLHO LATAO 9CM,22,22,21,21,11.4,10.32,0,0,UN,,,,,83014000,2100069600017,N
2100069610016,PENEIRA P/AREIA,25,25,25,24,14.34,21.09,20,0,UN,,,,,96040000,2100069610016,N
2100069620015,CADEADO STAM 35MM,29.9,29.9,29,29,17.37,13.02,3,0,UN,,,,,83011000,2100069620015,N
2100069630014,ARCO DE SERRA CORTAG 12,22,22,21,21,11.9,11.9,-2,1,UN,,,,,82021000,2100069630014,N
2100069640013,"INCENOR 66740 CX 2,68M2",27.9,27.9,27,27,21.4,0,0,0,M2,,,,,69072200,2100069640013,N
2100069650012,CHAVE TRAMONTINA PHILIPS 1/4 X 6,12.5,12.5,12,12,7.09,10.54,26,0,UN,,,,,82054000,2100069650012,N
27891114102103,CHAVE TRAMONTINA PHILIPS 1/8 X 4,6.9,6.9,6.5,6.5,3.75,0.45,-2,0,UN,,,,,82054000,27891114102103,N
2100069670010,CHAVE TRAMONTINA PHILIPS 3/16 X 6,10,10,10,10,5.18,7.86,20,0,UN,,,,,82054000,2100069670010,N
2100069680019,CHAVE TRAMONTINA PHILIPS 3/8 X 8,23.5,23.5,24.5,26,14,14,0,0,UN,,,,,82054000,2100069680019,N
7898087585564,FERROLHO SILVANA FIO RED 2,6.5,6.5,7,7.5,3.42,3.66,0,0,UN,,,,,83014000,7898087585564,N
7898087585755,FERROLHO SILVANA FIO RED 2 1/2,7,7,7.5,7.9,4.28,4.64,0,0,UN,,,,,83014000,7898087585755,N
7892261063442,PARAFUSO 3.9X13 CISER CHATO PHILLIPS,0.25,0.25,0.3,0.35,0.07,0.07,0,0,UN,,,,,73181500,7892261063442,N
7892261063657,PARAFUSO 4.8X50 CISER CHATO  PHILLIPS,0.6,0.6,0.55,0.55,0.18,0.33,1260,0,UN,,,,,73181500,7892261063657,N
7898087580835,PORTA CADEADO RCA GALV 3 1/2 ZINC,10.5,10.5,10,10,4.94,4.94,24,0,UN,,,,,83021000,7898087580835,N
2100069740010,RODIZIO SOPRANO TRANSP 35MM C/FREIO,9.5,9.5,9.5,9.5,6.53,9.98,-16,6,PC1,,,,,83022000,2100069740010,N
2100069750019,ESPATULA TRAMONTINA INOX C/CABO PLAST 12C,10.5,10.5,10,9.5,5.28,5.28,11,0,UN,,,,,96034090,2100069750019,N
2100069780016,PORTA AL 60 TODA VENEZIANA LIDER,449,449,429,429,329.15,0,-19,0,UN,,,,,76101000,2100069780016,N
2100069800011,NUMERO LATAO,18,18,17.5,17,10.25,14.24,-16,0,UN,,,,,83100000,2100069800011,N
2100069820019,PORTA CADEADO LIDER 21/2,9,9,9,9,5.14,4.65,9,0,UN,,,,,83021000,2100069820019,N
2100069840017,VIAPLUS TOP 18KG,65,65,0,0,0,0,0,0,UN,,,,,85183000,2100069840017,N
2100069850016,PORTA LISA 70 BRANCA,159.9,159.9,0,0,0,0,-7,0,UN,,,,,85183000,2100069850016,N
2100069860015,PORTA LISA 80 BRANCA,159.9,159.9,0,0,0,0,-3,0,UN,,,,,85183000,2100069860015,N
2100069870014,PORTA LISA 60 BRANCA,159.9,159.9,0,0,0,0,-4,0,UN,,,,,85183000,2100069870014,N
2100069880013,PORTA LISA 60 SUCUPIRA,159.9,159.9,0,0,0,0,0,0,UN,,,,,85183000,2100069880013,N
2100069890012,PORTA LISA 70 SUCUPIRA,159.9,159.9,0,0,0,0,-16,0,UN,,,,,85183000,2100069890012,N
2100069900018,PORTA LISA 80 SUCUPIRA,159.9,159.9,0,0,0,0,-6,0,UN,,,,,85183000,2100069900018,N
2100069910017,PORTA LISA 60 MAGNO,159.9,159.9,0,0,0,0,-1,0,UN,,,,,85183000,2100069910017,N
2100069920016,PORTA LISA 70 MAGNO,159.9,159.9,0,0,0,0,-4,0,UN,,,,,85183000,2100069920016,N
2100069930015,PORTA LISA 80 MAGNO,159.9,159.9,0,0,0,0,-1,0,UN,,,,,85183000,2100069930015,N
7893858404235,FECH STAM 813/33 INT INOX,62,62,60,59,33.83,33.26,18,0,UN,,,,,83014000,7893858404235,N
7898550250784,ANEL VED BLUKIT/CENSI C/ GUIA P/ VASO SANITARIO,12.5,12.5,12,12,4.83,7.73,7,4,UN,,,,,40069000,7898550250784,N
7898550250807,MEC. SAIDA REPARO CX ACOP MOD. ASTRA,29,29,28,28,14.24,0,-2,2,PC,,,,,84819010,7898550250807,N
7898550250814,MEC. ENTRADA REPARO CENSI/BLUKIT REF.340264 / ASTRA,29.9,29.9,28,28,14.37,0,-2,0,PC,,,,,84819010,7898550250814,N
7898550250845,MEC. ENTRADA UNIVERSAL P/ CX ACOPLADA REF 340204-41,56,56,55,55,34.95,31.98,0,4,PC,,,,,84818019,7898550250845,N
7899942802758,MEC. PARAFUSOS FIXACAO P/ CX ACOPLADA M10 X 80MM,11,11,10,10,4.12,5.22,10,0,PC,,,,,39269090,7899942802758,N
7898550250722,OBTURADOR OLFIX C/CORRENTE,14.9,14.9,14.5,14,7.2,0,-79,0,PC,,,,,84819010,7898550250722,N
7898550250920,BOTAO ACIONAMENTO SUPERIOR BRANCO CASTELO CENSI,39.9,39.9,39,39,23.25,17.63,2,0,UN,,,,,84819010,7898550250920,N
7898550250968,BOTAO ACIONAMENTO SUPERIOR CROMADO C/ CORRENTE P/CAIXA ACOPLADA,33,33,32,31,16.56,0,0,0,PC,,,,,84819010,7898550250968,N
7898550252979,BOTAO ACIONAMENTO SUPERIOR DUPLO CROMADO MBT,44,44,42,42,22.99,33.74,-3,0,PC,,,,,84819010,7898550252979,N
7898550252870,MEC.BOIA CONJUNTO FECH P/ MEC. ENTRADA  BLUKIT/ASTRA,18.5,18.5,19,20,11.29,12.42,0,0,PC,,,,,84819010,7898550252870,N
7898550254423,MEC. ENTRADA TORRE SEM BOIA BLUKIT REF 34026441,65,65,66,68,37.88,47.19,0,1,PC,,,,,84818019,7898550254423,N
7898550262077,MEC.COMPLETO C/ DUPLO ACIONADOR  REF 340515-41,135,135,139,145,80.37,72.24,0,1,UN,,,,,84818019,7898550262077,N
2100070100018,"TELHA COLONIAL FORT 2,30 X0,86 ONDAS TERRA COTA",115.9,115.9,0,0,0,0,0,0,UN,,,,,39211900,2100070100018,N
7898423270772,TELA MOSQUITEIRO NYLON 1.00 X 0.50 VERDE,5,5,5,4.8,2.69,2.51,37,0,RL,,,,,54077200,7898423270772,N
7898966772016,SUPORTE P/PIA PARAFUS.PINTA.50X5X3CM,56.9,56.9,56,55,29.29,39.05,11,1,PR,,,,,72149100,7898966772016,N
7896484900638,PULVERIZADOR 500ML GIFO US2500AL,9.9,9.9,9.5,9.5,5.69,7.26,10,3,UN,,,,,84248990,7896484900638,N
2100070150013,LUVA LR 25X3/4,1.8,1.8,2,2.5,0.75,0.92,43,15,UN,,DIVERSOS,CONEXOES,AGUA,39174090,2100070150013,N
7898059543677,REGISTRO MAQ.LAVAR1/2X1985 HERC,22,22,21,21,12.26,11.31,10,0,UN,,,,,84818099,7898059543677,N
7899201710336,SUPORTE PRATEL.TUCANO MET.CROM.PQ,22.9,22.9,22,22,14.71,5.92,-1,0,UN,,,,,83024100,7899201710336,N
7898094330614,CORTADOR VIDRO OLEO BRASFORT,23,23,22,22,12.04,9.87,2,0,UN,,,,,82055900,7898094330614,N
2100070190019,FECH HELA 2018/04 INT PARIS LO,53.9,53.9,0,0,38,0,0,0,UN,,,,,83014000,2100070190019,N
2100070200015,JOELHO SOLD LL 25X20,3.5,3.5,3.3,3.3,1.48,1.37,0,10,UN,,DIVERSOS,CONEXOES,AGUA,39174090,2100070200015,N
2100070210014,PARAFUSO P/VASO S-8,3.2,3.2,3.5,3.8,1.6,0,0,0,UN,,,,,73181500,2100070210014,N
2100070220013,PORC TUSCANY GRIS PL A 60X60,76.99,76.99,69.99,69.99,41,0,0,0,UN,,,,,69072200,2100070220013,N
2100070230012,CANTONEIRA MOVEIS,1.5,1.5,0,0,0.49,5.19,0,0,UN,,,,,72162100,2100070230012,N
2100070240011,CAIXA FORTLEV 150LTS,210,210,0,0,140,0,-2,0,UN,,,,,39251000,2100070240011,N
2100070250010,PORTA DEC SAFIRA 70 MOGNO,175,175,175,0,125,0,-3,0,UN,,,,,85183000,2100070250010,N
2100070270018,BRACO P/CHUVEIRO ASTRA 40CM,25,25,24,24,14.87,0,0,0,UN,,,,,39174090,2100070270018,N
2100070280017,ANEL BORRA ESG100MM,2.8,2.8,2.8,2.8,0.61,0.39,25,0,UN,,,,,40169300,2100070280017,N
2100070290016,GRELHA QUAD/RED OLIVEIRA 10X10,12.5,12.5,12,12,4.53,9.89,-10,0,UN,,,,,73259910,2100070290016,N
2100070300012,SOLEI GR VERDE 75X13,38,38,37,37,20.88,0,-2,0,UN,,,,,68022300,2100070300012,N
2100070310011,SOLEI GR VERDE 75X15,43,43,42,41,24.1,0,-5,0,UN,,,,,68022300,2100070310011,N
2100070320010,SOLEI GR VERDE 65X13,32,32,31,31,18.09,0,-2,0,UN,,,,,68022300,2100070320010,N
2100070330019,"PEITORIL G VER1,25X17",89.9,89.9,87,87,54.56,0,-3,0,UN,,,,,85183000,2100070330019,N
2100070340018,VARAL ALUM TETO 120X56,98,98,95,94,63.29,0,-2,0,UN,,,,,76169900,2100070340018,N
2100070350017,VARAL ALUM TETO 90X56,77,77,74,73,48,47.55,-2,0,UN,,,,,76169900,2100070350017,N
7908147601810,"TINTA LUX DURAMAIS 3,6L BOREAL",34.9,34.9,35.9,36.9,21.54,12.23,0,1,GL,,,,,32091010,7908147601810,N
2100070370015,MT TUBO 32,12,12,0,0,1.95,0,-17,0,UN,,,,,39172300,2100070370015,N
7908147609601,TINTA ESM LUX BASE AGUA 3.6L,156.9,156.9,159,165,85.5,76.34,-1,1,GL,,,,,32091010,7908147609601,N
7908147602596,"TINTA ESM EXTRALUX 0,1125L AZUL DEL REY (NV.PADRAO)",8,8,0,0,4.14,3.58,-2,2,LT,,,,,32081010,7908147602596,N
7908147602626,TINTA ESM EXTRALUX 0.1125L BRANCO NEVE,8,8,0,0,4.14,3.58,-9,4,LT,,,,,32081010,7908147602626,N
7908147602664,"TINTA ESM EXTRALUX 0,1125L CONHAQUE",8,8,0,0,4.14,3.58,-1,3,LT,,,,,32081010,7908147602664,N
7908147602718,"TINTA ESM EXTRALUX 0,1125L PLATINA",8,8,0,0,4.14,3.58,0,2,LT,,,,,32081010,7908147602718,N
7908147602725,"TINTA ESM EXTRALUX 0,1125L PRETO",8,8,0,0,4.14,3.58,-26,3,LT,,,,,32081010,7908147602725,N
7908147602749,"TINTA ESM EXTRALUX 0,1125L TABACO (NV.PADRAO)",8,8,0,0,4.14,3.58,-3,2,LT,,,,,32081010,7908147602749,N
7908147602787,"TINTA ESM EXTRALUX 0,1125L VERM.FERRARI",8,8,0,0,4.14,3.58,-6,2,LT,,,,,32081010,7908147602787,N
7908147602800,LIQUIBRILHO INCOLOR 3.6L RENOVE,89.9,89.9,88,87,56.03,52.32,4,1,GL,,,,,32091010,7908147602800,N
7908147613363,TINTA LUXCRIL 15L BRANCO NEVE,198,198,195,192,137.21,0,-2,2,UN,,,,,32091010,7908147613363,N
7908147603074,"TINTA LUXCRIL 3,6L BRANCO NEVE",60,60,57,57,38.75,0,-2,1,GL,,,,,32091010,7908147603074,N
7908147603210,TINTA ESM LUXLAR 750ML AZUL DEL REY (NV.PADRAO),29.9,29.9,29,29,19.2,19.12,0,2,LT,,,,,32081010,7908147603210,N
7908147603258,TINTA ESM LUXLAR 750ML BRANCO NEVE,29.9,29.9,29,29,18.79,0,-2,2,LT,,,,,32081010,7908147603258,N
7908147603289,TINTA ESM LUXLAR 900ML CONHAQUE,32,32,0,0,19.2,15.36,0,1,LT,,,,,32081010,7908147603289,N
7908147603333,TINTA ESM LUXLAR 750ML PLATINA,29.9,29.9,29,29,18.79,0,-1,1,LT,,,,,32081010,7908147603333,N
7908147603340,TINTA ESM LUXLAR 750ML PRETO,29.9,29.9,29,28,18.79,0,-5,2,LT,,,,,32081010,7908147603340,N
7908147603371,TINTA ESM LUXLAR 900ML TABACO,29.9,29.9,29,28,18.2,15.28,-3,2,LT,,,,,32081010,7908147603371,N
7908147603388,TINTA ESM LUXLAR 750ML VERDE FOLHA,29.9,29.9,29,28,18.2,0,-1,1,LT,,,,,32081010,7908147603388,N
7908147603418,TINTA ESM LUXLAR 900ML VERMELHO FERRARI,33,33,0,0,19.2,22.96,-1,2,LT,,,,,32081010,7908147603418,N
7908147603562,"TINTA ESM LUXLAR 3,0L PRETO",99,99,0,0,64.97,0,0,1,LT,,,,,32081010,7908147603562,N
7908147613936,TINTA LUXPISO 15L BRANCO,229,229,220,218,138.56,0,-6,1,UN,,,,,32091010,7908147613936,N
7908147613967,TINTA LUXPISO 15L CINZA,229,229,220,218,136.15,0,-10,1,UN,,,,,32091010,7908147613967,N
7908147614018,TINTA LUXPISO 15L VERDE,229,229,220,218,137.41,0,-3,1,UN,,,,,32091010,7908147614018,N
7908147614070,TINTA LUXPISO 15L VERMELHO SEGUR,229,229,220,218,136.62,112.91,0,0,UN,,,,,32091010,7908147614070,N
7908147600172,"TINTA LUXPISO 3,0L CINZA",55,55,52,52,34.63,0,-3,1,GL,,,,,32091010,7908147600172,N
7908147600219,"TINTA LUXPISO 3,0L VERMELHO SEGURANCA",55,55,52,50,34.63,18.77,-2,0,GL,,,,,32091010,7908147600219,N
7908147612069,SELADOR ACRILICO LUX 15L BRANCO,89,89,85,85,60.83,0,-5,2,UN,,,,,32091010,7908147612069,N
7908147600295,"SELADOR ACRILICO LUX 3,6L BRANCO",52,52,50,50,35.48,0,0,2,GL,,,,,32091010,7908147600295,N
7908147614438,TINTA LUX SEMI BRILHO 15L BRANCO NEVE,289,289,285,282,204.48,0,-2,2,UN,,,,,32091010,7908147614438,N
7908147600530,"TINTA LUX SEMI BRILHO 3,6L BRANCO NEVE",84,84,80,80,56.55,0,0,1,GL,,,,,32091010,7908147600530,N
7908147600790,VERNIZ LUX 900ML IMBUIA,38,38,39,42,23.25,0,0,1,LT,,,,,32081010,7908147600790,N
7908147600806,VERNIZ LUX 750ML INCOLOR,36,36,35,35,22.49,0,-1,0,LT,,,,,32081010,7908147600806,N
7908147600820,VERNIZ LUX 900ML MOGNO,38,38,39,42,23.9,19.12,0,1,LT,,,,,32081010,7908147600820,N
7908147605122,VERNIZ LUX 750ML NOGUEIRA,37,37,36,35,22.49,0,0,1,LT,,,,,32081010,7908147605122,N
7908147600707,VERNIZ RENOVE 3.6L IMBUIA,144.9,144.9,140,138,92.43,86.15,4,1,GL,,,,,32081010,7908147600707,N
7908147600714,"VERNIZ LUX 3,6L INCOLOR",125,125,135,145,67.46,67.46,0,1,GL,,,,,32081010,7908147600714,N
7908147605139,"VERNIZ LUX 3,6L CEREJEIRA",125,125,135,145,84.32,67.46,0,1,GL,,,,,32081010,7908147605139,N
2100070870010,COLA QUENTE BASTAO,1.3,1.3,1.1,1,0.5,0.46,63,0,UN,,,,,85183000,2100070870010,N
2100070880019,ENXADA NORTE 2.5 S/CABO TRAMONTINA,45.5,45.5,45,43,26.51,39.46,-3,2,UN,,,,,82013000,2100070880019,N
2100070930011,CABO METASUL ANCINHO/VASSOURA,8,8,0,0,4.95,4.95,0,0,PC1,,,,,44170090,2100070930011,N
7898059548764,ESGUICHO HERC PISTOLA ENGATE RAP 3500,15.5,15.5,15,15,8.53,0,-2,1,PC1,,,,,84248221,7898059548764,N
2100070980016,BOIA PARA BEBEDOURO 1/2 KRONA,9.9,9.9,9.5,9.5,5.77,3.94,-1,0,PC1,,,,,84818019,2100070980016,N
7898322642991,BARRAMENTO ILUMI 8 LIGACOES,13.9,13.9,0,0,7.31,7.31,0,0,PC1,,,,,85369090,7898322642991,N
2100071000010,"HASTE TERRA 10,00MM X 2400MM",44,44,43,43,24.89,24.89,-3,0,PC1,,,,,73262000,2100071000010,N
2100071010019,HASTE TERRA OLIVO COBRE 10MMX1.20 MT,24,24,0,0,15.69,15.69,0,0,PC1,,,,,72149990,2100071010019,N
7898105774222,BOCAL PORCELANA E27 FX10 P/SPOT,3.8,3.8,3.5,3.5,1.7,1.34,32,5,PC1,,,,,85366100,7898105774222,N
7897176423404,ZARCAO 225ML NATRIELLI PITBULL,15,15,0,0,8.09,58.81,0,4,UN,,,,,32089010,7897176423404,N
2100071050015,CABO 6.0MM RIGIDO,8.5,8.5,7.2,6.8,4.53,5.18,-136,0,MT,,,,,85441100,2100071050015,N
2100071070013,CABO 2.5MM COBRECOM FLEX,3.5,3.5,2.8,2.7,2.05,0,-1431,0,MT,,,,,85444900,2100071070013,N
2100071090011,CABO 6.0MM FLEX,8.5,8.5,6.85,6.7,4.99,0,-1251,0,MT,,,,,85444900,2100071090011,N
2100071100017,CABO 10MM FLEXIVEL 750V PRETO,14.9,14.9,12,11.5,7.29,5.54,62,0,MT,,,,,85444900,2100071100017,N
17897321122869,PENETROL CUPIM LT 900 ML,49.9,49.9,52,54,29.79,178.74,0,1,UN,,,,,38089119,17897321122869,N
7897321121100,VEDACIT MASSA ASFALTICA BD 20KG FRIOASFALTO,299,299,285,285,220,229.34,0,0,UN,,,,,27150000,7897321121100,N
17897321121114,"VEDACIT MASSA ASFALTICA GL 3,9KG FRIOASFALTO",69.9,69.9,72,75,46.78,187.13,0,0,UN,,,,,27150000,17897321121114,N
17897321123927,"BIANCO GL 3,6 KG",94,94,91,87,62.48,249.94,0,0,UN,,,,,35069120,17897321123927,N
17897321130482,VEDACIT COMPOUND ADESIVO  LT 1 KG,82,82,82,80,57.8,330.79,-5,0,UN,,,,,35061090,17897321130482,N
17897321117841,"VEDACIT ADITIVO GL 3,6 L",39.9,39.9,38,38,26.61,106.45,-5,0,UN,,,,,38244000,17897321117841,N
17897321118329,VEDACIT VEDALIT 900ML,19.99,19.99,19.5,19.5,13.16,0,-88,10,UN,,,,,38244000,17897321118329,N
17897321117872,"VEDACIT VEDALIT GL 3,6 L",50,50,49,49,31.05,0,-10,1,UN,,,,,38244000,17897321117872,N
17897321118046,"VEDACIT VEDAPREN GL 3,6 L PRETO",95,95,89.9,89.9,70,330.4,-3,1,UN,,,,,27150000,17897321118046,N
17897321120216,"VEDACIT VEDAPREN PAREDE GL 3,6 KG",99.9,99.9,98,97,56.44,225.79,-2,1,UN,,,,,32091010,17897321120216,N
7897321119909,VEDACIT VEDATOP CX 3 KG,35.99,35.99,35,35,21.32,21.32,0,1,UN,,,,,32149000,7897321119909,N
7897321123951,BIANCO BD 18 KG,299.9,299.9,315,330,224.39,224.39,0,0,UN,,,,,35069120,7897321123951,N
7897321117851,VEDACIT ADITIVO BD 18 L,119,119,119,119,87.01,87.01,-1,0,UN,,,,,38244000,7897321117851,N
7897321117837,VEDACIT VEDALIT BD 18 L,190,190,182,180,139.04,139.04,0,0,UN,,,,,38244000,7897321117837,N
7897321118056,VEDACIT VEDAPREN BD 18 L PRETO,340,340,340,340,260,324.68,-1,0,UN,,,,,27150000,7897321118056,N
7897321120233,VEDACIT VEDAPREN PAREDE BD 18 KG,406.5,406.5,389,389,243.15,243.15,0,0,UN,,,,,32091010,7897321120233,N
7897321119428,VEDACIT VEDATOP CX 12 KG,108.9,108.9,105,105,70,66.99,0,1,UN,,,,,32149000,7897321119428,N
17897321127949,BIANCO PT 900 G,38,38,37,37,22.9,0,-6,0,UN,,,,,35061090,17897321127949,N
17897321127956,VEDACIT ADITIVO 900 ML,15.5,15.5,15,15,9.99,0,-1,0,UN,,,,,38244000,17897321127956,N
2100071300011,MGM LIRIO,520,520,500,0,0,0,0,0,UN,,,,,85183000,2100071300011,N
2100071310010,PORTA P/VERNIZ 70 SUCUPIRA,195,195,0,0,56.5,0,-11,0,UN,,,,,85183000,2100071310010,N
2100071320019,PORTA P/VERNIZ 60 SUCUPIRA,199,199,195,192,120,0,-7,0,UN,,,,,85183000,2100071320019,N
2100071330018,PORTA P/PINTURA 80,155,155,0,0,89,0,-4,0,UN,,,,,85183000,2100071330018,N
2100071340017,RTA DEC SAFIRA 60 BRANCA,175,175,175,175,125,0,0,0,UN,,,,,85183000,2100071340017,N
2100071350016,PORTA DEC SAFIRA 60 SUCUPIRA,175,175,175,0,125,0,-2,0,UN,,,,,85183000,2100071350016,N
2100071360015,COLA ARALDITE MASSA EPOXI 100G,9,9,9.5,10,4.16,0,0,3,UN,,,,,35061090,2100071360015,N
2100071370014,ARAME FARPADO 500M,399,399,0,0,0,0,0,0,UN,,,,,73130000,2100071370014,N
2100071380013,ADESIVO 175G POLYTUBES,17.5,17.5,17,16,8.48,0,-1,2,UN,,,,,35061090,2100071380013,N
2100071390012,JUNCAO ESGOTO 50MM FORTLEV,9.9,9.9,9.9,9.9,4.42,0,-2,7,UN,,DIVERSOS,CONEXOES,ESGOTO,39174090,2100071390012,N
2100071400018,ESTRIBO 15X15,1.35,1.35,0,0,0,0,0,0,UN,,,,,85183000,2100071400018,N
2100071410017,ESTRIBO 7X27,1.5,1.5,0,0,0,0,0,0,UN,,,,,85183000,2100071410017,N
2100071420016,DISCO P/MAQ CORTAG CONTINUO,18,18,17.5,17,9.99,0,-6,0,UN,,,,,68042119,2100071420016,N
2100071430015,LUVA LR 20X1/2,1.7,1.7,1.9,2.5,0.75,0,-36,30,UN,,DIVERSOS,CONEXOES,AGUA,39174090,2100071430015,N
2100071440014,"INCENOR 66920 45X46 A CARRARA CX2,58",27.99,27.99,0,0,20.5,0,-20.64,0,M2,,,,,69072200,2100071440014,N
2100071450013,"INCENOR 66400 46X46 A CX2,58",27.99,27.99,0,0,20.5,0,0,0,M2,,,,,69072200,2100071450013,N
2100071460012,"INCENOR 66410 46X46 A CX2,58",27.99,27.99,0,0,20.5,0,0,0,M2,,,,,69072200,2100071460012,N
2100071470011,"INCENOR 62680 A 46X46 C2,58",26.99,26.99,0,0,19.5,0,-19.06,0,M2,,,,,69072200,2100071470011,N
2100071480010,"INCENOR 62660 A 46X46 C2,58",27.99,27.99,0,0,19.5,0,0,0,M2,,,,,69072200,2100071480010,N
2100071490019,SOLEI MAR BR 125X13,37,37,35,35,22,0,0,0,UN,,,,,68022100,2100071490019,N
2100071500015,SOLEI GR VERDE 125X13,71,71,68,65,34.81,0,0,0,UN,,,,,68022300,2100071500015,N
17897170500092,GRAXA AUTO. 500G CALCIO2 INGRAX,23,23,23,23,14.02,13.9,11,2,UN,,,,,27101999,17897170500092,N
7898586132795,SACO LIXO  50L PT FOXLUX ALMOF.C10,5.5,5.5,0,0,2.82,2.82,0,0,PT,,,,,39232110,7898586132795,N
7898246050728,SENSOR PRESENCA TETO E27 BIV.QUALI,41,41,40,39,23.72,0,-8,1,UN,,,,,85365090,7898246050728,N
7898427431704,TERMINAL PRESSAO CABO06MM. SAPATINHO,8.5,8.5,0,0,3.76,3.76,0,0,PT,,,,,85359090,7898427431704,N
7898427426571,TERMINAL PRESSAO CABO10MM. SAPATINHO,8.5,8.5,0,0,3.44,3.44,0,0,PT,,,,,85359090,7898427426571,N
7898427420401,TERMINAL PRESSAO CABO16MM. SAPATINHO,8.9,8.9,0,0,3.9,3.9,0,0,PT,,,,,85359090,7898427420401,N
7898011973474,TRENA FIBRA  30M THOMPSON ABERTA,42,42,40,38,19.65,0,0,0,UN,,,,,90178090,7898011973474,N
2100071580017,FITA EMPACOT.TRANS.45X40,4.9,4.9,4.5,4,2.45,9.14,54,6,UN,,,,,39191010,2100071580017,N
2100071600012,PENDENTE NITROLUX LP-023D SMD 25W 3EM1,259,259,254,250,162.64,0,-1,0,UN,,,,,94051190,2100071600012,N
2100071610011,INCENOR 65950 A 57X57,29.99,29.99,0,0,0,0,0,0,M2,,,,,69072200,2100071610011,N
2100071640018,CAIXA PADRAO MONO TAF VISOR VIDRO,59.99,59.99,58,57,35.8,68.41,-15,0,PC1,,,,,39259090,2100071640018,N
2100071650017,CHAVE TESTE NOVE54 1/8 X 2.1/2,6,6,0,0,3.3,3.3,-12,3,UN,,,,,90303390,2100071650017,N
7897451468632,DISCO P/MAQ CORTAG PISO/PORCELANATO 110X20X16,34.9,34.9,34,33,19.9,4.63,2,0,PC1,,,,,68042119,7897451468632,N
2100071670015,LONA PRETA C/4M 15KG REF 55,4.8,4.8,4.5,4.5,1.71,2.35,142,0,MT,,,,,39173290,2100071670015,N
7897208671162,ALICATE UNIVERSAL MILLA 8,23.5,23.5,23,23,12.22,12.59,1,2,UN1,,,,,82032010,7897208671162,N
7896038100088,ADESIVO 17G PVC POLYTUBES PULVITEC,3,3,0,0,1.38,1.5,68,0,CX48,,,,,35061090,7896038100088,N
7896380191536,DESEMP ATLAS ESTRIADA DE PLAST 30X17CM,14,14,0,0,7.52,6.12,0,0,PC,,,,,39269090,7896380191536,N
7896380195343,RASPADOR PARA REJUNTE LAMINA METAL VR,29.9,29.9,32,33,18.25,0,-3,0,PC,,,,,82055900,7896380195343,N
7896380191031,ROLO LA 23CM ATLAS GOL PELE DE CARN,41.9,41.9,0,0,24.46,23.52,0,0,PC,,,,,96034010,7896380191031,N
7896380191185,ESPUMA MULTI-USO DE POLIETER,4,4,4,4,1.87,0,3,0,PC,,,,,39211390,7896380191185,N
7896003895612,PORTA TOALHA ARG METAL POLIDO DI BASE,21,21,0,0,12.22,10.25,-3,0,PC,,,,,76152000,7896003895612,N
7896003810967,"GANCHO ADESIVO 2,0KG PLASTICO BR",14,14,13.5,13.5,8.35,0,-1,0,PC,,,,,39249000,7896003810967,N
7896003811766,"GANCHO ADESIVO 3PC 1,0KG PLASTICO BR",12,12,11.5,11,6.93,0,0,0,PC,,,,,39249000,7896003811766,N
2100071820014,RALO KRONA QUADRADO,16.5,16.5,16.5,16.5,9.66,8,-1,0,UN,,,,,85183000,2100071820014,N
2100071830013,RALO FORTLEV SIF 100X52X40 QUAD BR,12,12,12,12,5.99,0,-11,0,UN,,,,,39174090,2100071830013,N
2100071840012,DUCHA HIGIENICA OLIVEIRA METAL 1/4 C70,85,85,84,82,47.9,0,-14,0,UN,,,,,84818011,2100071840012,N
2100071850011,"JOELHO ROSCA BRANCA 1 """,6.5,6.5,7,8,4,0,0,6,UN,,DIVERSOS,CONEXOES,AGUA,39174090,2100071850011,N
2100071860010,JOELHO SOLD LR AZUL 25X3/4,7,7,7.5,8,2.66,0,-3,15,UN,,DIVERSOS,CONEXOES,AGUA,39174090,2100071860010,N
2100071870019,CUBA CELITE Q35*35L APOIO,499.9,499.9,0,0,0,0,0,0,UN,,,,,85183000,2100071870019,N
2100071880018,CONTROLE VENTILADOR DICOMPEL,39,39,40,42,20,7.47,0,0,PC,,,,,85365090,2100071880018,N
2100071890017,COBOGO VIBRADO 30X30,12,12,0,0,1.7,0,0,0,UN,,,,,85183000,2100071890017,N
2100071900013,COBOGO VIBRADO 39X39,16.9,16.9,0,0,1.2,0,0,0,UN,,,,,85183000,2100071900013,N
2100071910012,COBOGO VIBRADO 44X40,18.9,18.9,0,0,1.2,0,0,0,UN,,,,,85183000,2100071910012,N
7891323075362,BISNAGA GLOBO AMARELA 50G,6.5,6.5,6.5,6,3.96,2.46,-63,0,UN,,,,,32041700,7891323075362,N
7896469000278,BISNAGA GLOBO AZUL 50G,6.5,6.5,6.5,6,3.73,4.77,17,0,UN,,,,,32041700,7896469000278,N
7891323075416,BISNAGA GLOBO MARROM 50G,6.5,6.5,6.5,6,3.73,4.65,30,0,UN,,,,,32041700,7891323075416,N
7891323075423,BISNAGA GLOBO PRETO 50G,6.5,6.5,6.5,6.5,3.96,6.93,17,0,UN,,,,,32041700,7891323075423,N
7891323075409,BISNAGA GLOBO OCRE 50G,6.5,6.5,6.5,6,3.7,4.96,-24,0,UN,,,,,32041700,7891323075409,N
7891323075430,BISNAGA GLOBO VERDE 50G,6.5,6.5,6.5,6,3.73,1.92,8,0,UN,,,,,32041700,7891323075430,N
7891323075447,BISNAGA GLOBO VERMELHO 50G,6.5,6.5,6.5,6.5,4.16,6.12,98,0,UN,,,,,32041700,7891323075447,N
7891323075393,BISNAGA GLOBO LARANJA 50G,6.5,6.5,6.5,6,3.7,0,-39,0,UN,,,,,32041700,7891323075393,N
7899625002116,BOTINA N44,63,63,62,60,31.5,31.5,2,0,PR,,,,,64039990,7899625002116,N
7899625002079,BOTINA N38,60,60,60,60,28.99,43.58,5,0,PR,,,,,64039990,7899625002079,N
2100072070012,"PREGO 2X12"" 16X21",21,21,0,0,13.47,0,-23.5,0,UN,,,,,73170090,2100072070012,N
2100072080011,TE SOLD LR 25X3/4,3,3,3.5,4,2.57,0,-4,20,UN,,DIVERSOS,CONEXOES,AGUA,39174090,2100072080011,N
2100072090010,"TE SOLD LR 25 X 1/2""",2.2,2.2,2.5,3,2.57,0,-2,10,UN,,DIVERSOS,CONEXOES,AGUA,39174090,2100072090010,N
2100072100016,DISJUNTOR BIPOLAR 2X50A,45,45,44,44,24.2,12.97,4,2,UN,,,,,85362000,2100072100016,N
2100072110015,SELADOR ACRILICO IQUINE 15L,127,127,120,120,87.47,0,-2,0,UN,,,,,32091010,2100072110015,N
2100072120014,"LUVA ELETRODUTO ROSCA 1/2""",2,2,2.2,2.5,0.8,0,0,10,UN,,DIVERSOS,CONEXOES,ELETRODUTO,39174090,2100072120014,N
2100072130013,"LUVA ELETRODUTO ROSCA 1""",5,5,5.5,6,1.2,0,-4,10,UN,,DIVERSOS,CONEXOES,ELETRODUTO,39174090,2100072130013,N
2100072140012,"LUVA ELETRODUTO ROSCA 11/2"" (50MM)",5,5,4.5,4.5,2.07,2.07,0,5,UN,,DIVERSOS,CONEXOES,ELETRODUTO,39174090,2100072140012,N
2100072150011,JOELHO SOLD LL 45 X 60MM,15,15,15.5,16,5,0,0,3,UN,,DIVERSOS,CONEXOES,AGUA,39174090,2100072150011,N
2100072160010,CAP SOLDAVEL 25MM,1.6,1.6,1.8,2.5,0.51,0,-34,0,UN,,DIVERSOS,CONEXOES,AGUA,39174090,2100072160010,N
2100072170019,CAP SOLDAVEL 60MM,11.5,11.5,11,11,5.73,5.33,0,0,UN,,DIVERSOS,CONEXOES,AGUA,39174090,2100072170019,N
2100072180018,CAP SOLDAVEL 50MM,8.5,8.5,8,8,3.64,3.39,-1,5,UN,,DIVERSOS,CONEXOES,AGUA,39174090,2100072180018,N
2100072190017,CURVA SOLDAVEL 50MM,18.5,18.5,18,18,10.82,8.97,10,4,UN,,DIVERSOS,CONEXOES,AGUA,39174090,2100072190017,N
2100072200013,LUVA LL RED 25X20,2.4,2.4,2.4,2.2,1.07,0.86,32,12,UN,,DIVERSOS,CONEXOES,AGUA,39174090,2100072200013,N
2100072210012,LUVA LL RED 32X20,2.5,2.5,2.8,3,1.9,1.65,14,6,UN,,DIVERSOS,CONEXOES,AGUA,39174090,2100072210012,N
2100072220011,UNIAO PVC SOLD 50MM,22,22,22.5,23.5,0,0,0,3,UN,,DIVERSOS,CONEXOES,AGUA,39174090,2100072220011,N
2100072230010,UNIAO PVC ROSC 20X1/2,3.5,3.5,4,5,0,0,0,2,UN,,DIVERSOS,CONEXOES,,39174090,2100072230010,N
2100072240019,MANGUEIRA ALUMASA 15MT,46,46,45,45,23.65,21.12,3,0,UN,,,,,39173229,2100072240019,N
2100072250018,MANGUEIRA ALUMASA 10MT,32,32,32,30,16.54,14.77,-4,0,UN,,,,,39173229,2100072250018,N
2100072260017,SOLEI GR VERDE 1.65X15,92,92,89,89,0,0,0,0,UN,,,,,68022300,2100072260017,N
2100072270016,MANGUEIRA CRISTAL 1/4 1MM PURIFICADOR,2.8,2.8,2.6,2.4,1.22,1.62,50,0,MT,,,,,39173900,2100072270016,N
2100072280015,MANGUEIRA CRISTAL 5/16 X 1.5 NIVEL,4.8,4.8,4.5,4,2.1,0,-82.7,0,MT,,,,,39173900,2100072280015,N
2100072290014,PORTA AL BCO 60 VEN TOTAL,509.9,509.9,0,0,0,0,-1,0,UN,,,,,76101000,2100072290014,N
2100072300010,BLUKIT CARRAPETA 22MM,20,20,0,0,6,0,0,0,UN,,,,,85183000,2100072300010,N
2100072310019,BLUKIT CARRAPETA 18MM,13,13,0,0,1.82,0,-2,0,UN,,,,,85183000,2100072310019,N
2100072320018,BLOCO VIDRO,23.99,23.99,24.9,25,27,0,0,0,UN,,,,,85183000,2100072320018,N
2100072330017,PORTA SHAMPOO VIDRO CANTO BR/VERM/DOUR/VINHO,59.9,59.9,0,0,20.77,0,-1,0,UN,,,,,85183000,2100072330017,N
2100072340016,MASSA PVA SUVINIL 25KG,77.9,77.9,78,82,61.48,54.9,0,0,UN,,,,,32091010,2100072340016,N
7898907527774,LIMPA CONTATO 300ML M.PRIME,16,16,15.5,15.5,9.09,0,-4,4,UN,,,,,29012900,7898907527774,N
7897801300834,ENGATE 40CM,7.9,7.9,7.5,7.5,2.51,2.8,-12,10,UN,,,,,39173300,7897801300834,N
7897801303026,ENGATE 60CM,9,9,9,8.5,3.31,0,-13,0,UN,,,,,39173300,7897801303026,N
7891289076397,CORDA SED.GRIL.BCA TRAN. 4.0MM,1.5,1.5,1.5,1.5,0.63,0.63,201,0,MT,,,,,56074900,7891289076397,N
7898162004379,MANGUEIRA CRISTAL 3/8X3MM C/TJ 50M,8.5,8.5,9,9.2,5.32,5.32,0,0,RL,,,,,39173100,7898162004379,N
7898959933158,PREGO TELHEIRO 30UN,17.9,17.9,17.5,17.5,9.89,3.89,16,10,UN,,,,,73170090,7898959933158,N
77898929789371,CAIXA P/MASSA 20L PRETA MAX REFORC,22,22,21,20,11.96,0,2,0,PT,,,,,39269090,77898929789371,N
7898159800755,FITA ANTIDERRAPANTE 5M SCOPOEN,45.9,45.9,45,45,27,27.01,2,1,UN,,,,,68053090,7898159800755,N
7897488000454,ESCOVA ACO 3FL C/CABO MAX METALURG,9.9,9.9,9.5,9.5,5.37,7.1,19,0,UN,,,,,96039000,7897488000454,N
7898011977298,CANTONEIRA SIMPLES BRANCA 6X8 THOMPS,4,4,4.5,4.8,2.01,2.01,0,0,UN,,,,,72162100,7898011977298,N
27891435094354,DISJUNTOR UNIP BR 63A TRAMONTINA,14.5,14.5,14,13.5,6.97,0,-8,5,UN,,,,,85362000,27891435094354,N
7897801300841,ENGATE 50CM,8.5,8.5,8,7.5,2.86,0,-19,0,SC,,,,,39173300,7897801300841,N
7898419495691,ANTENA TV DIGIT EXT 20 ELEM PROELETRONIC,49.9,49.9,49.9,49.9,29.29,29.29,5,2,UN,,,,,85291090,7898419495691,N
7898180570955,MATA BARATAS GEL DEXTER TERMI 10G,14.9,14.9,14.5,14.5,7.8,10.87,118,3,UN,,,,,38089119,7898180570955,N
7898246050759,SENSOR PRESENCA PARED BIV.QUALITRO,44,44,46,48,26.81,26.81,-2,0,UN,,,,,85365090,7898246050759,N
2100072500014,"CURVA ELETRODUTO ROSCA 3/4 "" 180",8.9,8.9,9.5,10,1.63,0,0,6,UN,,DIVERSOS,CONEXOES,ELETRODUTO,39174090,2100072500014,N
2100072510013,"CURVA ELETRODUTO ROSCA 1 1/2 "" 90",9,9,9.5,10,4.22,0,0,3,UN,,DIVERSOS,CONEXOES,ELETRODUTO,39174090,2100072510013,N
2100072520012,CURVA ELETRODUTO SOLD 32,3,3,3.2,3.8,281.2,0,0,1,UN,,DIVERSOS,CONEXOES,ELETRODUTO,39174090,2100072520012,N
2100072530011,TE SOLD LL 50X25,10.5,10.5,11,12,3.07,0,0,5,UN,,DIVERSOS,CONEXOES,AGUA,39174090,2100072530011,N
7896451813862,VELA P/FILTRO LORENZETTI P/ ACQUA BELLA,39.9,39.9,39,38,23.64,0,-14,6,UN,,,,,84219999,7896451813862,N
7896451876607,FILTRO LORENZETTI BR PAREDE ACQUA DUE,128,128,125,125,83.26,107.64,-10,5,PC,,,,,84212100,7896451876607,N
7896451843012,FILTRO LORENZETTI BR PAREDE ACQUABELLA,118,118,115,115,71.66,53.84,-13,6,PC,,,,,84212100,7896451843012,N
7896451843029,FILTRO LORENZETTI BR REG ACQUABELLA,99.9,99.9,95,94,58.18,0,-10,5,PC,,,,,84212100,7896451843029,N
7896451851451,FILTRO LORENZETTI BR MESA ACQUABELLA,105,105,108,110,62.96,95.08,-3,3,PC,,,,,84212100,7896451851451,N
7896451880512,CHUVEIRO LORENZ LOREN SHOWER ELETRONICO,169.9,169.9,165,160,95,0,-24,3,PC,,,,,85161000,7896451880512,N
7896451859181,CHUVEIRO LORENZ DUO SHOWER QUADRA 127/5500,299,299,285,280,199,19.53,-1,1,PC,,,,,85161000,7896451859181,N
7896451862662,CHUVEIRO LORENZ MAXI BANHO C/CANO 127/5500,89.9,89.9,89.9,89.9,49.32,0,-71,12,PC,,,,,85161000,7896451862662,N
7896451874566,CHUVEIRO LORENZ FUTURA 127V/5500W,139,139,139,135,85,0,-8,3,PC,,,,,85161000,7896451874566,N
7896451852441,CHUVEIRO LORENZ TOP JET 127V,149.9,149.9,149.9,145,86.32,0,-35,6,PC,,,,,85161000,7896451852441,N
7896451800404,DESVIADOR LORENZETI,21,21,20,20,12.2,4.22,-4,6,PC,,,,,85169000,7896451800404,N
2100072660015,TE ROSCA BRANCA 3/4,5,5,5.5,6,1.83,0,-4,6,UN,,DIVERSOS,CONEXOES,AGUA,39174090,2100072660015,N
2100072670014,LUVA BRANCA 3/4,2.5,2.5,2.8,3,1,0,-3,6,UN,,DIVERSOS,CONEXOES,AGUA,39174090,2100072670014,N
2100072680013,"LUVA BRANCA 1""",3.5,3.5,3.8,4,1,0,0,3,UN,,DIVERSOS,CONEXOES,AGUA,39174090,2100072680013,N
2100072690012,LUVA P/MANG CORRUGADA 20MM,0.7,0.7,0.8,1,0.93,0,0,12,UN,,,,,39174090,2100072690012,N
2100072700018,CALHA TIGRE JOELHO 45,27,27,27,28,11.92,0,0,2,UN,,DIVERSOS,CONEXOES,CALHA,39174090,2100072700018,N
2100072710017,CALHA TIGRE CABECEIRA DIR,21,21,21,20,13.91,12.54,8,0,UN,,DIVERSOS,CONEXOES,CALHA,39174090,2100072710017,N
2100072720016,"LUVA RR  RED 1""X3/4""",4,4,4.5,5,0,0,-6,4,UN,,DIVERSOS,CONEXOES,AGUA,39174090,2100072720016,N
2100072730015,CALHA AMANCO (CABECEIRA) ESQ,25.99,25.99,25.99,25.99,0,0,-7,3,UN,,DIVERSOS,CONEXOES,CALHA,39174090,2100072730015,N
2100072740014,PLUG FORTLEV ROSCAVEL 3/4,1,1,1.2,1.4,0.43,0,-10,4,UN,,DIVERSOS,CONEXOES,AGUA,39174090,2100072740014,N
2100072760012,DISJUNTOR BIPOLAR 2X40A,39,39,38,37,14.37,22.47,14,3,UN,,,,,85362000,2100072760012,N
2100072770011,DISJUNTOR TRIPOLAR TRAMONTINA 40A,59,59,60,64,40,0,0,2,UN,,,,,85362000,2100072770011,N
2100072780010,DISJUNTOR TRIPOLAR 20A,52,52,50,48,23.45,18.74,0,2,UN,,,,,85362000,2100072780010,N
2100072790019,LINHA P/PEDEIRO 100M LISA,8,8,7.5,7.5,3.83,0,4,5,UN,,,,,56074900,2100072790019,N
7899771503567,LAMPADA CONTROLED OURO 9W SENSOR,36.9,36.9,38,39,21.24,15.74,0,6,UN,,,,,85395200,7899771503567,N
7898324005138,"LAMPADA SUPERLED OURO 4,7W BIV 6500K",7,7,7.5,8,3.4,3.11,-8,36,UN,,,,,85395200,7898324005138,N
7898324006166,LAMPADA 12W SUPERLED OURO BIV,8,8,8,8,6.7,2.42,99,18,UN,,,,,85395200,7898324006166,N
7898324004858,LAMPADA 15W SUPERLED OURO BIV 6500K,12.5,12.5,12.5,12.5,8.08,5.99,-4,15,UN,,,,,85395200,7898324004858,N
7898324009761,LUMINARIA EMERGENCIA 60 LEDS ELGIN,32.9,32.9,32,32,19.88,18.12,18,3,UN,,,,,94051190,7898324009761,N
2100072910011,SAPATA FERRO 5/16 80X80,39.9,39.9,39,39,8.5,0,-2,0,UN,,,,,85183000,2100072910011,N
7899796817144,PRATELEIRA BRANCA 40X20CM (ME LEVE),19.5,19.5,19,18.5,10.54,0,-9,5,UN,,,,,94036000,7899796817144,N
7899796818264,PRATELEIRA BRANCA 60X15CM (ME LEVE),27.9,27.9,27,27,17.32,13.6,11,5,UN,,,,,94036000,7899796818264,N
7899796818257,PRATELEIRA BRANCA 40X15CM (ME LEVE),22,22,22,21,13.48,8.82,6,5,UN,,,,,94036000,7899796818257,N
7899796818271,PRATELEIRA BRANCA 80X15CM (ME LEVE),32.9,32.9,32,32,20,12.23,9,3,UN,,,,,94036000,7899796818271,N
7899796818288,PRATELEIRA BRANCA 100X15CM (ME LEVE),42,42,42,41,26.14,20.44,11,3,UN,,,,,94036000,7899796818288,N
7899796816024,PRATELEIRA BRANCA 60X20CM (ME LEVE),29,29,29,29,15.81,0,-4,5,UN,,,,,94036000,7899796816024,N
7899796816031,PRATELEIRA BRANCA 80X20CM (ME LEVE),33,33,32,32,17.57,0,-3,3,UN,,,,,94036000,7899796816031,N
7899796818370,PRATELEIRA CONCRETO 40X15CM (ME LEVE),16.5,16.5,16.5,16,9.36,0,0,3,UN,,,,,94036000,7899796818370,N
7899796818622,PRATELEIRA NOGUEIRA 60X15CM (ME LEVE),24.9,24.9,24.9,24.5,14.05,0,0,3,UN,,,,,94036000,7899796818622,N
7899796818387,PRATELEIRA CONCRETO 60X15CM (ME LEVE),24.5,24.5,24.5,24,14.05,4.14,-3,3,UN,,,,,94036000,7899796818387,N
7899796818394,PRATELEIRA CONCRETO 80X15CM (ME LEVE),29.9,29.9,29.9,29,16.4,11.39,0,3,UN,,,,,94036000,7899796818394,N
7899796818493,PRATELEIRA PRETA 40X15CM (ME LEVE),16.5,16.5,16.5,16,9.36,0,0,3,UN,,,,,94036000,7899796818493,N
7899796818509,PRATELEIRA PRETA 60X15CM (ME LEVE),24.9,24.9,24.9,24,14.05,0,-2,3,UN,,,,,94036000,7899796818509,N
7899796818516,PRATELEIRA PRETA 80X15CM (ME LEVE),29.9,29.9,29.9,29,16.4,0,-2,3,UN,,,,,94036000,7899796818516,N
7899796818523,PRATELEIRA PRETA 100X15CM (ME LEVE),36.9,36.9,36,34,19.92,0,-1,3,UN,,,,,94036000,7899796818523,N
7899796818615,PRATELEIRA NOGUEIRA 40X15CM (ME LEVE),16.5,16.5,16.5,16,9.36,0,-3,3,UN,,,,,94036000,7899796818615,N
7899796818639,PRATELEIRA NOGUEIRA 80X15CM (ME LEVE),29.9,29.9,29.9,29,16.4,0,0,3,UN,,,,,94036000,7899796818639,N
7899796818646,PRATELEIRA NOGUEIRA 100X15CM (ME LEVE),36.9,36.9,36,34,19.92,0,0,3,UN,,,,,94036000,7899796818646,N
7899796818417,"PRATELEIRA VERDE MENTA 1,2X15X40CM SUP. VERDE (KIDS ME LEVE)",17,17,16.5,16.5,9.28,8.99,0,3,UN,,,,,94036000,7899796818417,N
7899796818424,"PRATELEIRA VERDE MENTE 1,2X15X60CM SUP. VERDE (KIDS ME LEVE)",19.9,19.9,21,22,11.34,10.99,0,3,UN,,,,,94036000,7899796818424,N
7899796818431,"PRATELEIRA VERDE MENTA 1,2X15X80CM SUP. VERDE (KIDS ME LEVE)",23,23,24.5,25.5,13.41,12.99,0,3,UN,,,,,94036000,7899796818431,N
7899796818448,"PRATELEIRA VERDE MENTA 1,2X15X100CM SUP.VERDE (KIDS ME LEVE)",27,27,28.5,29.5,15.47,14.99,0,0,UN,,,,,94036000,7899796818448,N
7899796818530,PRATELEIRA ROSA 40X15CM (KIDS ME LEVE),16.5,16.5,16.5,16,9.28,0,0,3,UN,,,,,94036000,7899796818530,N
7899796818547,PRATELEIRA ROSA 60X15CM (KIDS ME LEVE),24.5,24.5,24.5,24,13.99,0,0,3,UN,,,,,94036000,7899796818547,N
7899796818554,PRATELEIRA ROSA 80X15CM (KIDS ME LEVE),29.9,29.9,29.9,29,16.4,0,0,3,UN,,,,,94036000,7899796818554,N
7899796818561,PRATELEIRA ROSA 100X15CM (KIDS ME LEVE),36.9,36.9,36,34,19.92,6.28,-1,3,UN,,,,,94036000,7899796818561,N
7898464387736,INT APOIO CAMPAINHA 10A 250V,11.9,11.9,11,10,5.69,4.27,17,5,PC,,,,,85365090,7898464387736,N
7898263069482,TOMADA APOIO DUPLA 10A SISTEMA X,14,14,15,16,7.09,7.09,-15,6,PC,,,,,85366910,7898263069482,N
7898263069499,TOMADA PLUZIE DUPLA 20A 2P+T SISTX,15,15,14.5,14,6.5,6.5,-6,2,PC,,,,,85366910,7898263069499,N
2100073220010,"JAN ALUM 1,20X0,80 S/BAND",265,265,0,0,160,0,-1,0,UN,,,,,76101000,2100073220010,N
2100073230019,"COLHER TRAMONTINA PEDREIRO 10""",32,32,32,30,18.54,0,-1,3,UN,,,,,82159910,2100073230019,N
2100073240018,CHAVE P/MANDRIL 1/2,8.5,8.5,8,7.5,3.87,0,-9,3,PC1,,,,,84669340,2100073240018,N
7891345141458,DISCO DESBASTE P/FERRO 4 1/2 X 7/8,9.9,9.9,9.9,9.9,4.26,3.49,2,0,UN,,,,,68042211,7891345141458,N
2100073260016,FUNDO EUCATEX P/GALVANIZ 900ML,47,47,46,45,28.99,28.99,1,2,UN,,,,,32081010,2100073260016,N
7891323020713,FUNDO SHERWIN SUPER GALVIT 900 ML ESPECIAL,59,59,60,62,35.5,35.5,0,2,LA1,,,,,32089010,7891323020713,N
2100073280014,LAMPADA MICROONDAS TUBE E-14 15W 127V,9.9,9.9,9.9,9.5,3.56,6.38,38,4,UN,,,,,85392200,2100073280014,N
7898122760062,VASELINA LINHAL 90GR,9,9,9,8.5,5.62,6.97,11,2,PC1,,,,,27121000,7898122760062,N
2100073310018,SERRA TICO-TICO STARRETT BU218 18D,12,12,11,11,5.99,5.99,3,2,UN,,,,,82029100,2100073310018,N
2100073320017,SERRA TICO-TICO STARRETT BU224,12.5,12.5,12,12,5.99,5.99,5,2,UN,,,,,82029100,2100073320017,N
2100073330016,SERRA TICO-TICO BOSCH T11C,9,9,9.5,10,4.36,0,-1,2,UN,,,,,82029100,2100073330016,N
2100073340015,LAMPADA THOMPSON E27 15W,8,8,9,9.5,3.68,36.87,-2,2,PT10,,,,,85392200,2100073340015,N
2100073350014,LAMPADA THOMPSON E27 40W,10.5,10.5,10,9,3.99,36.87,-4,1,PT10,,,,,85392200,2100073350014,N
2100073370012,FITA ISOLANTE 5M BRANCA THOMPSON,3,3,3.2,3.5,0.94,0.94,-4,4,UN,,,,,39191020,2100073370012,N
7897208683493,"ABRACAD NYLON 370X3,6",0.75,0.75,0.31,0.3,0.19,0.28,118,30,PT50,,,,,39269090,7897208683493,N
7897208683523,"ABRACAD NYLON 450X4,8",1.4,1.4,0.47,0.46,0.28,0.4,229,30,PT50,,,,,39269090,7897208683523,N
7897643817903,ANTENA TV DIGIT INT AVANT,31,31,30,30,17.01,18.17,6,1,UN1,,,,,85299019,7897643817903,N
7896689113635,ANTENA TV DIGIT INT BRASFORMA(E) -  REF SHD-1000,56,56,55,55,28.42,0,0,1,UN1,,,,,85291090,7896689113635,N
7891222210154,GRELHA ASTRA GIRAT QD PLAST REF GRB11,12.9,12.9,13.5,14,7.63,0,0,4,UN1,,,,,39174090,7891222210154,N
7896009760099,PILHA AA,1.6,1.6,1.6,1.5,0.48,0.9,214,12,UN,,,,,85061020,7896009760099,N
7898322647057,PINO FEMEA 20A 2P+T ILUMI,7.5,7.5,7.5,7,3.01,5.62,69,8,UN,,,,,85369090,7898322647057,N
7898276630082,REG P/GAS IMAR C/MANG 80CM  -  REF 0728/02,43.9,43.9,43,42,23.98,0,0,1,UN1,,,,,84811000,7898276630082,N
7898276630242,REG P/GAS IMAR C/ MANOM  -  REF 0728/06,52.5,52.5,52,50,29.82,0,-8,1,UN1,,,,,84811000,7898276630242,N
7898586137165,BOMBA PERIFERICA FOXLUX 1/2CV 127V,189.9,189.9,185,185,115,0,-3,0,UN1,,,,,84137080,7898586137165,N
885911719452,ESMERILHADEIRA STANLEY 4.1/2 620W 127V  REF SG6115-BR,319.9,319.9,315,310,234.12,0,-1,1,UN1,,,,,84672999,885911719452,N
7898011972781,MARTELO BORRACHA 40MM THOMPSON/ROMA  -  REF 417,10.9,10.9,10.5,10,5.85,0,2,2,UN,,,,,40169990,7898011972781,N
7898011972798,MARTELO BORRACHA 60MM THOMPSON  -  REF 194,15,15,16,17,8.47,8.47,0,2,UN,,,,,40169990,7898011972798,N
2100073510012,"TINTA LUXPISO 3,0L CONCRETO",55,55,52,52,34.63,0,-1,1,GL,,,,,32091010,2100073510012,N
2100073530010,"VERNIZ IQUINE 3,6L EXTRA MOGNO",156,156,0,0,99,0,0,1,UN,,,,,32091020,2100073530010,N
2100073540019,"VERNIZ IQUINE 3,6L EXTRA IMBUIA",125,125,0,0,32.91,0,-1,1,UN,,,,,32091020,2100073540019,N
2100073550018,"TINTA ESM DELANIL 3,6L PRETO",119.9,119.9,0,0,80,0,-1,1,UN,,,,,32089010,2100073550018,N
2100073560017,"TINTA ESM DELANIL 3,0L BRANCO",99.9,99.9,96,96,68.37,0,-10,1,UN,,,,,32089010,2100073560017,N
2100073570016,TINTA ESM DELANIL 750ML,34.9,34.9,34,34,21.85,0,-16,1,UN,,,,,32089010,2100073570016,N
2100073580015,SUPORTE P/TV LCD PIX,17.9,17.9,17.9,17.9,7.49,0,-19,0,UN,,,,,73269090,2100073580015,N
2100073590014,TINTA ESM EUCALAR 900ML AREIA,33,33,0,0,21.45,21.45,0,1,UN,,,,,32089010,2100073590014,N
2100073600010,TINTA ESM EUCALAR 900ML VERMELHO GOYA,33,33,0,0,21.45,21.45,0,1,UN,,,,,32089010,2100073600010,N
2100073610019,FUNDO MULTIUSO CINZA DIALINE 1/4 900ML,33,33,34,35,24.51,24.51,0,0,LA1,,,,,32081010,2100073610019,N
2100073620018,RESISTENCIA BLUKIT (FAME),18,18,0,0,7,0,0,0,UN,,,,,85168010,2100073620018,N
2100073630017,RESISTENCIA BLUKIT (CORONA 3T),27.9,27.9,0,0,16.73,0,0,0,UN,,,,,85168010,2100073630017,N
2100073650015,INT DICOMPEL PARALELO,10,10,0,0,4.5,0,0,0,UN,,,,,85365090,2100073650015,N
2100073660014,INT DICOMPEL 2TECLAS,12,12,0,0,6.78,0,-1,0,UN,,,,,85365090,2100073660014,N
2100073670013,PLACA 4X4 DICOMPEL REDONDA,5.5,5.5,0,0,1.79,0,-1,0,UN,,,,,85183000,2100073670013,N
2100073680012,TOMADA DICOMPEL TV,8.5,8.5,0,0,1.29,0,0,0,UN,,,,,85183000,2100073680012,N
2100073690011,TOMADA DICOMPEL DUPLA SISX 10A,15.5,15.5,0,0,12.28,0,-1,0,UN,,,,,85183000,2100073690011,N
2100073700017,TOMADA RADIAL SISTX DUPLA 20A,17.9,17.9,17.5,17,9.95,9.95,19,0,UN,,,,,85365090,2100073700017,N
2100073710016,TOMADA RADIAL SISTX 20A,12.5,12.5,12,11,6.5,6.5,19,0,UN,,,,,85365090,2100073710016,N
2100073720015,TOMADA PLUZIE 20A SISTX,11.5,11.5,11,11,5.49,0,-2,0,UN,,,,,85366910,2100073720015,N
2100073730014,TOMADA RADIAL SISTX 10A,9.9,9.9,9.5,9,4.81,6.1,-2,0,UN,,,,,85366910,2100073730014,N
2100073740013,COLA BRANCA SOLUFIX 500GR,11.5,11.5,12,13,7.01,6.6,-2,1,UN,,,,,35069120,2100073740013,N
2100073750012,COLA BRANCA ALMAFLEX 1KG,21,21,21,21,11.8,0,-21,1,UN,,,,,35069120,2100073750012,N
2100073760011,RESISTENCIA LORENZETTI 127V (ACQUA ULTRA),75,75,72,72,48.56,0,-1,1,UN,,,,,85168010,2100073760011,N
2100073770010,CHUVEIRO LORENZ DUO SHOWER REDONDO 127/5500,245,245,235,235,141.68,141.68,0,1,PC,,,,,85161000,2100073770010,N
2100073780019,"CURVA ELETRODUTO ROSCA 1 1/4 ""90",11,11,11.5,12,4.22,0,0,0,UN,,DIVERSOS,CONEXOES,ELETRODUTO,39174090,2100073780019,N
2100073790018,TINTA SPRAY TEKBOND VERMELHO,21,21,20,20,11.85,13.47,8,1,UN,,,,,32082019,2100073790018,N
2100073810013,TINTA SPRAY TEKBOND PRETO ALTA,37.9,37.9,37,37,25.31,43.72,21,1,UN,,,,,32091010,2100073810013,N
2100073820012,PORCA 1/2,1.9,1.9,0,0,0.67,0,0,10,UN,,,,,85183000,2100073820012,N
2100073830011,VEDACIT ARMATEC 1L,39.9,39.9,39.9,39.9,24,0,0,0,UN,,,,,85183000,2100073830011,N
2100073840010,TINTA ESM EUCALAR 225MLVERMELHO,17,17,0,0,7.95,95.49,-1,2,UN,,,,,32081010,2100073840010,N
2100073850019,TINTA ESM EUCALAR 225ML ALUMINIO,24.9,24.9,24,24,14.74,10.24,2,2,UN,,,,,32081010,2100073850019,N
2100073870017,TINTA ESM DELANIL 225ML PRETO,17,17,0,0,7.95,95.49,-3,0,UN,,,,,32081010,2100073870017,N
2100073880016,"TINTA ESM HIPERLAR 0,1125L VERDE FOLHA",7.5,7.5,0,0,3.82,45.89,-2,2,UN,,,,,32081010,2100073880016,N
2100073890015,"TINTA ESM HIPERLAR 0,1125L AMARELO",7.5,7.5,0,0,3.82,5.52,0,1,UN,,,,,32081010,2100073890015,N
2100073900011,"TINTA ESM DACAR 0,1125L AZUL DELREY",10,10,10,10,6.36,6.36,9,2,UN,,,,,32081010,2100073900011,N
7899771503680,LAMPADA 20W SUPERLED OURO 1560 LUMENS E27,18.5,18.5,18.5,18.5,10.19,0.19,-1,6,UN,,,,,85395200,7899771503680,N
7899771503697,LAMPADA 30W SUPERLED OURO,29,29,29,28,18.23,0.34,-4,6,UN,,,,,85395200,7899771503697,N
7899771503703,LAMPADA 40W SUPERLED OURO 3100 LUMENS E27,39,39,38,37,23.73,0.74,0,4,UN,,,,,85395200,7899771503703,N
7898324005152,LAMPADA SUPERLED OURO 6W BIV 6500K,7.99,7.99,8.5,9,3.29,0.03,0,10,UN,,,,,85395200,7898324005152,N
2100073950016,TOMADA TRAMONTINA  TV,11.5,11.5,0,0,6.57,0,0,0,UN,,,,,85366910,2100073950016,N
2100073960015,PLACA 4X2 TRAMONTINA TABLET CEGA C/FURO,5.5,5.5,5,5,2.33,0.94,15,0,UN,,,,,39259090,2100073960015,N
2100073970014,INT TRAM ARIA 2 TECLAS SIMPLES,13.9,13.9,13.5,13,7.85,10.06,12,0,UN,,,,,85365090,2100073970014,N
2100073980013,PLACA 3X3 TRAMONTINA TABLET CEGA,6,6,0,0,2.66,0,0,0,UN,,,,,85183000,2100073980013,N
2100073990012,SOLEI GR VERDE 145X15,72,72,0,0,0,0,0,0,UN,,,,,68022100,2100073990012,N
2100074010016,INCENOR 70580 A,29.99,29.99,0,0,21,0,0,0,M2,,,,,69072200,2100074010016,N
7898141660657,CABO 16MM CORFIO RIG PT 750V C100M,21,21,0,0,11.6,11.6,-49,20,MT,,,,,85444900,7898141660657,N
7898472262872,FITA ADESIV SILVER CINZA TEK48X5MT,16,16,15.5,15,8.97,0,0,3,UN,,,,,39191090,7898472262872,N
7898011974495,SUPORTE P/MICROONDA THOMPSON,62,62,64,66,38.21,54.31,-1,1,UN,,,,,73269090,7898011974495,N
7898105773836,FITA AUTOFUSAO FOX 05MX19MM,22.9,22.9,22,21,10.98,10.98,4,1,UN,,,,,40059190,7898105773836,N
7898105773829,FITA AUTOFUSAO FOX 2MX19MM,12.5,12.5,12,11,4.77,6.36,7,2,UN,,,,,40059190,7898105773829,N
7899201710671,SUPORTE PRATEL.TUCANO MET.CROM.MD,28.9,28.9,28.5,28,17.95,0,0,2,UN,,,,,83024100,7899201710671,N
7898493213389,PROTETOR TOMADA NOVO PADRAO,0.5,0.5,0.45,0.4,0.13,0.11,90,10,SC,,,,,39269090,7898493213389,N
2100074090018,ARAME FARPADO 100M MORLAN NELORE,127.9,127.9,126,125,67.05,64.98,2,1,RL1,,,,,73130000,2100074090018,N
2100074100014,CAMARA P/CARRO DURABEM 3.25X8,20.5,20.5,20,19,8.98,15.43,19,4,PC1,,,,,40139000,2100074100014,N
2100074110013,"ESPATULA ROMA PLASTICA P/MASSA 7 X 12,5 CM",2.8,2.8,2.6,2.6,1.14,0,-2,8,CX12,,,,,39269090,2100074110013,N
2100074120012,PARAFUSO P/ASSENTO KRONA,11,11,12,12.5,4.93,1.6,-2,2,PT10,,,,,39222000,2100074120012,N
2100074130011,ESPATULA ROMA ACO CROMADO 75MM,11.5,11.5,11,11,6.52,5.84,14,3,UN,,,,,82055900,2100074130011,N
2100074140010,TRENA HAMMER EMBORRA C/TRAVA 05 MT X 25MM,17,17,16,16,9.01,0,0,6,PC1,,,,,90178010,2100074140010,N
2100074150019,TRINCHA ROMA 301 1 POLEGADA,2.9,2.9,2.8,2.7,1.51,2.64,-8,0,UN,,,,,96034090,2100074150019,N
2100074160018,TRINCHA ROMA 301 1.1/2 POLEGADA,4.5,4.5,4.5,4,2.2,4.22,12,8,UN,,,,,96034090,2100074160018,N
2100074170017,TRINCHA ROMA 301 1/2 POLEGADA,2,2,2,2,0.98,1.39,12,12,UN,,,,,96034090,2100074170017,N
2100074180016,TRINCHA ROMA 301 2 POLEGADA,6,6,6,6,2.96,5.6,20,0,UN,,,,,96034090,2100074180016,N
2100074190015,TRINCHA ROMA 301 2.1/2 POLEGADA,6.9,6.9,6.9,6.5,3.71,6.51,-1,8,UN,,,,,96034090,2100074190015,N
2100074200011,TRINCHA ROMA 301 3 POLEGADA,10,10,10,10,5.89,4.42,-18,8,UN,,,,,96034090,2100074200011,N
2100074210010,TRINCHA ROMA 301 3/4 POLEGADA,2.3,2.3,2.3,2.3,1.29,1.76,14,8,UN,,,,,96034090,2100074210010,N
7898380676679,SALVA REGISTRO OLIVEIRA,24.9,24.9,24,23,10.99,8.91,-74,6,UN,,,,,84818019,7898380676679,N
7899308901149,TORN AGUIA CLASSIC LAVATORIO C34 1/4 V - SACOLA,67.9,67.9,68.9,69.9,37.68,37.68,0,1,UN,,,,,84818019,7899308901149,N
7898488461276,DUCHA HIGIENICA AGUIA C31 CROM - SACOLA,99.9,99.9,99.9,99.9,68.45,68.45,0,2,UN,,,,,84818019,7898488461276,N
7898491232764,TORN AGUIA GOURMET FIT COZ. MESA C34 1/4 V - SACOLA,84,84,89,90,50.12,50.12,0,1,UN,,,,,84818019,7898491232764,N
7898491232795,TORN AGUIA GOURMET FIT COZ. PAREDE C34 1/4 V - SACOLA,79.9,79.9,85,88,48.26,48.26,0,1,UN,,,,,84818019,7898491232795,N
7898534192154,TORN HIDRAMOTION COZ BANCADA PT-PT,179.9,179.9,179.9,179.9,66.95,66.95,0,1,UN,,,,,84818019,7898534192154,N
7898534193755,TORN AGUIA COLOR FLEX FIT COZ. VERMELHO MESA C34 1/4 V - SACOLA,113,113,110,108,66.95,66.95,0,1,UN,,,,,84818019,7898534193755,N
7898534193526,TORN AGUIA COLOR FLEX FIT COZ. PRETO PAREDE C34 1/4 V - SACOLA,105,105,110,115,61.24,61.24,0,1,UN,,,,,84818019,7898534193526,N
7898534196169,TORN AGUIA COLOR FLEX FIT COZ. VERMELHO PAREDE C34 1/4 V - SACOLA,105,105,110,115,61.24,61.24,0,1,UN,,,,,84818019,7898534196169,N
2100074310017,FACAO TRAMONTINA 14,29.9,29.9,29,29,16.01,16,-2,0,UN,,,,,82014000,2100074310017,N
7898566200445,CONECTOR P/TV ANEL NIQUE COAXIAL,1.3,1.3,1.2,1,0.34,0.33,95,20,UN,,,,,85369090,7898566200445,N
7898566200278,DIVISOR ANTENA 1X2 5-900MHZ STORM(E) -  REF DIVS0002,6.5,6.5,6,5.5,2.62,3.43,11,3,UN,,,,,85299090,7898566200278,N
17898011977257,CANTONEIRA BRANCA 20CM,5.8,5.8,5.8,5.5,2.56,3.47,46,6,UN,,,,,72162100,17898011977257,N
17898011977264,CANTONEIRA BRANCA 25CM,6.5,6.5,6.5,6,3.03,5.19,116,10,UN,,,,,72162100,17898011977264,N
2100074380010,FITA ISOLANTE 25M TIGRE,12.5,12.5,12.5,12.5,6.86,6.78,-19,5,UN,,,,,39191020,2100074380010,N
2100074390019,TANQUE PLASTICO DURIN 15L,108,108,105,100,63.7,26.11,-5,0,UN,,,,,39221000,2100074390019,N
2100074400015,SOLEI GR PRE 85X15,59,59,58,57,38,0,-14,0,UN,,,,,68022300,2100074400015,N
2100074410014,SOLEI GR PRE 145X13,85,85,0,0,46.29,0,0,0,UN,,,,,68022300,2100074410014,N
2100074420013,SOLEI MAR BR 65X13,19,19,18.5,18,10.6,0,-1,0,UN,,,,,68022100,2100074420013,N
7896688212179,REFLETOR LED 10W 6500K,20.9,20.9,20,20,10.93,7.98,38,1,UN,,,,,94054100,7896688212179,N
7896688212186,REFLETOR LED 20W NITROLUX 6500K,30,30,30,30,21.63,0,-2,1,UN,,,,,94054100,7896688212186,N
7896688212193,REFLETOR LED 30W 6500K,32,32,31,30,16.03,12.54,33,1,UN,,,,,94054100,7896688212193,N
7896688170165,REFLETOR LED 50W 6500K,34.9,34.9,34,33,17.14,12.91,29,1,UN,,,,,94054100,7896688170165,N
7896688170172,REFLETOR LED 100W 6500K,62,62,60,58,32.6,25.5,33,1,UN,,,,,94054100,7896688170172,N
7896688200527,FITA LED 5M 2835 24W RGB 12V,68,68,65,64,35.33,0,-2,1,UN,,,,,94054200,7896688200527,N
7902346901221,SENSOR DE PRESENCA NT-451,44.9,44.9,0,0,26.91,26.91,0,0,UN,,,,,85311090,7902346901221,N
7896231706414,COLA CONTATO KISAFIX 750G,39.9,39.9,39,39,25.02,27.91,20,1,CD,,,,,35061090,7896231706414,N
7898094331871,CHAVE TESTE SENIOR OLIVEIRA/THOMPSON,4.5,4.5,4,4,1.62,0.38,6,2,UN,,,,,90303390,7898094331871,N
2100074520010,LAVATORIO PLASTICO VIATEK C/VALVULA,24.9,24.9,24,23,13.9,12.71,8,2,UN,,,,,39269090,2100074520010,N
7908089600483,LUVA MAO PANO PIGM PRETA,5.5,5.5,5,4.5,2.45,2.29,6,8,UN,,,,,61161000,7908089600483,N
7898543381273,TINTA SPRAY PRATA METALICO TEK BOND,32.9,32.9,32,32,18.43,26.15,6,0,UN,,,,,32082019,7898543381273,N
2100074560016,VALVULA P/LAVATORIO GRAP,5,5,5,5,1.58,1.9,41,12,UN,,,,,39174090,2100074560016,N
2100074570015,REJUNTE VOTOMASSA PLATINA,9.9,9.9,9.9,9.9,5,0,-477,8,UN,,,,,32149000,2100074570015,N
2100074580014,REJUNTE QUARTZOLIT CARAMELO,12,12,0,0,3.61,0,-2,4,UN,,,,,32149000,2100074580014,N
2100074590013,REJUNTE QUARTZOLIT CZ PLATINA,12,12,0,0,3.61,0,-20,1,UN,,,,,32149000,2100074590013,N
2100074600019,REJUNTE QUARTZOLIT CORDA,12,12,0,0,3.61,0,-2,2,UN,,,,,32149000,2100074600019,N
2100074610018,REJUNTE QUARTZOLIT PALHA,12,12,0,0,3.61,0,0,2,UN,,,,,32149000,2100074610018,N
2100074620017,REJUNTE VOTOMASSA CORDA,9.9,9.9,9.9,9.9,3.8,0,-32,3,UN,,,,,32149000,2100074620017,N
2100074630016,REJUNTE VOTOMASSA MARROM,9.9,9.9,9.9,9.9,4.58,0,-32,0,UN,,,,,32149000,2100074630016,N
2100074640015,"MASSA CORRIDA PVA TOP 5,7KG",28,28,29,30,19,0,0,0,UN,,,,,32141020,2100074640015,N
2100074650014,MATA RATO GIRASOL,2.3,2.3,2.2,2,0.75,0,-67,0,UN,,,,,38089119,2100074650014,N
7898550250296,MEC. SAIDA COVENCIONAL SEM/CAST REF 340205-41,45,45,43,43,25.62,0,-3,4,UN,,,,,84818019,7898550250296,N
088381566490,JOGO DE BROCAS MAKITA 9PCS,62,62,60,59,38.97,0,0,1,JG,,,,,82075011,088381566490,N
7896451837790,CHUVEIRO LORENZ ADVANCED TURBO,309.9,309.9,290,290,184.54,188.86,-5,1,PC,,,,,85161000,7896451837790,N
7896451876614,FILTRO LORENZETTI BR MESA ACQUA DUE,139.9,139.9,135,135,83.63,0,-1,0,PC,,,,,84212100,7896451876614,N
7898652120329,SILICONE 256G TEKBOND,19.9,19.9,19.5,19,10.42,0,-24,5,UN1,,,,,32141010,7898652120329,N
7892183031208,"PARAFUSO 3,5X16 MAD CHIPBOARD BICR JOMARCA",0.15,0.15,0.1,0.08,0.02,0.02,340,40,UN,,,,,73181200,7892183031208,N
7892164011441,FIX FIO BCO RIBEIRO,6,6,5.9,5.5,2.88,3.84,30,12,UN,,,,,39259090,7892164011441,N
7898956620235,PORTA CADEADO RCA GALV 2.0 - REF PC0010,3.5,3.5,3.3,3,1.57,2.35,-5,6,UN,,,,,83021000,7898956620235,N
7898956620242,PORTA CADEADO RCA GALV 2.1/2 - REF PC0020,5,5,4.5,4.5,2.21,0,-2,6,UN,,,,,83021000,7898956620242,N
7898942709609,VELA P/FILTRO ACQ GRANULAR CARBON 1005-0006,18.9,18.9,18.5,18,9.95,0,-16,4,UN,,,,,84212919,7898942709609,N
7898585363176,VELA P/FILTRO ACQ UNIVERSAL RV01 1005-0018,25,25,24,23,11.18,0,-37,0,UN,,,,,84212919,7898585363176,N
7898585366016,FILTRO ACQUABIOS BICA NEW BRANCA,88,88,85,84,57.44,0,-11,6,UN,,,,,84212100,7898585366016,N
7898585366023,FILTRO ACQUABIOS BICA NEW PRETA,89.9,89.9,87,85,42.39,42.39,-10,2,UN,,,,,84212100,7898585366023,N
7898585366030,FILTRO FAME ACQUAFAM CROMADA,159.9,159.9,155,155,112.94,73.84,0,1,UN,,,,,84212100,7898585366030,N
7899796811548,"PRATELEIRA VIDRO 0,8X10X20CM SUPORTE CROMADO (VETRO)",21,21,0,0,10.31,9.99,0,3,UN,,,,,94038900,7899796811548,N
7898477827786,PRATELEIRA VIDRO 40X10,19.9,19.9,19.9,19.9,13.39,17.99,0,2,UN,,,,,94038900,7898477827786,N
7898477827939,"PRATELEIRA VIDRO RAIO 0,8X25X25CM SUPORTE CROMADO (VETRO)",48,48,0,0,29.93,28.99,0,1,UN,,,,,94038900,7898477827939,N
7898059542762,CAIXA SIF HERC 100X100X50 QD 2259,17.9,17.9,17.5,17,9.97,9.97,4,5,UN,,,,,39174090,7898059542762,N
27891435064562,CANALETA C/FITA TRAMONTINA 2MT,9.9,9.9,9.5,9.5,5.25,6.17,101,20,UN,,,,,39162000,27891435064562,N
7896205216307,"PORTA CORTINA REGULA.1,35X1,48MC10",31,31,30,30,16.84,14.84,10,2,UN,,,,,73239900,7896205216307,N
7896205216291,"PORTA CORTINA REGULA.1,20X1,33MC10",29,29,0,0,15.14,0,-4,2,UN,,,,,73239900,7896205216291,N
7896205216284,"PORTA CORTINA REGULA.1,05X1,18M",27.5,27.5,27,27,14.52,3.68,2,2,UN,,,,,73239900,7896205216284,N
7896205216314,PORTA CORTINA REGULA.1.50X163M,33.5,33.5,33,33,17.74,11.49,5,2,UN,,,,,73239900,7896205216314,N
7896205216277,PORTA CORTINA REGULA.0.90X103M C10,27.5,27.5,27,26.5,14.23,12.54,7,3,UN,,,,,73239900,7896205216277,N
7898488641418,FECH DOVALE CADEADO PORTA ACO PISO TETRA,99.9,99.9,96,95,66.91,106.96,3,1,UN,,,,,83011000,7898488641418,N
7898586132764,SACO LIXO 100L PT FOXLUX ALMOF.C5,4.9,4.9,4.9,4.9,2.6,2.15,14,2,PT,,,,,39232110,7898586132764,N
27891435967290,DISJUNTOR TRIPOLAR TRAMONTINA 63A,59,59,0,0,34.25,34.25,0,0,UN,,,,,85362000,27891435967290,N
27891435967283,DISJUNTOR TRIPOLAR TRAMONTINA 50A,62,62,64,65,34.25,34.25,0,0,UN,,,,,85362000,27891435967283,N
7893858501026,FECH STAM 1201 PF ST PORTA ACO TETRA,75,75,72,70,42.6,0,-2,1,UN,,,,,83014000,7893858501026,N
7893858560146,FECH STAM 201PF ST PORTA ACO COMUN,69.5,69.5,68,65,38.31,38.31,2,1,UN,,,,,83014000,7893858560146,N
736532200563,PAPELEIRA C/TPA CRIST.ABS BELOBANH,16.9,16.9,16.5,16.5,10.28,12.85,0,3,UN,,,,,39229000,736532200563,N
7898905016096,ESCOVA CARVAO FUR.BOSCH HOBY22,3.8,3.8,3.5,3,1.22,1.75,0,0,UN,,,,,85452000,7898905016096,N
7898905016317,ESCOVA CARVAO SERRA MAKITA 156,7.5,7.5,7,7,3.01,2.23,8,4,PT,,,,,85452000,7898905016317,N
7898905016225,ESCOVA CARVAO SERR MAR BOSCH80,6.8,6.8,6.5,6.5,2.37,2.09,9,4,PT,,,,,85452000,7898905016225,N
7891960874632,ADESIVO 17G AMANCO,4,4,4,3.8,1.79,0,9,10,UN,,,,,35061090,7891960874632,N
2100075050011,ALICATE PRESSAO 10 GUEPAR,37,37,37,36,19.99,24.98,3,1,PC1,,,,,82032010,2100075050011,N
7896603803079,FITA DUPLA FACE ADELBRAS 19MM X 2MT,19,19,19,19,10.9,17.06,24,6,UN,,,,,35069190,7896603803079,N
7898094332717,NIVEL BRASFORT DE ALUMINIO 12 POL 300MM,16.5,16.5,16,16,8.87,0,-5,1,PC1,,,,,90153000,7898094332717,N
2100075120011,CAP ESGOTO 150MM,39.9,39.9,39,39,18.73,15.53,5,0,UN,,DIVERSOS,CONEXOES,ESGOTO,39174090,2100075120011,N
7897210406585,MODULO RED 04,12,12,13,15,6.57,5.36,-1,1,PC,,,,,84819010,7897210406585,N
7897210433413,MODULO RED 01,15.5,15.5,15,14.5,7.16,8.46,-2,1,PC,,,,,84819010,7897210433413,N
7897210485832,BLUKIT KIT FACIL REG.9 EM 1 EM PPS BLISTER C/ 1 PECA,62,62,65,68,35.26,28.77,0,2,PC,,,,,84819010,7897210485832,N
7897210487720,BLUKIT MVC P/ TORN. 1/4 VOLTA UNIVERSAL - EM PPS,34,34,35,36,20.58,16.79,0,1,PC,,,,,84819010,7897210487720,N
7899942800365,BLUKIT KIT DECA PRESSAO 1/2 E 3/4,42.9,42.9,44,45,23.46,19.14,-1,2,PC,,,,,84819010,7899942800365,N
7908147605283,QUEROSENE 450ML,13,13,13.5,14,7.6,7.6,-12,0,LT,,,,,27101919,7908147605283,N
7908147605306,QUEROSENE 900ML,23,23,22,22,13.44,0,-4,0,LT,,,,,27101919,7908147605306,N
7908147619617,MASSA CORRIDA ACRILICA LUX 20KG,119.99,119.99,115,115,73.28,0,-4,0,UN,,,,,32141020,7908147619617,N
7908147600271,"MASSA CORRIDA PVA LUX 5,4KG",19.9,19.9,19,19,12.3,10.78,0,0,GL,,,,,32141020,7908147600271,N
2100075230017,PU40 SELANTE D/POLIURETANO BRANCO 360G,17.5,17.5,17.5,17,8.12,6.67,10,0,PC1,,,,,35061090,2100075230017,N
2100075240016,PU40 SELANTE D/POLIURETANO PRETO 400G,17.5,17.5,17,17,8.17,8.19,12,2,UN,,,,,35061090,2100075240016,N
7898550259954,KIT COMPLETO UNIVERSAL P/CAIXA ACOPLADA C/MEC. ACIONADOR SUPERIOR BRANCO SACO PLAST. C/6 PC,109.9,109.9,115,118,67.2,54.82,0,0,PC,,,,,84818019,7898550259954,N
7898550257189,MEC.CORRENTE PLASTICA SAIDA CONVENCIONAL SACO PLAST,9.8,9.8,9.5,9,5.28,4.25,30,0,PC,,,,,84819010,7898550257189,N
47909224030552,BOTA P.FORTE PT/AM 323 S/F 41,49.99,49.99,49,49,26.99,0,-2,1,UN,,,,,64029190,47909224030552,N
47909224030569,BOTA P.FORTE PT/AM 323 S/F 42,49.99,49.99,49,49,26.99,0,-2,1,UN,,,,,64029190,47909224030569,N
47909224030576,BOTA P.FORTE PT/AM 323 S/F 43,49.99,49.99,49,49,26.99,10.92,1,0,UN,,,,,64029190,47909224030576,N
47909224030583,BOTA P.FORTE PT/AM 323 S/F 44,49.99,49.99,49,49,26.99,31.55,-2,1,UN,,,,,64029190,47909224030583,N
7897186074245,FERRO SOLDA 110VX030W WESTERN   EN,36.9,36.9,36.9,36,20,0,-2,1,UN,,,,,85151100,7897186074245,N
7897186074269,FERRO SOLDA 110VX040W WESTERN   EN,39.9,39.9,39,39,21.9,0,0,1,UN,,,,,85151100,7897186074269,N
7897186074283,FERRO SOLDA 110VX060W WESTERN   127V/220V,41,41,40,40,21.9,38.32,4,1,UN,,,,,85151100,7897186074283,N
7898950905420,PARAFUSO P/VASO S-12,5,5,5,5,2.22,1.35,60,6,UN,,,,,73181400,7898950905420,N
2100075360011,BOTA P.FORTE PT/AM 323 S/F 39,49.99,49.99,49,49,26.99,26.99,2,1,UN,,,,,64029190,2100075360011,N
2100075370010,BOTA P.FORTE PT/AM 323 S/F 40,49.99,49.99,49,49,26.99,9.73,-1,1,UN,,,,,64029190,2100075370010,N
7896451870018,CHUVEIRO LORENZ ACQUA DUO BK/CR 127/5500,500,500,0,0,334.45,334.45,0,1,PC,,,,,85161000,7896451870018,N
7896451837349,RESISTENCIA LORENZETTI 220V (ADVANCED),43,43,42,42,28.37,0,-17,4,PC,,,,,85168010,7896451837349,N
7896451876683,RESISTENCIA LORENZETTI 127V (BELLA DUCHA ULTRA),33,33,34,35,19.22,0,-1,3,PC,,,,,85168010,7896451876683,N
2100075410013,ARRUELA LISA 5/16,0.3,0.3,0,0,0.06,0.06,389,0,UN,,,,,73182100,2100075410013,N
2100075420012,ANEL VED TIGRE,13.5,13.5,13.5,13,7.23,9.93,-11,6,UN,,,,,40069000,2100075420012,N
2100075430011,TELA VIVEIRO ARAM 80CM,11,11,11,10,5.15,2.29,-24.5,10,MT,,,,,73144100,2100075430011,N
7893858350457,FECH STAM 803/02 FX ESP INOX EXT,117,117,115,113,68.01,73.62,7,0,UN,,,,,83014000,7893858350457,N
7893858404242,FECH STAM 813/33 INT OXIDADO,89.9,89.9,88,88,54.54,41.89,5,0,UN,,,,,85183000,7893858404242,N
7897208683455,CAMARA P/CARRO URIAH/ TOAK 3.25X8,22.5,22.5,22,21,10.7,15.98,14,6,UN1,,,,,40139000,7897208683455,N
7891427010054,CORRENTE GALV P/ CADEADO N1 40CM SAO RAPHAEL  -  REF 1031001Z,10.5,10.5,10,10,5,6.7,9,4,PT12,,,,,73158900,7891427010054,N
7897184200752,MIOLO P/ FECHADURA ALIANCA EXT GOLD(E),35,35,36,37,22.37,22.37,0,0,UN1,,,,,83016000,7897184200752,N
7892327044330,MIOLO P/ FECHADURA EXT SOPRANO I,38,38,39,40,23.72,35.58,-4,0,UN,,,,,83016000,7892327044330,N
7897184200745,MIOLO P/ FECHADURA STAM EXT GOLD(E),38,38,39,40,23.18,0,-2,0,UN1,,,,,83016000,7897184200745,N
7892327080871,MIOLO P/ FECHADURA STAM EXT SOPRANO(E) -  REF 03209.6080.30,41,41,42,43,25.38,0,-3,0,UN,,,,,83016000,7892327080871,N
7898567700944,DESENGRIPANTE LUBFAST 300ML,12,12,11.5,11,5.49,8.39,14,0,UN,,,,,38249941,7898567700944,N
7896098815724,LUVA MAO PLASTICA IMBAT PRETA G,12,12,11,11,5.16,0,-5,3,PR1,,,,,40151900,7896098815724,N
7891114013436,PRUMO 500G TRAMONTINA,42.5,42.5,42,41,25.17,34.32,7,0,UN,,,,,90318099,7891114013436,N
7891114063554,CHAVE COMBINADA 11MM TRAMONTINA,12,12,12.5,0,6.03,0.93,-1,0,UN,,,,,82041100,7891114063554,N
7891114063592,CHAVE COMBINADA 15MM TRAMONTINA,15,15,15.5,16.5,7.72,7.72,0,1,UN,,,,,82041100,7891114063592,N
7891114094091,JOGO DE BROCAS CONCRETO 4 PCS,19.9,19.9,19,19,10.52,0,2,0,UN,,,,,82075011,7891114094091,N
7891117036593,FIO DE NYLON P/JARDIM 1.8MM 20M,25.9,25.9,25,24,14.4,17.54,8,0,UN,,,,,39169010,7891117036593,N
7891114094084,JOGO DE BROCAS MADEIRA 4 PCS,19.9,19.9,19,19,10.52,7.41,3,0,UN,,,,,82075011,7891114094084,N
7891117021735,PA TRAMONTINA QUADRADA S/CABO CANO LONGO,37.9,37.9,37,36,20.35,20.34,3,1,UN,,,,,82011000,7891117021735,N
7891117001652,"ENXADA LARGA MEIA LUA 2,5 S/CABO",47,47,46,45,27.08,27.08,3,0,UN,,,,,82013000,7891117001652,N
7894023069167,KIT BANHEIRO HERC BR 5 PCS,54.9,54.9,54,53,33.85,44.85,7,2,PC1,,,,,39259090,7894023069167,N
7891114048391,KIT TRAMONTINA FERRAMENTAS 5PCS.,36.9,36.9,37.9,39,22.69,22.69,-2,1,PC1,,,,,82054000,7891114048391,N
2100075650013,REG ESFERA 25MM KRONA,10,10,9.5,9,4.38,2.24,-3,6,UN,,,,,84818095,2100075650013,N
7908244306045,"VALVULA RETENCAO BOGNAR 1"" VERTICAL 1701",62.5,62.5,64,65,36.49,36.49,0,0,PC1,,,,,84818011,7908244306045,N
2100075670011,OLEO P/MAQUINA WHITE LUB,8.5,8.5,9,9.5,4.52,4.52,-1,0,UN,,,,,27101932,2100075670011,N
2100075680010,KIT PORTA 80 SUCUPIRA,359,359,345,345,254.02,0,-9,0,UN,,DIVERSOS,PORTA,,85183000,2100075680010,N
2100075690019,KIT PORTA 70 SUCUPIRA,359,359,345,345,254.02,0,-9,0,UN,,DIVERSOS,PORTA,,85183000,2100075690019,N
2100075700015,KIT PORTA 60 MOGNO,359,359,345,345,254.02,0,-3,0,UN,,DIVERSOS,PORTA,,85183000,2100075700015,N
2100075710014,KIT PORTA 80 MOGNO,359,359,345,345,254.02,0,-4,0,UN,,DIVERSOS,PORTA,,85183000,2100075710014,N
2100075720013,VARAL ALUM SANFONADO 1.20MT,99.9,99.9,95,95,66.58,69.74,-2,0,UN,,,,,76151000,2100075720013,N
7897801303897,GRELHA QD.BCA DN150 N52 KRONA,11,11,12,13,4.85,4.85,-5,3,SC,,,,,39174090,7897801303897,N
7897801303941,PORTA GRELHA QD.BCA.DN150 KRONA,10,10,11,12,5.55,5.55,-7,3,UN,,,,,39174090,7897801303941,N
7897801307246,PORTA GRELHA QD.BCA.DN100 KRONA,8.5,8.5,8,8,4.41,3.88,7,3,UN,,,,,39174090,7897801307246,N
7899625002086,BOTINA N41,62,62,60,60,29.99,0,-3,1,PR,,,,,64039990,7899625002086,N
7899625002093,BOTINA N42,60,60,60,60,29.99,0,-4,0,PR,,,,,64039990,7899625002093,N
7899625002161,BOTINA C/BICO N41,92,92,88,86,55.6,80.46,0,0,PR,,,,,64034000,7899625002161,N
7908439804851,CAIXA FERRAMENTAS PLAST 32X19X13 ARQPLAST,26,26,25,25,15.09,13.3,4,1,UN,,,,,39249000,7908439804851,N
7899625002192,BOTINA C/BICO N44,92,92,88,86,49.73,49.73,0,0,PR,,,,,64034000,7899625002192,N
7899201712255,SUPORTE C/FENDA 08MM MET.CROM. C25,4.8,4.8,4.8,4.6,2.83,2.59,11,6,PT,,,,,83024100,7899201712255,N
7899201710015,SUPORTE C/FENDA 06MM MET.CROM,4.8,4.8,4.8,4.6,2.83,2.59,13,6,PT,,,,,83024100,7899201710015,N
7899201710008,SUPORTE C/FENDA 04MM MET.CROM.,4.5,4.5,4.8,5,2.46,0,0,12,PT,,,,,83024100,7899201710008,N
7896205271030,VARAL RECOL.AUTOMAT.5CORDAS SECALU,78,78,76,75,48.84,0,0,0,UN,,,,,56074900,7896205271030,N
7891222073469,"GRELHA QD.ROT.PLAS15,0X15,0BC GRB5",29.9,29.9,32,33,18.02,18.02,0,3,UN,,,,,39174090,7891222073469,N
7891222095942,"GRELHA QD.ROT.PLAS10,2X10,2BC GRB3",12.9,12.9,12.5,12,6.38,7.61,-2,3,UN,,,,,39174090,7891222095942,N
2100075870015,FITA ISOLANTE 5M 3M,4,4,11.5,12,1.8,0,-1,0,UN,,,,,39191020,2100075870015,N
7891960874649,ADESIVO 75G,8.5,8.5,8.5,8.5,3.39,51.56,36,10,UN,,,,,35061090,7891960874649,N
2100075890013,"CAMARA P/CARRO COLSON 3,50X8",32,32,31,31,17.48,24.64,8,2,PC1,,,,,40139000,2100075890013,N
27898159701384,DESEMP MAX/THOMP ACO 25.5X12CM LISA,15.9,15.9,15.5,15,8.4,0,-16,3,UN,,,,,82055900,27898159701384,N
7897937409395,DESEMP MAX/COMPE 25X12 ACO DENT,15.5,15.5,14.9,14.9,8.84,11.41,6,3,PC1,,,,,82055900,7897937409395,N
2100075920017,ESPUMA EXPANSIVA CHEMICOLOR 500ML,24.9,24.9,24,23,10.89,16.17,14,0,PC1,,,,,35061090,2100075920017,N
7898627060117,LONA PRETA C/4M 30KG MAXILONA,7.8,7.8,7.5,7,3.28,3.93,-36,0,RL440,,,,,39202019,7898627060117,N
2100075940015,LONA AMARELA C/4M 18KG MAXILONA GRAT REF 126,9.5,9.5,9,9,5.47,5.47,0,0,RL240,,,,,39202019,2100075940015,N
2100075950014,CAIXA SIF TIGRE 100X100X50,29.99,29.99,0,0,10,0,0,0,UN,,,,,85183000,2100075950014,N
7898927674076,PEGA TUDO RATO AMERICAN PET,5.5,5.5,5.5,5.5,3.23,5.36,28,0,UN,,,,,35069190,7898927674076,N
7890217032832,DUCHA HIGIENICA OLIVEIRA C80,115,115,110,110,73.72,22.49,0,0,PC,,,,,39229000,7890217032832,N
7890217030388,GATILHO P/DUCHA OLIVEIRA ABS BRANCA,18.9,18.9,18,18,9.37,8.79,-9,2,PC,,,,,84818019,7890217030388,N
7890217040219,GATILHO P/DUCHA PP BRANCA ECO CIVITT,14.5,14.5,15,15.5,7.39,5.8,0,3,PC,,,,,84818019,7890217040219,N
7890217035468,REGUA ALUMINIO 2M 552GR,44,44,43,42,24.01,0,-23,0,PC,,,,,76042100,7890217035468,N
7890217027715,TORN CIVIT 2771 LAVATORIO ABS BRANCA ALAVANCA,38,38,43,44,23.69,18.6,0,3,PC,,,,,84818019,7890217027715,N
7890217027746,TORN CIVIT 2774 LAVAT ALAVA BR,30,30,29.9,32,16.21,12.73,0,3,PC,,,,,84818019,7890217027746,N
7898324005251,DISJUNTOR BIPOLAR IDR 25A 30MA OUROLUX,92,92,95,98,52.33,45.93,-1,1,UN,,,,,85362000,7898324005251,N
7898324005268,DISJUNTOR BIPOLAR IDR 40A 30MA OUROLUX,92,92,95,98,53.33,45.93,-1,0,UN,,,,,85362000,7898324005268,N
7898324005275,DISJUNTOR BIPOLAR IDR 63A 30MA OUROLUX,92,92,95,98,52.33,45.93,-1,0,UN,,,,,85362000,7898324005275,N
47891567322992,VERNIZ MARITIMO 1/16 SAYERLACK,23.5,23.5,23,23,13.78,17.55,15,0,UN,,,,,32081020,47891567322992,N
7892327049717,FIXADOR PORTA PISO CROM.SOPRANO,15.8,15.8,15.5,15,6.77,0,-3,0,UN,,,,,83024100,7892327049717,N
7899612796929,APLICADOR P/SILICONE SPARTA,16.9,16.9,16,16,8.96,13.8,-1,0,UN,,,,,82055900,7899612796929,N
7898011978110,LAMPADA BOLIN 15X127 AZ THOMPS,5.8,5.8,5.5,5.5,2.55,2.55,5,0,PT,,,,,85392200,7898011978110,N
7898011978127,LAMPADA BOLIN 15X127 VD THOMPS,5.8,5.8,5.5,5.5,2.55,3.82,17,0,PT,,,,,85392200,7898011978127,N
7898011978158,LAMPADA BOLIN 15X127 VM THOMPS,5.8,5.8,5.5,5.5,2.55,2.55,8,0,PT,,,,,85392200,7898011978158,N
7898011970817,ESQUADRO THOMPSON CB ALUMI.12=30CM,18.5,18.5,18,17.5,10.47,10.47,4,0,UN,,,,,90172000,7898011970817,N
088381450270,DISCO LIXA LIXADE5 080 MAKITA C10,4.2,4.2,36,0,2.07,2.07,0,0,CX,,,,,68052000,088381450270,N
088381450294,DISCO LIXA LIXADE5 120 MAKITA,4.2,4.2,37,0,2.07,2.07,0,0,UN,,,,,68052000,088381450294,N
2100076150017,SOLDA FIO TUBETE 4MT 25GR EMAV.C36,10,10,10,10,5.52,5.2,15,0,UN,,,,,78060010,2100076150017,N
37891435072410,PINO FEMEA 20A 2P+T PT/BC TRAM,8.8,8.8,8.5,8,4.39,4.86,35,0,UN,,,,,85366910,37891435072410,N
7896637613255,TELEFONE GONDOLA 15TEC BCO.INTELBR,69,69,68,68,44.08,38.84,4,0,UN,,,,,85171830,7896637613255,N
7898011977267,SUPORTE PRATEL25CM BC M.FRAN.THOMP,0,0,0,0,45,6.22,-1,0,DZ,,,,,72162100,7898011977267,N
7898011979162,CANTONEIRA MOVEIS BICROM 11/2,1.6,1.6,1.5,1.4,0.52,0,-4,0,UN,,,,,72162100,7898011979162,N
7898011979155,CANTONEIRA MOVEIS BICROM 1,1,1,0.9,0.8,0.28,0,-21,0,UN,,,,,72162100,7898011979155,N
27891114010958,CHAVE TRAMONTINA DE FENDA 1/4 X 8,12,12,12.5,13,7.28,10.22,-1,0,UN,,,,,82054000,27891114010958,N
7897488008764,DESEMP THOMPSON ACO 48X12CM DENTADA,34,34,33,33,20.63,27.48,0,0,PC1,,,,,82055900,7897488008764,N
7897488008757,DESEMP MAX ACO CABO PLAST 48X12CM LISA,34,34,35,36,20.13,20.13,5,0,PC1,,,,,82055900,7897488008757,N
2100076240015,TINTA SPRAY CHEMICOLOR 350ML ALTA TEMP ALUMINIO,22.5,22.5,0,0,11.15,11.15,0,0,PC1,,,,,32082011,2100076240015,N
2100076250014,ROLO ESPUMA 05CM ROMA,4.5,4.5,0,0,2.1,0.87,3,0,UN,,,,,96034010,2100076250014,N
2100076260013,ROLO ESPUMA 09CM ROMA,5.9,5.9,5.9,5.5,2.87,2.65,0,0,UN,,,,,96034010,2100076260013,N
7898547051103,DISCO MADEIRA BOMCORTE,15.5,15.5,15,14,5.5,9.4,18,0,PC1,,,,,82082000,7898547051103,N
7899085403249,PARAFUSO P/ASSENTO ALUMASA,4.5,4.5,0,0,1.69,0,-20,0,UN,,,,,39229000,7899085403249,N
2100076300016,GRAXA ORBIGRAX BRANCA 300ML,21.5,21.5,21,20,11.65,17.01,0,0,PC1,,,,,27101991,2100076300016,N
2100076310015,"DISCO STANLEY DE CORTE METAL 4 1/2 X 3,0MM X 7/8",6,6,0,0,3,3,0,0,UN,,,,,68042211,2100076310015,N
7896525093671,"DISCO STANLEY DE CORTE FINO MET/INO 4 1/2X1,0MMX7/",3.5,3.5,3.2,3,1.34,2.18,0,0,UN,,,,,68042211,7896525093671,N
2100076340012,DISCO P/MAQ NORTON PROF CONTINUO,24,24,23,23,13.25,11.21,17,0,PC1,,,,,68042119,2100076340012,N
2100076350011,TUBO SOD TIGRE 50,105,105,0,0,48.55,0,0,0,UN,,,,,39172300,2100076350011,N
7898944683013,CHAVE PARA OSCILANTE BI VOLT,23.5,23.5,0,0,12.38,11.16,-1,0,PC,,,,,85365090,7898944683013,N
7898944683297,CHAVE MOUSE BRANCA PARA VENTILADOR OSCILANTE 400 W BI VOLT,24.5,24.5,0,0,12.86,11.59,-1,0,PC,,,,,85365090,7898944683297,N
7898944683761,CHAVE MOUSE PRETA PARA VENTILADOR OSCILANTE 400 W BI VOLT,27,27,0,0,13.94,12.56,-2,0,PC,,,,,85365090,7898944683761,N
7898944683051,CHAVE DESLIZANTE BI VOLT,28.9,28.9,0,0,14.69,13.24,0,0,PC,,,,,85365090,7898944683051,N
7898944683037,CHAVE 3 V 127 V (3UF +7UF),35.9,35.9,0,0,19.44,17.52,0,0,PC,,,,,85365090,7898944683037,N
7898944683020,CHAVE DIMER DE LUZ (4X2) 400 W BIVOLT,23,23,0,0,12.38,11.16,-3,0,PC,,,,,85365090,7898944683020,N
7898944692060,CAPACITOR SIMPLES 2 FIOS 10 UF X 250 VAC,15,15,14,13,5.79,0.05,-2,0,PC,,,,,85365090,7898944692060,N
7898944691919,CAPACITOR DUPLO 3 FIOS 3 UF + 7 UF  X 250 VAC,19.5,19.5,19,18,7.04,0,-8,0,PC,,,,,85365090,7898944691919,N
7899658905583,LAMINA ESTILETE LARGO,2,2,0.85,0.8,0.42,2.34,75,0,UN,,,,,82119400,7899658905583,N
7898969086011,CADEADO STAM 25MM ZAMAC,20.5,20.5,20,19.5,11.64,11.64,20,0,UN,,,,,83011000,7898969086011,N
7898969086028,CADEADO STAM 30MM ZAMAC,22.5,22.5,22,22,12.73,12.72,29,0,UN,,,,,83011000,7898969086028,N
7898969086035,CADEADO STAM 35MM ZAMAC,27,27,26,25,15.3,15.3,11,0,UN,,,,,83011000,7898969086035,N
7898969086042,CADEADO BRAVO 50MM,33,33,0,0,19.48,0,0,0,UN,,,,,83011000,7898969086042,N
7898969086004,CADEADO SIMPLES 20MM,7.5,7.5,7,6.5,3.62,0,-1,0,UN,,,,,83011000,7898969086004,N
7898472269239,COLA CONTATO TEKBOND  750G TRAD.C/TOL,37,37,38,39,20.89,20.89,0,0,UN,,,,,35061090,7898472269239,N
7896050301951,BOIA ALUMASA 1/2,10,10,10,9.5,3.3,0.74,206,0,PT,,,,,84818019,7896050301951,N
7898011977021,TORN VALOGIN ESFERA 1/2X3/4 CADEADO,29.9,29.9,29,29,16.71,16.71,3,0,UN,,,,,84818099,7898011977021,N
7893858005012,CADEADO STAM 25MM SEGR.LATONADO,17.5,17.5,18,19,10.27,10,11,0,UN,,,,,83011000,7893858005012,N
7893858006057,CADEADO STAM 40MM SEGR.LATONADO,38.5,38.5,38,37,22.71,20,5,0,UN,,,,,83011000,7893858006057,N
7891645056711,CHAVE ALLEN HEXAGONAL 5MM BELZER,4.9,4.9,5.5,6,2.49,1.72,-4,0,UN,,,,,82055900,7891645056711,N
7896039732967,CAMPAINHA S/FIO FAME 127V 32 MELODIAS -,89.9,89.9,0,0,60.41,49.58,-2,0,UN,,,,,85318000,7896039732967,N
7896039722180,CAIXA VERSATIL FAME EMB C/TOM 2P+T 20A C/ENCAIXE NEMA OU DIN,49.9,49.9,0,0,30.9,25.36,-1,0,UN,,,,,85366910,7896039722180,N
7896039723446,CAIXA VERSATIL II FAME C/TOM 2P+T 20A P/DISJ DIN,46,46,44,43,26.66,24.3,3,0,UN,,,,,85366910,7896039723446,N
7896039725839,QUADRO FAME DISJ 3 NEMA OU 4 DIN BR,38,38,37,36,22.56,0,-5,0,UN,,,,,85381000,7896039725839,N
7896039726393,QUADRO FAME DISJ 6 NEMA OU 8 DIN BR,62,62,60,60,39.04,0,-3,0,UN,,,,,85381000,7896039726393,N
7896039726881,QUADRO FAME DISJ 12 NEMA OU 16 DIN BR,96,96,95,94,62.68,0,0,0,UN,,,,,85381000,7896039726881,N
7896039727291,QUADRO FAME DISJ 16 NEMA OU 24 DIN BR,142.9,142.9,140,138,97.12,0,0,0,UN,,,,,85381000,7896039727291,N
7896039731373,QUADRO FAME DISJ 6 NEMA OU 8 DIN COM BARR,87,87,85,85,56.21,46.38,-1,0,UN,,,,,85381000,7896039731373,N
7896039731380,QUADRO FAME DISJ 12 NEMA OU 16 DIN COM BARR,117.9,117.9,119,120,78.21,3.85,-2,0,UN,,,,,85381000,7896039731380,N
7896039733186,CANALETA C/FITA FAME 20X10X2000MM,9.5,9.5,9,8.5,3.72,4.16,106,0,UN,,,,,39162000,7896039733186,N
2100076700014,CHAVE DE FENDA 5/16 X 6,15,15,0,0,0,0,0,0,UN,,,,,85183000,2100076700014,N
2100076710013,"INCENOR 67080 33X50 A FORMICA NOGUEIRA CX2,48",29.99,29.99,27.99,27.99,21,0,-10.72,0,M2,,,,,69072200,2100076710013,N
2100076720012,INCENOR 62760,29.99,29.99,0,0,0,0,-2.68,0,M2,,,,,69072200,2100076720012,N
2100076730011,"INCENOR 66760 A 58X58 CX2,68",29.99,29.99,26.99,26.99,19.5,0,-16.08,0,M2,,,,,69072200,2100076730011,N
2100076740010,MANGUEIRA CORRUGADO 1MT,1.7,1.7,0,0,0.3,0,-143,0,UN,,,,,85183000,2100076740010,N
2100076750019,CAIXA LUZ 3X3,3,3,3.2,3.5,0.83,0,-3,0,UN,,,,,39174090,2100076750019,N
7897208690064,ALICATE CORTE DIAGONAL MILLA 8,23.5,23.5,0,0,12.89,12.89,-3,0,UN1,,,,,82032010,7897208690064,N
7898543382331,TINTA SPRAY TEKBOND PLATINA,22.5,22.5,22,22,13.55,0,0,0,UN,,,,,32082019,7898543382331,N
7898543381457,VERNIZ SPRAY TEKBOND USO GERAL 350ML,22,22,21,21,11.57,16.82,4,0,UN,,,,,32082020,7898543381457,N
2100076790015,SABONETEIRA BELLO BAGNO CRISTAL,16.9,16.9,16.5,16.5,10.62,10.62,-8,0,UN,,,,,39229000,2100076790015,N
2100076800011,ADESIVO 175G AMANCO PLAST P/TUBO PVC C/PINCEL,16.5,16.5,16,16,8.79,0,-11,0,UN,,,,,35061090,2100076800011,N
2100076810010,MANGUEIRA PLASTMAN OPACA 10M AZUL,32,32,31,30,18.67,18.67,-2,0,CJ1,,,,,39173900,2100076810010,N
2100076820019,MANGUEIRA PLASTMAN OPACA 10M VERDE,32,32,33,34,17.85,0,-1,0,CJ1,,,,,39173900,2100076820019,N
2100076830018,LIXA DAGUA 180,2.5,2.5,0,0,0.89,0.89,-1,0,PT50,,,,,68052000,2100076830018,N
2100076840017,LIXA DAGUA 80,2.5,2.5,0,0,0.89,0.89,-7,0,UN,,,,,68052000,2100076840017,N
2100076850016,LIXA DAGUA 320,2.5,2.5,0,0,0.77,0.77,-7,0,PT50,,,,,68052000,2100076850016,N
2100076860015,OBTURADOR BLUKIT C/CORRENTE,18.5,18.5,18.5,18,10.81,9.82,4,0,UN,,,,,39229000,2100076860015,N
7897176423411,ZARCAO 900ML ZARCOFER,47,47,45,45,31.52,15.79,-9,0,UN,,,,,32089010,7897176423411,N
2100076880013,TINTA SPRAY CHEMICOLOR 400ML GERAL PRETO BRILHANTE,18.9,18.9,19.5,19.9,10.76,10.76,0,0,PC1,,,,,32082011,2100076880013,N
2100076890012,TINTA SPRAY SPRAYNT CROMADO,28,28,27,27,14.65,18.45,7,0,PC1,,,,,32082011,2100076890012,N
37896027042420,CUPINICIDA JIMO 900ML INCOL,62,62,60,60,33.4,44.25,17,0,UN,,,,,38089192,37896027042420,N
7893308002202,ALONGADOR P/TOR.CROM1/2CURTO GAR,11.5,11.5,11.5,11.5,6.88,9.05,8,0,UN,,,,,79070090,7893308002202,N
7893308002219,ALONGADOR P/TOR.CROM1/2MEDIO GAR,12,12,0,0,6.48,6.48,-3,0,UN,,,,,79070090,7893308002219,N
2100076930015,TORN OLIVEIRA QUADRI PREMIUM BM PAREDE 4121 AREJ C-80 1/4 VOLTA,148,148,145,140,88.9,29.33,0,1,UN,,,,,84818011,2100076930015,N
2100076940014,TORN OLIVEIRA QUADRI PREMIUM BM MESA 4131 AREJ C-80 1/4 VOLTA,149.9,149.9,145,140,87,28.71,-2,1,UN,,,,,84818011,2100076940014,N
2100076950013,TORN OLIVEIRA QUADRI PREMIUM BM LAVATORIO 4132 AREJ C-80 1/4 VOLTA,149.9,149.9,143,140,92,31.73,0,1,UN,,,,,84818011,2100076950013,N
2100076960012,FILTRO OLIVEIRA 2167 ABS C-70 1/4 VOLTA,184,184,180,178,115.61,0,-11,0,UN,,,,,84212100,2100076960012,N
2100076970011,COPO DO FILTRO ABS C/ VELA OLIVEIRA,64,64,63,62,33.9,11.3,-13,1,UN,,,,,84212100,2100076970011,N
2100076980010,VELA P/FILTRO OLIVEIRA PRO SAUDE,24,24,24,23,13.54,4.43,-15,3,UN,,,,,84212100,2100076980010,N
2100076990019,TORN OLIVEIRA 1167 C-70 BM PAREDE CANO GOURMET,89.9,89.9,89.9,89,50.52,19.52,-28,1,UN,,,,,84818011,2100076990019,N
2100077000014,PORTA SHAMPOO RETO VIDRO OLIVEIRA,45.5,45.5,45,45,27.66,9.47,-3,0,UN,,,,,76152000,2100077000014,N
2100077010013,TORN OLIVEIRA 1159 C/ AREJADOR C-31,61,61,60,59,35.9,12.72,-6,0,UN,,,,,84818011,2100077010013,N
2100077020012,TORN OLIVEIRA 1130 1/2 X 3/4 CROMADA,41,41,40,40,23.25,8.41,-31,0,UN,,,,,84818011,2100077020012,N
2100077030011,PORTA SHAMPOO CANTO OLIVEIRA,45.5,45.5,45,45,27.66,9.47,-15,0,UN,,,,,76152000,2100077030011,N
2100077050019,ALONGADOR CROMADO 1/2 4CM OLIVEIRA,12.9,12.9,12,12,6.92,2.07,-23,0,UN,,,,,84819090,2100077050019,N
2100077060018,ALONGADOR CROMADO 1/2 6CM OLIVEIRA,14.5,14.5,14,14,7.71,2.44,-3,0,UN,,,,,84819090,2100077060018,N
7891065006129,CADEADO PADO 30MMX75MM HASTE LONGA,43.9,43.9,42,41,25.3,0,-1,0,UN1,,,,,83011000,7891065006129,N
7891065006198,CADEADO PADO 35MMX75MM HASTE LONGA,42.9,42.9,42,42,25.87,0,-4,0,UN1,,,,,83011000,7891065006198,N
7898422184803,DOBRADICA SCHILD GALV 2.1/2 C/3 - REF 1163,14,14,13.5,13,5.87,8.18,-5,0,CR1,,,,,83021000,7898422184803,N
7898422184933,DOBRADICA SCHILD GALV 3.1/2 C/3  - REF 1169,18.5,18.5,18,17,10.01,8,-1,0,CR1,,,,,83021000,7898422184933,N
7897924000901,CAPA CHUVA PE C/ MANGA AML PLASTNOVA  -  REF 0090,19.5,19.5,19.9,21,10.84,10.84,0,0,UN1,,,,,39262000,7897924000901,N
7899101508958,BOMBA ENCHER PNEU BICIC.58CM KENDA,50,50,48,48,31.58,0,3,0,UN,,,,,84142000,7899101508958,N
7896586814963,EXTENSAO 03M PL POP CARRET.1496DAN,23.5,23.5,0,0,13.81,13.81,-4,0,UN,,,,,85444900,7896586814963,N
7898994847113,BLOQUEADOR AR HIDROMETRO 3/4 POUPA,46,46,44,42,21.3,0,0,0,UN,,,,,84813000,7898994847113,N
0736532200433,KIT BANHEIRO NOBILE 5PC,49.9,49.9,49,49,30.23,35.05,4,0,UN,,,,,39229000,0736532200433,N
7898011977205,CONECTOR PORCELANA TRIP 16MM THOMP,8.9,8.9,8.9,8.5,3.66,4.04,8,0,UN,,,,,85369010,7898011977205,N
2100077180013,ASSENTO ATLAS ALMOF QUADRADO PLASTICO BR,105,105,0,0,64.3,0,0,0,PC1,,,,,39222000,2100077180013,N
2100077190012,BOMBA PERIFERICA HAMMER 370W 1/2CV 127V,239,239,0,0,148.61,0,0,0,PC1,,,,,84137080,2100077190012,N
37891114112499,BROCA CONCRETO TRAMONTINA 08MM,11,11,10.5,10,5.84,0,-5,0,PT10,,,,,82075011,37891114112499,N
2100077210017,ESTILETE LARGO PROF LAM18 THOMPSON,15.5,15.5,15.5,15,7.9,11.33,7,0,UN,,,,,82119390,2100077210017,N
2100077220016,DISCO DIS-FLEX LIXA 4.1/2 GR036 ACO/MADEIRA,4.5,4.5,4.5,4.5,1.99,0,-2,0,UN,,,,,68053020,2100077220016,N
7898937544529,DISCO DIS-FLEX LIXA 4.1/2 GR080 ACO/MADEIRA,4.5,4.5,4.5,4.5,1.8,1.8,-10,0,UN,,,,,68053020,7898937544529,N
2100077270011,ABRACAD NYLON 150X2.5,0.25,0.25,0.09,0.08,0.04,0.06,596,0,UN,,,,,39269090,2100077270011,N
2100077280010,ABRACAD NYLON 150X3.6,0.3,0.3,0.12,0.12,0.07,0.1,379,0,UN,,,,,39269090,2100077280010,N
2100077290019,ABRACAD NYLON 200X3.5,0.45,0.45,0.18,0.17,0.07,0.07,-246,0,UN,,,,,39269090,2100077290019,N
2100077300015,ABRACAD NYLON 250X4.8,0.7,0.7,0.28,0.27,0.13,0.19,-198,0,UN,,,,,39269090,2100077300015,N
2100077310014,ABRACAD NYLON 300X3.6,0.5,0.5,0.17,0.15,0.08,0.08,299,0,PT50,,,,,39269090,2100077310014,N
7896688211929,DRIVER 12W DC,10.9,10.9,10.5,10.5,5.93,4.14,-6,0,UN,,,,,94054900,7896688211929,N
7896688211936,DRIVER 18W DC,9.9,9.9,9.5,9,3.35,0,6,0,UN,,,,,94054900,7896688211936,N
7896688211943,DRIVER 24W DC,10.5,10.5,10,10,3.62,0,0,0,UN,,,,,94054900,7896688211943,N
7908089600292,LUVA MAO IMBAT MALHA BANHADA LATEX VERDE,11.5,11.5,12,12.5,6.25,0,-3,3,UN,,,,,61161000,7908089600292,N
7891055095829,ROLO TEXTURA FIBRA DE VINIL 23CM S/CB CONDOR  -  REF 969,42,42,43,44,26.33,0,0,1,UN1,,,,,96034010,7891055095829,N
7896689114229,ANTENA TV DIGIT EXT 28 ELEM PROELETRONIC,59.9,59.9,59,59,30.66,47.95,12,2,UN1,,,,,85291090,7896689114229,N
7896202400365,CANTONEIRA BRANCA 30CM,7.5,7.5,7,7,3.53,5.94,41,0,UN,,,,,72162100,7896202400365,N
2100077430019,THINER NATRIELLI LIMPEZA 450ML 8116,17,17,17.5,18,10.07,10.07,-2,0,CX12,,,,,38140090,2100077430019,N
2100077440018,CAVADOR ARTIC TRAMONTINA C/CAB MET 77562/803,110,110,105,100,64.44,0,-2,0,PC1,,,,,82019000,2100077440018,N
7899717102540,BOTINA N43,62,62,60,60,29.99,0,-2,0,PR1,,,,,64039990,7899717102540,N
7899717102519,BOTINA N40,60,60,58,58,28.99,0,-5,0,PR1,,,,,64039990,7899717102519,N
7891222226520,CAIXA DESCARGA ASTRA PRETA,47,47,46,45,25.93,0,0,0,UN,,,,,39229000,7891222226520,N
7891222008690,"KIT ASTRA COM PS2, SS2, CBD1 E CPT",34,34,33,33,19.79,17.67,-1,0,UN,,,,,39259090,7891222008690,N
7891222010419,PAPELEIRA ASTRA  PLASTICO PEQUENA,10.5,10.5,10,10,5.52,4.78,0,0,UN,,,,,39259090,7891222010419,N
7891222011904,SABONETEIRA ASTRA PLASTICA PEQUENA,11.5,11.5,11,10.5,5.88,5.09,-1,0,UN,,,,,39259090,7891222011904,N
7891222039755,ASSENTO ASTRA ALMOFADADO TPK/AS BRANCO,108,108,105,104,65.46,0,0,0,UN,,,,,39222000,7891222039755,N
7891222091067,ASSENTO ASTRA ALMOFADADO TPK/AS PRETO,112,112,113,115,65.46,0,-3,0,UN,,,,,39222000,7891222091067,N
7891222116722,TANQUE PLASTICO ASTRA 22L,78,78,76,75,40.74,0,0,0,UN,,,,,39221000,7891222116722,N
7891222044438,ASSENTO ASTRA PARIS/SABATINI ALMOFADADO TTP/K EB67,155,155,159,165,94.83,84.67,-1,0,UN,,,,,39222000,7891222044438,N
7891222044445,ASSENTO ASTRA PARIS/SABATINI ALMOFADADO TTP/K NV89,155,155,158,165,94.83,84.67,0,0,UN,,,,,39222000,7891222044445,N
7891222121078,ASSENTO ASTRA PARIS/SABATINI EM PP,105,105,108,110,60.58,54.09,0,0,UN,,,,,39222000,7891222121078,N
2100077580011,SOLEI GR PRE 105X15,79,79,77,76,46.94,0,-9,0,UN,,,,,68022300,2100077580011,N
2100077590010,CUNHA CORTAG NIVELAMENTO SLIM,32,32,31,30,18.73,18.73,9,0,PT100,,,,,39259090,2100077590010,N
2100077600016,ESPACADOR NIVELADOR SLIM 2.0 MM CORTAG,16.9,16.9,16.5,16,8.07,11.61,9,0,PT100,,,,,39259090,2100077600016,N
7898926059287,TORN SOCEL P/PIA 1/2 15CM BRANCA,6,6,6.5,7,2.48,1.94,21,0,PT12,,,,,84818019,7898926059287,N
7898572512013,MANGUEIRA P/GAS 1.20M,14.5,14.5,14,14,6.96,0,-10,0,PC1,,,,,39173900,7898572512013,N
2100077650011,KIT BANHEIRO LG 5 PECAS STANDER,55,55,55,55,33.52,31.25,0,0,UN,,,,,76152000,2100077650011,N
2100077660010,PORTA SHAMPOO CANTO LG LEQUE STANDER,48.5,48.5,49.5,50,28.86,26.91,0,0,UN,,,,,76152000,2100077660010,N
2100077670019,PORTA SHAMPOO RETO LG STANDER,46.9,46.9,47.5,48.9,27.7,25.55,-1,0,UN,,,,,76152000,2100077670019,N
2100077690017,"TORN LG BM 1198 C-70 1/4 V  LAV BCD 5/8""",69,69,72,75,41.89,39.9,0,0,UN,,,,,84818011,2100077690017,N
2100077700013,TORN LG MESA P/ LAVATORIO LUXO - ACAB.C-23,55,55,58,59,29.29,27.9,0,0,UN,,,,,84818011,2100077700013,N
2100077710012,VALVULA P/LAVATORIO CLICK OLIVEIRA,68,68,65,65,35.27,9.8,-3,0,UN,,,,,84818011,2100077710012,N
2100077720011,CIMENTO MONTES CLAROS 5OKG,51.9,51.9,49,49,39,0,-140,0,UN,,,,,25232910,2100077720011,N
7898011976680,BROCA CONCRETO THOMPSON 10MM LONGA,23.5,23.5,23,22,12.15,8.28,1,2,UN1,,,,,82075011,7898011976680,N
7899814302171,DOBRADICA MOV CURVA 26MM,5.9,5.9,6.5,6.8,2.25,0,-8,0,UN,,,,,83021000,7899814302171,N
7897208671223,PEDRA AFIAR DUPL FACE 8 MILLA,12,12,12.5,13,5.98,5.98,0,0,UN1,,,,,68043000,7897208671223,N
7897181961670,FURADEIRA IMP 3/8 550W 127V HAMMER,143,143,145,150,96.8,96.8,0,0,UN1,,,,,84672100,7897181961670,N
7891055092217,ROLO TEXTURA PINT ESP FINA 23CM S/CB CONDOR  -  REF 966,21.5,21.5,22,23,12.35,12.35,-1,0,UN1,,,,,96034010,7891055092217,N
2100077780015,BUCHA S-10 SFOR DRYWALL,0.6,0.6,0,0,0.15,0,0,0,UN,,,,,85183000,2100077780015,N
2100077790014,BUCHA S-06 SFOR DRYWALL,0.35,0.35,0.4,0.45,0.1,0,0,0,UN,,,,,85183000,2100077790014,N
7897937448530,ESPATULA MOMFORT ACO INOX 8CM,15.5,15.5,16,16.5,9.09,9.09,-1,0,UN,,,,,82055900,7897937448530,N
7897937448660,ESPATULA MOMFORT ACO INOX 12CM,17.9,17.9,18.9,19.5,10.6,10.6,0,0,UN,,,,,82055900,7897937448660,N
7897255911655,REJUNTE QUARTZOLIT BRANCO,12,12,0,0,105.9,7.06,-5,0,SC15,,,,,32149000,7897255911655,N
7898926059560,TORN SOCEL P/PIA 1/2 C/CHUVEIRO 15CM BRANCA,8.5,8.5,8.5,8,3.85,3.5,20,0,PT12,,,,,84818019,7898926059560,N
2100077840016,BUCHA S-05,0.15,0.15,0,0,0.02,0,-2,0,UN,,,,,85183000,2100077840016,N
2100077850015,PARAFUSO 4.8X65 CISER CHATO FENDA,0.6,0.6,0.65,0.7,0.2,0.25,-8,0,UN,,,,,73181500,2100077850015,N
2100077860014,PARAFUSO 3.5X48 CISER CHATO FENDA,0.35,0.35,0.4,0.45,0.1,0.25,-47,0,UN,,,,,73181500,2100077860014,N
2100077870013,"PARAFUSO 2,0X40 CISER CHATO FENDA",0.25,0.25,0.28,0.3,0.08,0.25,0,0,UN,,,,,73181500,2100077870013,N
2100077880012,"PARAFUSO 2,0X30 CISER CHATO FENDA",0.2,0.2,0.25,0.3,0.03,0.25,-23,0,UN,,,,,73181500,2100077880012,N
2100077890011,"PARAFUSO 1,5X40 CISER CHATO FENDA",0.22,0.22,0.25,0.3,0.08,0.25,0,0,UN,,,,,73181500,2100077890011,N
2100077900017,"PARAFUSO 1,0X10 CISER CHATO FENDA",0.09,0.09,0.1,0.12,0.01,0.25,0,0,UN,,,,,73181500,2100077900017,N
7898915993219,ESPUMA EXPANSIVA MUNDIAL 300ML 190G,19.9,19.9,19.5,19,9.9,1,-23,0,CD,,,,,35069120,7898915993219,N
2100077920015,PARAFUSO 4.8X50 CISER CHATO FENDA,0.6,0.6,0.7,0.8,0.2,0.25,-16,0,UN,,,,,73181500,2100077920015,N
7908147600158,"TINTA LUXPISO 3,0L AMARELO DEMARC",57,57,59,63,36.83,0,0,0,GL,,,,,32091010,7908147600158,N
7908147600691,"VERNIZ 3,6L CEREJEIRA",115,115,0,0,68.22,68.22,0,0,GL,,,,,32081010,7908147600691,N
7899796812934,"PRATELEIRA PARA MICROONDAS COR BRANCO 1,5X40X60CM",69,69,68,68,48.78,0,0,0,PC,,,,,94036000,7899796812934,N
7899796816710,NICHO LEVE DECORARE BRANCO - KIT 3 PECAS,73.9,73.9,75,78,44.5,40.37,0,0,UN,,,,,94036000,7899796816710,N
7899796817687,"NICHO SIMPLES ROSA QUARTZ 1,2X27X24,5X15CM (KIDS ME LEVE)",48.9,48.9,49.9,52,31.22,28.32,0,0,PC,,,,,94036000,7899796817687,N
7899796817496,"NICHO BRANCO 1,2X27X24,5X15CM (SIST. NICHOS ME LEVE)",48.9,48.9,49.9,52,31.22,28.32,-2,0,PC,,,,,94036000,7899796817496,N
7899796810565,"KIT 3 PRATELEIRAS BRANCAS 1,5X20X60CM SUPORTE BRANCO CONCEPT",69,69,72,75,40.37,40.37,0,0,UN,,,,,94036000,7899796810565,N
7899796816970,PRATELEIRA ROSA 40X20CM (KIDS ME LEVE),22.9,22.9,23.9,24.9,13.37,14.78,0,0,UN,,,,,94036000,7899796816970,N
7899796816987,PRATELEIRA ROSA 60X20CM (KIDS ME LEVE),33,33,32,32,21.17,16.45,0,0,UN,,,,,94036000,7899796816987,N
2100078110019,JAN ALUM 1X70 S/BAND,155,155,155,155,102.14,0,0,0,UN,,,,,76101000,2100078110019,N
7893537000222,ABRACAD U 4 ZINCADA INCA,5.8,5.8,6.5,6.9,2.97,2.97,0,0,PT,,,,,73269090,7893537000222,N
7898209280186,TARRAXA TUBO PVC  1    MEIKON   EN,59,59,61,63,33.44,33.44,0,0,UN,,,,,82074020,7898209280186,N
7898209280179,TARRAXA TUBO PVC   3/4 MEIKON   EN,35.5,35.5,35,34,19.92,0,0,0,UN,,,,,82074020,7898209280179,N
7898209280162,TARRAXA TUBO PVC   1/2 MEIKON   EN,32,32,31,30,15.91,15.91,3,0,UN,,,,,82074020,7898209280162,N
7899625000686,SUPORTE P/VARAO 28MM,14.5,14.5,14.5,14,8.77,5.87,-1,0,PR,,,,,39269090,7899625000686,N
7899017954368,TORN MAQ.LAV.C33 1/2  ROMAR,87,87,89,90,59.36,59.36,0,0,UN,,,,,84818019,7899017954368,N
7891222136799,SIFAO SANF ASTRA UNIV.CROMADO,32,32,30,28,15.98,22,-4,0,UN,,,,,39174090,7891222136799,N
7898940748792,OCULOS SEGUR.RJ CZA ANT.S.SAFETY,9,9,8.5,8.5,4.59,0.53,145,0,UN,,,,,90049020,7898940748792,N
7898255172947,OLHO MAGICO CROMADO.200O RINO,13.5,13.5,13,13,6.56,6.05,7,0,UN,,,,,83024900,7898255172947,N
2100078220015,GRELHA INOX 10CM S/CAIXILHO QUADRADA RF-07,14.5,14.5,14,14,5.75,0,-67,0,PC1,,,,,73249000,2100078220015,N
2100078230014,GRELHA INOX 10CM S/CAIXILHO REDONDA REF-06,14.5,14.5,14,13,5.56,0,-25,0,PC1,,,,,73249000,2100078230014,N
7897095044629,TRENA IRWIN C/TRAVA 05MT STANDARD,24.9,24.9,24,24,14.99,0,-22,0,PC1,,,,,90178010,7897095044629,N
2100078250012,ROLO LA 23CM NOVE54 S/CABO,10.5,10.5,10,10,5.17,0,-8,0,UN,,,,,96034010,2100078250012,N
2100078260011,PARAFUSO 3.5X16 CISER CHIPBOARD CH BCZ,0.22,0.22,0.2,0.15,0.05,0.05,-32,0,UN,,,,,73181200,2100078260011,N
2100078270010,PARAFUSO 3.5X25 CISER CHIPBOARD PH BCZ ROS INTEIRA,0.25,0.25,0.25,0.2,0.05,0,-96,0,UN,,,,,73181200,2100078270010,N
7892261092411,PARAFUSO CISER SEXT ZB E1/4 X 01 1/2 R.GROS INTEIRA,1.7,1.7,1.8,2,0.39,0.39,-8,0,UN,,,,,73181500,7892261092411,N
7892261092596,PARAFUSO CISER SEXT ZB 5/16 X 2 R.GROS INTEIRA,2.4,2.4,2.6,2.9,0.73,0.73,-2,0,UN,,,,,73181500,7892261092596,N
2100078300014,BLOCO CALHA 14,3.8,3.8,0,0,1.4,0,0,0,UN,,,,,68101100,2100078300014,N
27899674035664,DESENGRIPANTE CHEMICOLOR LUB 300ML,11.5,11.5,11,10.5,5.69,0,-20,0,UN,,,,,38249941,27899674035664,N
7891696040141,VERNIZ COPAL PREM 225ML INC UNIVERSO,19.5,19.5,19,18.5,11.61,0.73,-1,0,CX12,,,,,32081020,7891696040141,N
7898133950049,CONVERTEDOR FERRUGEM 1LITRO,47,47,45,45,28.45,0,-8,0,UN,,,,,32019090,7898133950049,N
7898958146269,TRANSFORMADOR 5000VA KF,248,248,239,239,153.47,245.55,4,1,UN,,,,,85043221,7898958146269,N
7899278975621,CABO 2.5MM MEGATRON FLEX,3.5,3.5,2.8,2.7,2.07,3.95,703,0,MT,,,,,85444900,7899278975621,N
7899278975423,CABO FLEX.  2.5MM PT.MEGATRON C100,189,189,199,210,123.92,2.88,500,0,RL,,,,,85444900,7899278975423,N
7898129330602,CERA AUTO LIQ.140G PRETA KHARIS,10.34,10.34,10.34,0,10.34,10.34,0,0,UN,,,,,34053000,7898129330602,N
7899206180233,PAQUIMETRO PLAS.2PC 6 E 3 BESTFE,23,23,22,21,10.84,0,1,0,UN,,,,,90173020,7899206180233,N
885911563536,PARAFUSADEIRA BLACKDECK 12V BAT.LD12S BI,299.9,299.9,320,329,216.33,216.33,0,0,UN,,,,,84672992,885911563536,N
7899791400358,"PAQUIMETRO ACO 150X0,02MM RINO",64,64,63,62,34.09,51.13,4,0,UN,,,,,90173020,7899791400358,N
2100078460015,ARIELLE CORONA BEGE 37.3X59.2,28.9,28.9,0,0,21,0,0,0,M2,,,,,69072200,2100078460015,N
751320032041,CLORO PASTILHA PISCINA 200G,13,13,13,13,6.5,9.18,20,0,PT1,,,,,38089419,751320032041,N
2100078480013,ASSENTO HERC ALMOF PRIME BRANCO,65,65,62,60,34.9,0,0,0,PC1,,,,,39222000,2100078480013,N
2100078500018,ESPACADOR NIVELADOR SLIM 1.5 MM CORTAG,16.9,16.9,16.5,16,8.35,14.07,22,0,PT100,,,,,39259090,2100078500018,N
2100078510017,LENTE PROT 51MM X 108 TONAL 10 PT,4.7,4.7,4.5,4.2,2.15,0,0,0,PC1,,,,,70049000,2100078510017,N
2890021720012,SERROTE 16 TRAMONTINA UTILITY,38.9,38.9,38,38,20.96,32.57,5,0,PC1,,,,,82021000,2890021720012,N
7891114001174,SERROTE 18 TRAMONTINA UTILITY,56,56,54,54,33.55,0,-1,0,PC1,,,,,82021000,7891114001174,N
7898543381266,TINTA SPRAY TEKBOND METALICO OURO,30.9,30.9,30,30,17.39,14.05,2,0,UN,,,,,32082019,7898543381266,N
2100078550013,VALVULA P/LAVATORIO PLASTICA,5.5,5.5,5.5,5,1.67,3.55,-18,0,PT12,,,,,39174090,2100078550013,N
7898059543912,REPARO HERC PARA REGISTRO,9.9,9.9,9.9,9.5,5.65,5.65,12,0,PT12,,,,,84819090,7898059543912,N
2100078580010,FECH HELA 2008 CR,68,68,65,62,35.89,14.55,11,0,UN,,,,,83014000,2100078580010,N
7908147603203,TINTA ESM LUXLAR 750ML AMARELO,29.9,29.9,29,28,18.2,0,0,0,LT,,,,,32081010,7908147603203,N
7908147600783,VERNIZ LUX 900ML CEREJEIRA,38,38,39,40,24.82,19.33,0,0,LT,,,,,32081010,7908147600783,N
2100078610014,ENGATE 60CM METAL,31,31,30,29,14.22,0,-6,0,UN,,,,,83079000,2100078610014,N
2100078620013,TORN OLIVEIRA 1167 BM PAREDE VENEZA PRETA/VERMELHA/CROM,129,129,125,125,74.36,31.73,-12,0,UN,,,,,84818011,2100078620013,N
57706912053766,FACAO DUCAMPO/ GAVILAN 12,26.5,26.5,26,26,13.82,0,-1,0,UN,,,,,82014000,57706912053766,N
57706912053773,FACAO DUCAMPO/ GAVILAN 14,28,28,29,30,14.23,11.37,-2,0,UN,,,,,82014000,57706912053773,N
57706912053780,FACAO DUCAMPO/ GAVILAN 16,30,30,29,28,15.61,15.61,0,0,UN,,,,,82014000,57706912053780,N
7899814300078,FECH JOMARCA GAVETA 31MM CHAVE FIXA REF 2186/2086,13,13,12.5,12,5.65,0,-1,0,UN1,,,,,83013000,7899814300078,N
7892183042471,PARAFUSO SEXT ROSC SOBER ZIN B 1/4X60 C/100 JOMARCA,1.3,1.3,1.4,1.5,0.46,0.46,-29,0,CX1,,,,,73181200,7892183042471,N
7897208673661,REBITE ALUM 4.0X12  MILLA,0.25,0.25,0.3,0.35,0.08,0.08,-88,0,PT1,,,,,76161000,7897208673661,N
7897208673685,REBITE ALUM 4.0X19,0.35,0.35,0.3,0.25,0.06,0.06,-84,0,PT1,,,,,76161000,7897208673685,N
7897208673715,REBITE ALUM 4.8X12  MILLA,0.4,0.4,0.45,0.5,0.12,0.12,-15,0,PT1,,,,,76161000,7897208673715,N
7897208673753,REBITE ALUM 4.8X30 MILLA,0.6,0.6,0.7,0.75,0.2,0.2,-70,0,PT1,,,,,76161000,7897208673753,N
7897208670172,PNEU P/CARRO DE MAO URIAH/TOAK/DURABEM 3.25X8,42,42,40,40,19.5,0,0,0,UN1,,,,,40118090,7897208670172,N
2100078740018,TINTA BRIVINIL PVA 15L,75,75,72,72,48.6,0,-8,0,UN,,,,,32091010,2100078740018,N
7896038107056,SILICONE 250G POLYSTIC,19.9,19.9,19.9,19.9,9.08,10.8,-12,0,UN,,,,,35061090,7896038107056,N
2100078760016,CHAVE COMBINADA 8MM TRAMONTINA,12.9,12.9,13.9,14.5,6.24,6.24,-2,0,UN,,,,,82041100,2100078760016,N
2100078770015,CHAVE TRAMONTINA FIXA 10 X 11 MM 41120/103,10,10,9.5,9,4.76,4.76,-2,0,UN,,,,,82041100,2100078770015,N
2100078780014,CHAVE TRAMONTINA FIXA 12 X 13 MM 41120/104,10.5,10.5,11,11.5,5.25,5.25,-1,0,UN,,,,,82041100,2100078780014,N
2100078790013,CHAVE TRAMONTINA FIXA 16 X 17 MM 41120/106,17,17,18,19,8.15,8.15,0,0,UN,,,,,82041100,2100078790013,N
2100078800019,MANGUEIRA PLASTMAN P JARDIM TRANC 15M,57,57,58.9,59.9,32.95,32.95,0,0,CJ1,,,,,39173900,2100078800019,N
2100078810018,SIFAO SANF SOCEL DUPLO,17.5,17.5,17,17,8.14,7.51,1,0,PC1,,,,,39174090,2100078810018,N
2100078820017,CAP 3/4 METAL,5,5,6,7,0.51,0,0,0,UN,,DIVERSOS,CONEXOES,AGUA,39174090,2100078820017,N
7892145000242,GRAMPEADOR TAPECEIRO 106 PREM ROCAMA,146,146,148,150,93.61,93.61,-1,0,UN1,,,,,84659400,7892145000242,N
7898011979612,GRAMPEADOR TAPECEIRO GUEPAR,69,69,66,65,33.9,19.72,-1,1,UN1,,,,,82055900,7898011979612,N
7898011979629,GRAMPO GRAMPEADOR TAPECEIRO 106/6 C/1000 THOMPSON  -  REF 1676,8.5,8.5,8,7.5,3.74,6.2,7,0,UN1,,,,,83052000,7898011979629,N
7892145000426,GRAMPO GRAMPEADOR TAPECEIRO 106/8 C/2500 ROCAMA(E) -  REF 27,21,21,20,20,13.44,13.44,0,0,UN1,,,,,83052000,7892145000426,N
7898011979636,GRAMPO GRAMPEADOR TAPECEIRO 106/8 C/1000 THOMPSON  -  REF 1677,9.5,9.5,9,8.5,4.57,8.03,10,0,UN1,,,,,83052000,7898011979636,N
7892321999841,MIOLO P/ FECHADURA ALIANCA EXT SOPRANO(E),37,37,38,39,21.28,21.28,-1,0,UN,,,,,83016000,7892321999841,N
7892145000419,GRAMPO GRAMPEADOR TAPECEIRO 106/6 C/3500 ROCAMA(E) -  REF 26,21,21,20,20,13.44,13.44,-2,0,UN1,,,,,83052000,7892145000419,N
2100078900016,"PIA FIBRALEVE 1,20 RESINADA INOX",289,289,0,0,0,0,0,0,UN,,,,,85183000,2100078900016,N
7898087580811,PORTA CADEADO SILVANA 2.1/2 ZINC,5.9,5.9,5.5,5.5,2.17,2.17,24,0,UN,,,,,83021000,7898087580811,N
7899389060803,ROLO LA 23CM CONDOR C/C ECO A.RESP,21,21,20,19.5,10.7,12.18,38,0,UN,,,,,96034010,7899389060803,N
7898372750172,"REBITE POP 4,0X12=AA412 DURALYT",0.2,0.2,0.25,0.3,0.05,0.05,-72,0,UN,,,,,83082000,7898372750172,N
7892183072867,"REBITE POP 4,8X25=AA525 MACICO",0.35,0.35,0.4,0.5,0.13,0.14,-69,0,UN,,,,,83082000,7892183072867,N
7898011979056,FITA ISOLANT AM 10MX19MM THOMP,4,4,4.5,5,2.08,2.08,0,0,UN,,,,,39191020,7898011979056,N
7898011979049,FITA ISOLANT AZ 10MX19MM THOMP,4,4,4.5,5,2.08,2.08,0,0,PT,,,,,39191020,7898011979049,N
7898011979070,FITA ISOLANT VD 10MX19MM THOMP,4,4,4.5,5,2.08,2.08,0,0,UN,,,,,39191020,7898011979070,N
7898011979063,FITA ISOLANTE 10M COLORIDA THOMPSON,5,5,5,4.5,2.41,4.55,38,0,UN,,,,,39191020,7898011979063,N
7898011977168,CONECTOR PORCELANA TRIP 6MM THOMP,4.5,4.5,5,5.5,1.93,1.93,0,0,CX,,,,,85369010,7898011977168,N
7897208673838,MARTELO TENACE 25MM CB MAD,29.9,29.9,29,29,17.33,14.1,0,0,UN1,,,,,82052000,7897208673838,N
7897208671209,MARTELO TENACE 27MM CB MAD,33,33,33,32,18.94,15.06,0,0,UN1,,,,,82052000,7897208671209,N
7892327008820,FECH SOPRANO PERFIL EXT.SER.INX20MM,79,79,75,74,44.75,36.11,5,0,UN,,,,,83014000,7892327008820,N
7898586130357,CABO COAXIAL ANTENA.RGC59 67%,2.35,2.35,2.3,2.2,1.22,0,-374,0,MT,,,,,85442000,7898586130357,N
7891738445750,PREGO 10X10 S/C 7/8X17,7,7,4.5,4,2.68,0,-54.06,0,GR,,,,,73170090,7891738445750,N
2100079070015,PREGO GERDAU 12X12 S/C 1X16,4.5,4.5,5,6,1.89,18.9,-34,0,GR,,,,,73170090,2100079070015,N
7898961398105,CABO 2.5MM CONDUSCABOS FLEX,3.5,3.5,2.8,2.7,2.08,208.34,-3977,0,MT,,,,,85444900,7898961398105,N
2100079100019,RAVELLO NATURALE BIANCO CX2.00,29.99,29.99,26.99,26.99,20,0,-6,0,M2,,,,,69072200,2100079100019,N
2100079110018,PUXADOR H CROM 45CM,75,75,70,70,42.75,0,0,0,UN,,,,,82159910,2100079110018,N
2100079120017,FECH STAM PIVOTANTE,98,98,0,0,60.02,60.02,0,0,UN,,,,,83014000,2100079120017,N
2100079130016,CAIXA PASSAGEM ILUMI 20X20 EMB,37.5,37.5,37,36,21.9,0,-3,0,UN,,,,,39259090,2100079130016,N
2100079140015,"ARIELLE CAMPINA CX 2,62M2",26.99,26.99,27.99,28.99,20,0,-20.96,0,M2,,,,,69072200,2100079140015,N
2100079150014,"ARIELLE GRETNA RETIF 53,4X53,4",29.99,29.99,27.99,0,20,0,-3.3,0,M2,,,,,69072200,2100079150014,N
2100079160013,"RAVELLO TRAVERTINO CX2,00M2",27.99,27.99,0,0,19.9,0,0,0,M2,,,,,69072200,2100079160013,N
2100079170012,DISCO ROMA DE BORRACHA 4.1/2,17.5,17.5,18,19,7.1,12.09,-3,0,PC1,,,,,84679900,2100079170012,N
2100079180011,DISCO ROMA DE BORRACHA 7,26,26,27,28,11.73,0.41,0,0,PC1,,,,,84679900,2100079180011,N
7898969329095,EXTENSAO JETCON 02X75MM 05M -  REF EX5PL,21,21,20,20,10.98,0,0,0,UN1,,,,,85444900,7898969329095,N
7892183064220,PARAFUSO SEXT ROSC INT ZIN A 1/4X3/4  JOMARCA,0.7,0.7,0.8,0.9,0.18,0.18,-9,0,UN,,,,,73181500,7892183064220,N
7897208691399,REGISTRO GAVETA MET A 1/2 MILLA  -  REF AM80205.012,36,36,37,38,21.01,21.01,-1,0,UN1,,,,,84818093,7897208691399,N
7898935073021,VELA P/ FILTRO CARVAO ATIV SAO JOAO,19.9,19.9,19.9,19,10.7,13.99,11,0,UN1,,,,,69120000,7898935073021,N
7897937448400,CAVADOR ARTIC MOMFORT 140CM CB MAD  -  REF 909140,57,57,58,0,31.55,31.55,-1,0,UN,,,,,82019000,7897937448400,N
2100079280018,FECH HELA DE SEGURANCA,65,65,0,0,48,0,0,0,UN,,,,,83014000,2100079280018,N
2100079290017,"ZARCAO 3,6L GALVOMAX GALV BR",125,125,0,0,80,0,0,0,UN,,,,,32081010,2100079290017,N
7898290169018,MIOLO P/FECHADURA HELA CIL. BELGICA/COIMB CR,29.9,29.9,32,34,12.69,5.93,0,0,UN,,,,,83016000,7898290169018,N
7898290165751,MIOLO P/FECHADURA HELA CIL. MONOBLOCO CR,29.9,29.9,32,34,12.69,8.47,0,0,UN,,,,,83016000,7898290165751,N
7898290171585,FECH HELA 1012 PORTA  ENROLAR S/ESPELHO TETRA,72,72,69,65,38.13,17.82,-1,0,UN,,,,,83014000,7898290171585,N
7898290160091,FECH HELA 2001/01 EXT LONDRES LO,108,108,105,100,58.32,25.36,-1,0,UN,,,,,83014000,7898290160091,N
7898290160398,FECH HELA 2002/07 EXT MADRID CR,75,75,72,67,42.04,25.76,-1,0,UN,,,,,83014000,7898290160398,N
7898290162149,FECH HELA 2002/07 EXT MADRID GR,75,75,72,67,41.49,0,-2,0,UN,,,,,83014000,7898290162149,N
7898290161968,FECH HELA 2002/07 EXT MADRID LO,81,81,77,73,45.23,29.68,3,0,UN,,,,,83014000,7898290161968,N
7898290168165,FECH HELA 2002/09 EXT MADRID LO,76,76,74,72,41.1,12.65,3,0,UN,,,,,83014000,7898290168165,N
7898290167953,FECH HELA 2002/09 EXT MADRID CR,68,68,65,62,38.47,15.29,4,0,UN,,,,,83014000,7898290167953,N
7898290168073,FECH HELA 2002/09 INT MADRID CR,54,54,52,50,30.29,11.96,2,0,UN,,,,,83014000,7898290168073,N
7898290169629,FECH HELA 2002/09 INT MADRID GR,52,52,50,47.5,27.86,12.93,4,0,UN,,,,,83014000,7898290169629,N
7898290168318,FECH HELA 2002/09 INT MADRID LO,64,64,62,59,34.02,15.79,2,0,UN,,,,,83014000,7898290168318,N
7898290165744,FECH HELA 2002/10 EXT MADRID CR,77,77,75,70,41.34,19.18,1,0,UN,,,,,83014000,7898290165744,N
7898290165690,FECH HELA 2002/10 EXT MADRID LO,78,78,80,82,44.46,10.23,1,0,UN,,,,,83014000,7898290165690,N
7898290194416,FECH HELA 2002/15 EXT MADRID CR,78,78,74,70,41.34,0,-5,0,UN,,,,,83014000,7898290194416,N
7898290194430,FECH HELA 2002/15 EXT MADRID LO,83,83,80,77,44.46,20.62,3,0,UN,,,,,83014000,7898290194430,N
7898290171608,FECH HELA 2005/08 EXT NAPOLES LO,149.9,149.9,145,140,82.92,24.1,0,2,UN,,,,,83014000,7898290171608,N
7898290160558,FECH HELA 2006/09 BELGICA CR PERFIL,61,61,58.9,55,32.24,13.59,6,0,UN,,,,,83014000,7898290160558,N
7898290190913,FECH HELA 2013 PORTA  DE CORRER CR,49.9,49.9,48,46,25.55,0,-2,0,UN,,,,,83014000,7898290190913,N
7898290104170,FECH HELA 2019/15 EXT ITALIA CR40MM,112.9,112.9,110,105,61.69,28.62,3,0,UN,,,,,83014000,7898290104170,N
7898290105498,FECH HELA 2023 PORTA  CORRER BR ROS.RED,79,79,77,75,41.62,19.45,0,0,UN,,,,,83014000,7898290105498,N
7898290192139,CEPO PARA GONDOLA,3.28,3.28,3.28,0,3.28,6.09,0,0,UN,,,,,94032090,7898290192139,N
2100079520015,BASC ALUMINIO 60X80 2 ARTICULA,112,112,115,119,70,0,0,0,UN,,,,,76101000,2100079520015,N
7891222358726,KIT FIXACAO ASTRA ASSENTO E SOPRADO,16.5,16.5,16,15.5,8.58,8.58,0,0,UN,,,,,39269090,7891222358726,N
7891222386071,MEC.COMPLETO UNIVERSAL POP,99,99,96,95,61.48,0,0,0,UN,,,,,39229000,7891222386071,N
7891222043745,BOLSA DE VEDACAO P/SAIDA DAGUA,18.5,18.5,18,17,9.69,8.06,14,0,UN,,,,,39229000,7891222043745,N
7891222326824,BOTAO ACIONAMENTO SUPERIOR ASTRA/CENSI BRANCO,27.9,27.9,27,26,14.03,9.43,9,0,UN,,,,,39229000,7891222326824,N
7891222051214,BOTAO ACIONAMENTO SUPERIOR CROMADO MB,32,32,30,30,15.98,16.39,0,0,UN,,,,,39229000,7891222051214,N
7891222043448,CONJUNTO FIXACAO P/CAIXA ACOPLADA ASTRA,15,15,16,18,7.57,6.76,0,0,UN,,,,,39229000,7891222043448,N
7898039262581,LUMINARIA NITROLUX EMB QD 12W,23,23,23,22,12.92,9.57,37,0,UN,,,,,94051190,7898039262581,N
7898039262451,LUMINARIA NITROLUX SOB QD 12W,23.5,23.5,23,22,10.72,11.88,-8,0,UN,,,,,94051190,7898039262451,N
7896688171643,LUMINARIA SOB QD 18W,27.9,27.9,27,27,14.75,11.29,40,0,UN,,,,,94051190,7896688171643,N
7898039270074,LUMINARIA NITROLUX EMB QD 18W,19.9,19.9,19.9,19,10.37,7.74,30,0,UN,,,,,94051190,7898039270074,N
7898039262420,LUMINARIA NITROLUX SOB QD 24W,39,39,38,37,21.53,16.84,50,0,UN,,,,,94051190,7898039262420,N
7898039262598,LUMINARIA EMB QD 24W,32,32,30,29,13.72,15.7,42,0,UN,,,,,94051190,7898039262598,N
7896688221355,FITA LED 2835 12V 5M RGB S/ DRIVER,45,45,46,47,25.58,23.31,0,0,UN,,,,,94054200,7896688221355,N
7896688221553,CONTROLADOR+CONTROLE FITA LED 2835 RGB 12V,17.9,17.9,19,20,8.79,8.01,0,0,UN,,,,,85437099,7896688221553,N
7896688221522,FONTE P/FITA 12V 2A,15,15,16,17,8.79,8.01,-2,0,UN,,,,,94054900,7896688221522,N
2100079710010,VALVULA P/LAVATORIO KRONA V9,9.5,9.5,9,8.5,4.7,4.81,13,0,UN,,,,,39174090,2100079710010,N
2100079720019,ARIELLE DOVER BRANCO CX 2.43M2,31.99,31.99,29.99,29.99,20,0,-102.06,0,M2,,,,,69072200,2100079720019,N
2100079730018,"ARIELLE CORDOVA CX 2,62M2",24.99,24.99,24.5,24.5,20,0,-22.82,0,M2,,,,,69072200,2100079730018,N
2100079740017,RAVELLO TERRAZZO BEIGE,27.99,27.99,0,0,0,0,-36.54,0,M2,,,,,69072200,2100079740017,N
7898087581412,DOBRADICA SILVANA 31/2,6.9,6.9,6.5,6.5,2.83,0,0,0,UN,,,,,83021000,7898087581412,N
7898185821335,MATA BARATA GEL KAOCID 10G,14.5,14.5,14.5,14.5,8.45,0,-2,0,UN,,,,,38089119,7898185821335,N
7898422183448,"DOBRADICA SCHILD GALV.2,5",2.5,2.5,2.8,3.5,1.05,1.05,0,0,PT,,,,,83021000,7898422183448,N
7890217030357,"MANGUEIRA FLEX.DUCHA MET.1,2M CIVIT",41.5,41.5,42,44,23.42,23.42,0,0,UN,,,,,39173100,7890217030357,N
7899747700730,"DOBRADICA SCHILD COLON.3,5 C/ANEL C3",38,38,37,36,21.93,0,0,0,CT,,,,,83021000,7899747700730,N
7893308003773,JUNCAO Y METAL FILTRO 1/2 GARDEN,24.9,24.9,24,24,15.61,15.61,3,0,UN,,,,,79070090,7893308003773,N
7896451868640,RESISTENCIA LORENZETTI 220V (ULTRA MAXI),29,29,29,29,18.76,28.17,-2,0,UN,,,,,85168010,7896451868640,N
7899612795625,ALICATE PRESSAO 10  PRATIK,37.9,37.9,37,36,19.88,23.21,6,0,UN,,,,,82032010,7899612795625,N
7890217035314,REG ESFERA MET.MAQ LAV OLIVEIRA,29,29,28,28,15.62,22.95,-26,0,UN,,,,,84818019,7890217035314,N
7896094501935,FIXA CUBA/ESPELHO 360G GARIN,34,34,33,34,17.39,0,-1,0,UN,,,,,35061090,7896094501935,N
7898551452125,CAIXA CORREIO ACO GRADE POPULAR COLONIAL,69,69,67,66,42.66,42.66,-1,0,UN,,,,,73269090,7898551452125,N
2100079860012,"ARIELLE LIGNUM CX 2,62M2",28.99,28.99,0,0,20,0,0,0,M2,,,,,69072200,2100079860012,N
27891114011078,CHAVE TRAMONTINA PHILIPS 3/16 X 4,9.9,9.9,9.9,9.9,5.04,7.26,18,0,UN,,,,,82054000,27891114011078,N
17898011978506,CHAVE TESTE DIGITAL THOMPSON,10.5,10.5,10,10,5.43,8.9,26,0,UN,,,,,90303390,17898011978506,N
7898003448928,CHUVEIRO REBOUCAS CROM 7 C/ BRACO S/ REG  REF HCR3N,37,37,39,40,20.52,20.52,-1,0,UN1,,,,,39229000,7898003448928,N
7896411439859,LINHA PESCA BCA 100M 035 EQUIPESCA(E) -  REF 047004,5.5,5.5,5,5,2.19,3,26,0,UN,,,,,54041990,7896411439859,N
7898550250357,BOIA BLUKIT S/FLANGE 3/4 - 1/2 VAZAO TOTAL,79,79,76,76,50.7,0,0,0,PC1,,,,,84818099,7898550250357,N
2100079920013,PUXADOR H CROM 60CM,115,115,110,105,65.55,0,0,0,UN,,,,,82159910,2100079920013,N
2100079930012,PUXADOR CHATO 45CM,139,139,135,130,84.55,0,0,0,UN,,,,,82159910,2100079930012,N
2100079940011,PUXADOR CHATO 60CM,175,175,170,165,103.55,0,0,0,UN,,,,,82159910,2100079940011,N
2100079950010,PUXADOR CHATO 80CM,210,210,215,220,139,0,0,0,UN,,,,,82159910,2100079950010,N
2100079960019,PUXADOR H CROM 80CM,139,139,135,130,78,0,0,0,UN,,,,,82159910,2100079960019,N
2100079970018,"ARIELLE FLORENCE CX 2,62M2",28.5,28.5,0,0,20,0,-2.79,0,M2,,,,,69072200,2100079970018,N
2100080000018,BOINA ROMA DE POLIMENTO 5 POLEGADA 127 MM,14.5,14.5,15.5,16,7.26,7.26,-1,0,PC1,,,,,96039000,2100080000018,N
2100080010017,BOINA ROMA DE POLIMENTO 8 POLEGADA 203 MM,26,26,27,28,14.59,14.59,0,0,PC1,,,,,96039000,2100080010017,N
27891114131608,LAPIS TRAMONTINA P/ CARPINTEIRO 40 PCS,3,3,2.8,2.8,1.24,0.72,-15,0,UN,,,,,96091000,27891114131608,N
2100080030015,CHAVE GUEPAR COMBINADA 8PC 9MM A 17MM JOGO,55,55,56,60,33.79,33.79,0,0,JG1,,,,,82041100,2100080030015,N
7896380102761,BALDE C/ ESCORREDOR 9L,37,37,35,34,20.15,17.69,0,0,PC,,,,,39249000,7896380102761,N
7896380102754,MOP ESFREGAO ALGODAO,22,22,21,20,12.97,12.13,-1,0,PC,,,,,96039000,7896380102754,N
7896380125531,PINCEL ARTISTICO REDONDO LONGO 8,4.5,4.5,5,5.5,1.8,1.57,-3,0,PC,,,,,96033000,7896380125531,N
7896380125548,PINCEL ARTISTICO REDONDO LONGO 10,4.9,4.9,5.5,5.8,1.97,1.72,-1,0,PC,,,,,96033000,7896380125548,N
7896380125555,PINCEL ARTISTICO REDONDO LONGO 12,5.5,5.5,6,6.5,2.21,1.93,-4,0,PC,,,,,96033000,7896380125555,N
7896380154098,CONJ DE PINTURA PRATICO 3 PCS ATLAS,22.9,22.9,24,25,13.01,12.16,0,0,PC,,,,,96034010,7896380154098,N
7896003897067,GRELHA DE INOX PARA PIA PREMIUM 9CM,10,10,10,10,5.21,5.98,8,0,PC,,,,,73269090,7896003897067,N
7896380190850,"ESPATULA ATLAS PLASTICA 4,5CM",2.3,2.3,2.5,2.6,0.89,0.76,-9,0,PC,,,,,39269090,7896380190850,N
2100080130012,CHAVE TRAMONTINA PHILIPS 1/8 X 5,9.5,9.5,9.5,9,5.27,5.27,3,0,UN,,,,,82054000,2100080130012,N
2100080140011,"TINTA IQUINE BASE AGUA 3,6L BRANCO NEVE",170,170,175,179,100.99,0,0,0,GL,,,,,32091010,2100080140011,N
2100080150010,"TINTA TOPA TUDO BASE AGUA 3,6L BRANCO NEVE",170,170,175,179,100.99,0,0,0,GL,,,,,32091010,2100080150010,N
2100080170018,ADUELA MISTA 15CM,195,195,195,195,0,0,-4,0,UN,,,,,85183000,2100080170018,N
2100080180017,TOMADA TRAMONTINA ARIA 20A,8.5,8.5,8.5,8,4.3,5.32,-38,0,PC,,,,,85366910,2100080180017,N
7908147603623,"TINTA LUXGESSO BRANCO 3,6L",52.9,52.9,55,58,33.6,27.15,-2,0,GL,,,,,32091010,7908147603623,N
7908147600875,ZARCAO 750ML LUX,28.9,28.9,27,26,16.7,0,-1,0,LT,,,,,32081010,7908147600875,N
7893858350440,FECH STAM 803/02 FX ESP OXIDADO EXT,129,129,125,122,78.03,0,2,0,PC,,,,,83014000,7893858350440,N
7893858404440,FECH STAM 823/33 WC OXIDADO BANHEIRO,65,65,65,65,34.62,34.62,0,0,PC,,,,,83014000,7893858404440,N
7893858335577,FECH STAM 1601/08 FX - ESP. LARGO INOX,193,193,188,187,120.08,49.93,2,0,PC,,,,,83014000,7893858335577,N
7893858389969,FECH STAM 803 T. ROLETE RQ1 INOX,88,88,85,84,50.47,0,0,0,UN,,,,,83014000,7893858389969,N
2100080260016,CADEADO STAM 25MM,21.5,21.5,21,21,12.42,12.42,32,0,UN,,,,,83011000,2100080260016,N
7893858002066,CADEADO STAM 30MM,24,24,23,23,14.49,17.15,24,0,PC,,,,,83011000,7893858002066,N
7893858915175,CADEADO STAM SEGR. 20 MM LIFE COLORS - ROSA - ENC.,23,23,24,25,14.17,11.97,-1,0,PC,,,,,83011000,7893858915175,N
7893858915137,CADEADO STAM SEGR. 20 MM LIFE COLORS - AZUL - ENC.,23,23,24,25,14.17,11.97,0,0,PC,,,,,83011000,7893858915137,N
7893858565110,CADEADO STAM SEGR. 20 MM LIFE COLORS - PRETO FOSCO - ENC.,23,23,24,25,14.17,11.97,0,0,PC,,,,,83011000,7893858565110,N
7896688191009,LUMINARIA SLIM 18W 6500K METAL,26,26,25,25,13.8,10.79,15,0,UN,,,,,94051190,7896688191009,N
7896688191016,LUMINARIA SLIM 36W 6500K METAL,29.99,29.99,29,29,12.4,23.26,-7,0,UN,,,,,94051190,7896688191016,N
2100080340015,TORN OLIVEIRA 1193 C-23 ABS,49,49,48,48,30.75,8.91,-7,0,UN,,,,,84818011,2100080340015,N
2100080350014,TORN OLIVEIRA 1168 C-70 BM MESA CANO GOURMET VENEZ,132,132,128,128,78.69,22.77,-14,0,UN,,,,,84818011,2100080350014,N
2100080360013,SALVA REGISTRO 10X1 OLIVEIRA,61.9,61.9,60,58,29.9,11.88,-76,6,UN,,,,,84819090,2100080360013,N
2100080370012,KIT BANHEIRO OLIVEIRA STANDARD,68,68,67,65,39,10.89,-21,0,UN,,,,,76152000,2100080370012,N
2100080380011,TORN OLIVEIRA LAVATORIO SOFT MONO UP CROMADO,44.9,44.9,44,44,27.66,7.92,-17,0,UN,,,,,84818011,2100080380011,N
2100080390010,TORN OLIVEIRA 1198 BM LAVATORIO C-70 1/4 VOLTA,62,62,60,60,34.9,13.53,-38,0,UN,,,,,84818011,2100080390010,N
2100080400016,TORN OLIVEIRA MAQ.LAV.1428 C-31 SOFT,48,48,47,46,27.78,16.17,-20,0,UN,,,,,84818011,2100080400016,N
2100080410015,TORN OLIVEIRA MAQ.LAV.1428 C-23/31/33 METAL,74,74,73,72,43.87,7.92,-26,0,UN,,,,,84818011,2100080410015,N
2100080420014,TORN OLIVEIRA 1198 BM LAVATORIO C-31 1/4 VOLTA,69,69,72,75,41,13.53,-3,0,UN,,,,,84818011,2100080420014,N
2100080430013,TORN OLIVEIRA 1194 AUTOMATICA,120,120,115,112,59,23.43,-2,0,UN,,,,,84818011,2100080430013,N
2100080440012,FILTRO OLIVEIRA 2168/2170 ABS CANO GOURMET C-70 1/4 VOLTA,225,225,215,210,126.74,47.19,-10,0,UN,,,,,84212100,2100080440012,N
2100080450011,FILTRO OLIVEIRA 2167 ABS C-70 CANO GOURMET 1/4 VOLTA,219,219,210,205,125,47.19,-5,0,UN,,,,,84212100,2100080450011,N
7898100073078,SIFAO SANF SOCEL/GRAP.UNIV.BCO,8,8,7.5,7,2.85,0,-85,0,UN,,,,,39174090,7898100073078,N
37898542002576,CANALETA C/FITA ILUMI 2MT,10.5,10.5,10,9.5,5.77,0,-21,0,UN,,,,,39162000,37898542002576,N
47896785450786,OLEO P/MAQUINA SINGER 100ML,8.5,8.5,8.5,8.5,5.24,0.32,846,6,UN,,,,,27101931,47896785450786,N
47897560712976,TINTA ESM UNIVERSO 0.1125L BRANCA,9.5,9.5,9,9,5.91,8.94,26,0,UN,,,,,32081010,47897560712976,N
17898159800066,FITA VEDA ROSCA 18MMX10M,3.5,3.5,3,3,1.08,0.32,-142,0,UN,,,,,39211900,17898159800066,N
7898515550836,MANTA HIPERFITA 10CM,3.5,3.5,3.2,2.7,1.36,1.36,47,0,RL,,,,,68071000,7898515550836,N
7890428026156,AUTOMATICO BOIA SUP/INF 15AMP,48.5,48.5,47,47,24.74,34.37,4,0,UN,,,,,90261029,7890428026156,N
2100080540019,MANTA VEDATUDO 20CM,7,7,5.2,5,2.98,4.53,66.2,0,MT,,,,,68071000,2100080540019,N
2100080550018,TOMADA TRAMONTINA ARIA 10A DUPLA,13.5,13.5,13,12.5,7.25,8.92,26,0,PC,,,,,85366910,2100080550018,N
17896525087691,BROCA ACO RAPIDO 1/16 IRWIN,9.5,9.5,9,9,5.19,1.66,-1,0,PT10,,,,,82075011,17896525087691,N
2100080570016,CHUVEIRO HYDRA 4T,65,65,68,70,38,99.82,0,0,PC,,,,,85161000,2100080570016,N
7908155403352,VARAL ALUM CHAO C/ABA 186X56 BOTAFOG,184,184,178,175,118.32,118.32,0,0,UN,,,,,76151000,7908155403352,N
2100080610019,TORN HIDRAPLUS COZ PAREDE BR/PTA 1168,39,39,0,0,22,0,0,0,UN,,,,,84818019,2100080610019,N
7898089528149,TORQUES CARPINTEIRO 8  SAO ROMAO,25.5,25.5,25,24,14.67,7.42,4,0,UN,,,,,82032090,7898089528149,N
7898105776868,CHAVE INGLESA 10 AJUSTAV.FOXLUX,55,55,54,53,31.79,0,0,0,UN,,,,,82041200,7898105776868,N
7898105776875,CHAVE INGLESA 12 AJUSTAV.FAMAS/FOX,75,75,72,70,48.71,48.71,0,0,UN,,,,,82041200,7898105776875,N
7898246050513,RELE FOTO ELETRICO EXT.BIV.QUALITR,28.9,28.9,28,28,14.79,0,-1,0,UN,,,,,85364900,7898246050513,N
7898489750591,GANCHO GALV 06 C/BUCHA,0.7,0.7,0.65,0.6,0.21,0.28,322,0,PT100,,,,,73181300,7898489750591,N
7898489750607,GANCHO GALV 08 C/BUCHA,1.2,1.2,1,1,0.41,0.32,129,0,PT100,,,,,73181300,7898489750607,N
7898489750614,GANCHO GALV 10 C/ BUCHA WS  -  REF 2070005,1.85,1.85,1.8,1.75,0.49,0.47,96,0,PT100,,,,,73181300,7898489750614,N
2100080690011,ARIELLE FLORIDA BEIGE 37.3X59.2 CX2.43,30.99,30.99,28.99,28.99,20,0,-24.3,0,M2,,,,,69072200,2100080690011,N
7898322640027,PINO FEMEA 10A 2P+T,5,5,5,5,2.2,2.43,29,0,UN,,,,,85369090,7898322640027,N
27898293080024,SODA CAUSTICA ESCAMA 500G,15.5,15.5,15.5,15,8.9,0,-5,0,UN,,,,,28151100,27898293080024,N
7898293080082,SODA CAUSTICA ESCAMA 1KG LIPON  -  REF 210751,23.5,23.5,23,22,14.78,14.78,0,0,UN,,,,,28151100,7898293080082,N
7898641100745,REG ESFERA 20MM REBOUCAS,8.8,8.8,8.5,8,3.95,2.51,15,0,UN,,,,,84818095,7898641100745,N
7898572511993,"MANGUEIRA P/GAS 0,80M ARQUA",12,12,11,11,5.82,5.82,-1,0,PC1,,,,,39173900,7898572511993,N
2100080750012,RALINHO ESPECIAL PEQ,3.5,3.5,3.5,3,1.81,1.59,11,0,UN,,,,,96040000,2100080750012,N
7899717102502,BOTINA N39,60,60,60,60,28.99,0,-2,0,PR1,,,,,64039990,7899717102502,N
2100080770010,ESPACADOR NIVELADOR SLIM 1.0MM AZUL,16.9,16.9,16.5,16.5,10.63,13.3,3,0,UN,,,,,39259090,2100080770010,N
2100080780019,TOMADA TRAMONTINA ARIA 10A,6.5,6.5,6.5,6,3.67,5.9,21,0,UN,,,,,85366910,2100080780019,N
2100080790018,ARIELLE PRESTON 54X54 CX2.62,30.99,30.99,27.99,27.99,20,0,-28.81,0,M2,,,,,69072200,2100080790018,N
27897013589168,LAMPADA NITROLUX LED T 18W TUBULAR,16,16,15.5,15,8.81,11.02,0,0,UN,,,,,85395200,27897013589168,N
7897255921623,REJUNTE QUARTZOLIT ACRIL.1KG CINZA,49.9,49.9,49,49,31.83,16.56,2,0,UN,,,,,32149000,7897255921623,N
7897255921548,REJUNTE QUARTZOLIT ACRIL.1KG BRANCO,49.9,49.9,49,49,31.83,0,-2,0,UN,,,,,32149000,7897255921548,N
7898010802133,REG VIQUA MAQ.LAVAR 1/4 MARUJA BR,21,21,20,20,11.87,19.4,28,0,UN,,,,,84818019,7898010802133,N
7899278900616,FILTRO LINHA MEGATRON C/4 TOMADAS,29.9,29.9,29.9,29.9,16.36,9.68,-1,0,UN,,,,,85363090,7899278900616,N
088381178587,BROCA MADE 3 PONTAS 03MM CORTAG,5,5,4.5,4.5,1.86,3.38,-3,0,UN,,,,,82075011,088381178587,N
088381178600,BROCA MADE 3 PONTAS 05MM MAKITA,9.5,9.5,9,8.5,4.88,4.88,0,0,UN,,,,,82075011,088381178600,N
088381178631,BROCA MADE 3 PONTAS 08MM CORTAG,9,9,8.5,8,3.74,0,-3,0,UN,,,,,82075011,088381178631,N
088381178594,BROCA MADE 3 PONTAS 04MM CORTAG,5.8,5.8,5.5,5,2.07,4.1,-1,0,UN,,,,,82075011,088381178594,N
088381178617,BROCA MADE 3 PONTAS 06MM CORTAG,7,7,6.5,6.5,2.72,0,-3,0,UN,,,,,82075011,088381178617,N
7892183031376,"PARAFUSO 4,0X50 CHIP JOMARCA",0.45,0.45,0.4,0.35,0.1,0.1,-18,0,UN,,,,,73181200,7892183031376,N
7892183031468,"PARAFUSO 4,5X50 CHIP JOMARCA",0.5,0.5,0.45,0.4,0.12,0.12,-20,0,UN,,,,,73181200,7892183031468,N
7892183056058,"PARAFUSO 6,0X40 CHIP JOMARCA",0.65,0.65,0.6,0.6,0.17,0.17,-23,0,UN,,,,,73181200,7892183056058,N
7892183056119,"PARAFUSO 6,0X60 CHIP JOMARCA",0.95,0.95,0.9,0.8,0.21,0,-12,0,UN,,,,,73181200,7892183056119,N
7908412511813,DISJUNTOR UNIP 40A ELGIN,11,11,10,10,5.26,0.54,726,0,UN,,,,,85362000,7908412511813,N
7898011979957,CHAVE THOMPSON PHILLIPS 1/4X8,12.5,12.5,12,12,7.5,6.07,3,0,UN,,,,,82054000,7898011979957,N
7892183031536,"PARAFUSO 5,0X50 CHIP JOMARCA",0.6,0.6,0.55,0.45,0.14,0.14,-2,0,UN,,,,,73181200,7892183031536,N
7899278900319,FILTRO LINHA MEGATRON C/5 TOMADAS,35.9,35.9,35,34,19.87,17.76,8,0,UN,,,,,85363090,7899278900319,N
7898641101711,TORN MAQ.LAV.C/REG.BC REBOUCAS,19,19,18.5,18,10.05,10.05,0,0,UN,,,,,84818019,7898641101711,N
7898488433204,CAMPAINHA CIGARRA EMB,24.5,24.5,23.5,23,13.26,0,0,0,UN1,,,,,85318000,7898488433204,N
7896785352310,COLA P/ FERRO SIKADUR 1KG EPOXI TIX SIK,89,89,87,86,58.27,58.27,0,0,UN1,,,,,32141010,7896785352310,N
7893853209606,FERROLHO ZIN RED 6 LOTH  -  REF 20960,9.9,9.9,9.5,9,4.66,4.66,-2,0,PT12,,,,,83014000,7893853209606,N
7891696012087,TINTA ESM EUCALAR 225ML PRETO,17,17,17,17,10.19,13.01,15,0,UN,,,,,32081010,7891696012087,N
7891696011875,TINTA ESM UNIVERSO 0.1125L PRETO,9.8,9.8,9.5,9.5,6.02,9.56,26,0,UN,,,,,32081010,7891696011875,N
7899747700044,DOBRADICA SCHILD COLON 3.1/2 2CAB C/3 REF 1584,29.9,29.9,29,29,15.94,15.94,-1,0,CR1,,,,,83021000,7899747700044,N
2100081050012,FILTRO BARRO 1 VELAS,128,128,125,120,75,181.71,0,0,UN,,,,,84212100,2100081050012,N
7895316231940,LIXA MASSA 220,1.3,1.3,1.3,1.3,0.64,0,9,0,UN,,,,,68052000,7895316231940,N
7895316231902,LIXA MASSA 100,1.3,1.3,1.3,1.3,0.64,0,58,0,UN,,,,,68052000,7895316231902,N
6970284411813,BOMBA ENCHER PNEU BICIC.30CM,29.9,29.9,29,28,16.89,19.61,12,0,UN,,,,,84142000,6970284411813,N
2100081090018,LIXA MASSA 180,1.3,1.3,0,0,0.76,0,-291,0,UN,,,,,68052000,2100081090018,N
2100081100014,FILTRO BARRO 2 VELAS SAO MARCOS,175,175,170,170,110,181.71,-6,0,UN,,,,,84212100,2100081100014,N
7898641102305,RALO SIF QUAD 100X52X40MM BCO RIP REBOUCAS  -  REF 1770,8.9,8.9,8.5,8,3.69,3.69,0,0,PT12,,,,,39174090,7898641102305,N
7898290168332,FECH HELA 2002/09 EXT MADRID GR,67,67,65,62,37.97,13.27,6,0,UN,,,,,83014000,7898290168332,N
7898290166031,FECH HELA 2002/11 EXT MADRID CR,78,78,75,73,43.82,19.32,-4,0,UN,,,,,83014000,7898290166031,N
7898290166901,FECH HELA 2002/12 EXT MADRID CR,86,86,83,80,48.75,21.49,-1,0,UN,,,,,83014000,7898290166901,N
7898290166871,FECH HELA 2002/12 EXT MADRID LO,92,92,88,86,52.32,23.07,-1,0,UN,,,,,83014000,7898290166871,N
7898290101490,FECH HELA 2020 PIVOT  ROS.QUAD.40MM CR,79,79,76,74,39.08,17.23,-1,0,UN,,,,,83014000,7898290101490,N
7898290105443,FECH HELA 2023 PORTA  CORRER AC ROS.QUAD,84,84,81,79,47.9,21.12,0,0,UN,,,,,83014000,7898290105443,N
7898290104903,FECH HELA SEGURANCA 1017 LO ROS.QUA,68,68,65,65,36.35,16.03,0,0,UN,,,,,83014000,7898290104903,N
7898290196939,FECH HELA SEGURANCA   1017 TETRA AC,59,59,58,56,31.49,13.88,0,0,UN,,,,,83014000,7898290196939,N
7896039742140,CHUVEIRO FAMINHO 4T PRETO 127V 5400W,109,109,105,105,69.18,44.73,6,0,UN,,,,,85161000,7896039742140,N
7896039738624,RESISTENCIA FAME 127V 5400W  P/DUCHA FAMINHO PR,45.9,45.9,45,44,24.95,19.11,39,0,UN,,,,,85168010,7896039738624,N
7896039737771,DESVIADOR SINTEX,18.5,18.5,18,18,11.03,11.46,16,0,UN,,,,,85169000,7896039737771,N
2100081230018,DISJUNTOR UNIP BR 10A,9.9,9.9,9.5,9.5,4.57,1.24,-9,0,UN,,,,,85362000,2100081230018,N
2100081240017,MANTA VEDATUDO 90CM,26.9,26.9,21,20,12.32,16.57,15.3,0,MT,,,,,68071000,2100081240017,N
2100081250016,REJUNT QUARTZOLIT EPOXI 1.0KG BRANC,135,135,130,130,82.72,82.72,0,0,CX1,,,,,32141010,2100081250016,N
7896704705838,BOMBA P/GALAO AGUA 10/20LT COBRIRE,49,49,48,46,28.32,0,0,0,UN,,,,,84132000,7896704705838,N
7899201710022,SUPORTE C/FENDA 10MM MET.CROM. C25,4.8,4.8,4.5,4.5,2.75,2.95,-4,0,PT,,,,,83024100,7899201710022,N
7898187881917,VEDACAO TELHA COLONIAL/PLAN MR,3,3,3,3,2.08,2.08,0,0,PT,,,,,39259090,7898187881917,N
7898094330171,GRAMPO TIPO C SARGENTO N2 BRASFORT,14.9,14.9,14.5,14,7.86,7.86,0,0,UN,,,,,82057000,7898094330171,N
7898094330188,GRAMPO TIPO C SARGENTO N3 BRASFORT,23.9,23.9,22,21,12.01,0,0,0,UN,,,,,82057000,7898094330188,N
7898094330195,GRAMPO TIPO C SARGENTO N4 BRASFORT,39.9,39.9,39,38,22.14,22.14,-2,0,UN,,,,,82057000,7898094330195,N
7898971594016,BOMBA P/GALAO AGUA AUTOMAT. EASY,32.9,32.9,32,32,22.67,30.32,5,0,UN,,,,,84138100,7898971594016,N
7898094330126,FECHO PORTA PEGA LADRAO CROMADO BR,21,21,20,20,10.57,10.57,4,0,UN,,,,,83014000,7898094330126,N
7898188099038,ASSENTO METASUL PRETO ALMOF QUADRADO,135,135,130,130,74.51,74.51,-2,0,UN,,,,,39222000,7898188099038,N
2100081350013,COLA MASSA CZ 50GX12LOCT.DUREP EMB,47.15,47.15,47.15,0,47.15,0,0,0,DZ,,,,,35061090,2100081350013,N
0618341369122,COLA MASSA CZ 50GX12DOCT.SOS EPOXI,18,18,17.5,17,5.97,5.97,0,0,UN,,,,,35061090,0618341369122,N
2100081370011,FILTRO BARRO 3 VELAS,165,165,159,157,95,181.71,-2,0,UN,,,,,84212100,2100081370011,N
2100081380010,FILTRO BARRO 4 VELAS SAO MARCOS,225,225,215,215,134,181.71,-1,0,UN,,,,,84212100,2100081380010,N
2100081390019,"ARIELLE LOGAN CX 2,62M2",26.9,26.9,26,26,20,0,-10.08,0,M2,,,,,69072200,2100081390019,N
2100081400015,CABO P/ENXADA,17.5,17.5,17,16.5,8.99,10.22,2,0,UN,,,,,44170090,2100081400015,N
7898282400471,VARAL MINI C/26PRENDEDORES LIGBRIN,39.9,39.9,39,39,26.75,41.69,3,0,UN,,,,,39249000,7898282400471,N
7898566201008,PONTA TESTE P/MULTIMETRO STORM,12.5,12.5,12,11,4.98,3.73,-2,0,UN,,,,,90309090,7898566201008,N
7898585366184,FILTRO ACQUABIOS BICA NEW BANCADA  PRETA,103,103,98,98,58.78,52.49,-3,0,UN,,,,,84212100,7898585366184,N
7898585366177,FILTRO ACQUABIOS BICA NEW BANCADA  BRANCA,103,103,98,95,58.78,52.49,-2,0,UN,,,,,84212100,7898585366177,N
7898585363473,FILTRO ACQUABIOS PREMIUM EXCLUSIVE BRANCA PRATA,93.9,93.9,89.9,89.9,54.78,4.87,3,0,UN,,,,,84212100,7898585363473,N
7898585362117,TORN ACQUABIOS MOVEL VERMELHA ACAB CROMADO,34.9,34.9,34,33,19.71,17.6,0,0,UN,,,,,84818019,7898585362117,N
7898585362100,TORN ACQUABIOS MOVEL PRETA ACAB CROMADO,34.9,34.9,34,33,19.71,17.6,-1,0,UN,,,,,84818019,7898585362100,N
7898942709104,TORN ACQUABIOS MOVEL BR,28,28,27,27,16.12,0,0,0,UN,,,,,84818019,7898942709104,N
7898585364586,TORN ACQUABIOS MOVEL COLORS CROMADA,43,43,42.5,41,25.62,22.88,0,0,UN,,,,,84818019,7898585364586,N
7891114176520,FURADEIRA TRAMONTINA 3/8 500W 127V,159,159,150,150,104,0,0,0,UN,,,,,84672100,7891114176520,N
7891114163414,SERRA MARMORE TRAMONTINA 4.3/8 1200W 127V,319,319,310,305,204.52,204.51,2,0,UN,,,,,84672200,7891114163414,N
7896003895308,NUMERO PARA CASA 60MM ADESIVO 5 ACM ESC,13,13,12.5,12,6.93,6.19,-1,0,PC,,,,,83100000,7896003895308,N
7896003895254,NUMERO PARA CASA 60MM ADESIVO 0 ACM ESC,13,13,12.5,12,6.93,6.19,0,0,PC,,,,,83100000,7896003895254,N
7896003895346,NUMERO PARA CASA 60MM ADESIVO 9 ACM ESC,13,13,12.5,12,6.93,6.19,-1,0,PC,,,,,83100000,7896003895346,N
7896003895322,NUMERO PARA CASA 60MM ADESIVO 7 ACM ESC,13,13,12.5,12,6.93,6.19,0,0,PC,,,,,83100000,7896003895322,N
7896003895315,NUMERO PARA CASA 60MM ADESIVO 6 ACM ESC,13,13,12.5,12,6.93,6.19,0,0,PC,,,,,83100000,7896003895315,N
7896003895292,NUMERO PARA CASA 60MM ADESIVO 4 ACM ESC,13,13,12.5,12,6.93,6.19,0,0,PC,,,,,83100000,7896003895292,N
7896003895285,NUMERO PARA CASA 60MM ADESIVO 3 ACM ESC,13,13,12.5,12,6.93,6.19,0,0,PC,,,,,83100000,7896003895285,N
7896003895261,NUMERO PARA CASA 60MM ADESIVO 1 ACM ESC,13,13,12.5,12,6.93,6.19,-1,0,PC,,,,,83100000,7896003895261,N
7896003895278,NUMERO PARA CASA 60MM ADESIVO 2 ACM ESC,13,13,12.5,12,6.93,6.19,0,0,PC,,,,,83100000,7896003895278,N
7896380190140,ROLO LA 23CM MAXILA LA NATURAL,42,42,40,39,23.44,20.93,-1,0,PC,,,,,96034010,7896380190140,N
2100081630016,VALVULA P/LAVATORIO OLIVEIRA METAL,19.9,19.9,19,18,10.4,0,-30,0,UN,,,,,84819090,2100081630016,N
2100081640015,GATILHO P/DUCHA OLIVEIRA METAL,29,29,28,27,15.32,0,-1,0,UN,,,,,84818011,2100081640015,N
2100081650014,REG OLIVEIRA PRESSAO 1416 C-40 1/2,48.9,48.9,48,48,30.82,0,-45,0,UN,,,,,84818011,2100081650014,N
2100081660013,REG OLIVEIRA GAVETA 1509 C-40 3/4,68.9,68.9,68,67,39.9,0,-18,0,UN,,,,,84818011,2100081660013,N
2100081670012,REG OLIVEIRA GAVETA 1509 C-23 1/2,80,80,76,75,49,0,-1,0,UN,,,,,84818011,2100081670012,N
2100081680011,BUCHA E ARRUELA ELETRODUTO 1 1/4,4.5,4.5,4,0,1.73,0,0,0,UN,,,,,85183000,2100081680011,N
7898010800481,REG VIQUA PRESSAO FOZ 20MM BRANCO,16,16,15.5,15,8.68,8.68,-4,0,UN,,,,,84818019,7898010800481,N
7899786808657,"MANGUEIRA CJ.INST.FOGAO COOKT1,25M ROCO",145,145,142,140,90.89,0,-1,0,UN,,,,,84814000,7899786808657,N
7898545650506,TORN GAMA FILTRO ALAV.CROMADA,13,13,12.5,12,5.77,5.77,0,0,UN,,,,,84818011,7898545650506,N
2100081720014,"ARIELLE CADIZ 37,3X59,2 A",29.99,29.99,0,0,20,0,-17.01,0,M2,,,,,69072200,2100081720014,N
7898422184827,DOBRADICA SCHILD GALV 3 C/3 - REF 1164,16.5,16.5,16,15,6.86,6.86,-9,0,CR1,,,,,83021000,7898422184827,N
7898956620259,PORTA CADEADO RCA GALV 4.1/2 -  REF PC0040,13.5,13.5,13,12,6.48,6.48,0,0,UN,,,,,83021000,7898956620259,N
7899020597606,SUPORTE P/MANGUEIRA PLAST PTO MANTAC,10.5,10.5,10,10,5.14,7.71,10,0,UN,,,,,39174090,7899020597606,N
7891117006992,ESGUICHO TRAMONTINA ENG RAP JATO REG,5.5,5.5,5.5,5,3.21,2.23,2,0,UN,,,,,84248229,7891117006992,N
7891222077375,SIFAO COPO AJUST TIGRE,31,31,30,30,16.81,13.44,6,0,UN,,,,,39174090,7891222077375,N
7898087584796,"TARJETA ZINC 2,1/2 SILVANA",4.5,4.5,4,3.7,2.21,2.21,-1,0,UN,,,,,83014000,7898087584796,N
7898087584772,"TARJETA ZINC 1,1/2 SILVANA",3.8,3.8,3.5,3.2,1.78,1.78,0,0,CX,,,,,83014000,7898087584772,N
7898087585441,FERROLHO SILVANA FIO RED 3,8,8,7.5,7,3.49,3.49,0,0,PT,,,,,83014000,7898087585441,N
7898087580101,FERROLHO SILVANA FIO RED 4,8.5,8.5,8,7.5,4.14,4.14,0,0,PT,,,,,83014000,7898087580101,N
7892261003660,PARAFUSO SEXTAV ROSCA SOBERBA 1/4X55 CISER,0.7,0.7,0.6,0.5,0.22,0.22,0,0,CE,,,,,73181200,7892261003660,N
7892261001048,PARAFUSO SEXTAV ROSCA SOBERBA 5/16X65 CISER,1.8,1.8,1.7,1.5,0.75,0.75,0,0,CE,,,,,73181200,7892261001048,N
2100081840019,AREIA ENSACADA,280,280,280,280,62,0,-5,0,M3,,,,,25051000,2100081840019,N
27891435953460,LAMPADA 09W LED,4,4,4,4,2.09,0,-498,20,PC1,,,,,85395200,27891435953460,N
2100081860017,FILTRO LORENZETTI NATURALIS,279.99,279.99,0,0,112.82,0,0,0,UN,,,,,85183000,2100081860017,N
2100081870016,SILICONE 240G ORBIVED,14.9,14.9,14,14,5.77,4.13,-1,0,UN,,,,,32141010,2100081870016,N
7898105773737,ALICATE BICO FAMASTIL MEIA CANA,26.9,26.9,26,26,14.17,14.17,3,0,UN,,,,,82032010,7898105773737,N
7899206165131,PROTETOR ANTI IMPACTO PVC 8MMX24BF,7.5,7.5,7,7,3.98,3.98,0,0,CT,,,,,39269090,7899206165131,N
7899206165155,PROTETOR ANTI IMPACTO PVC18MMX12BF,11,11,10,10,5.75,5.75,0,0,CT,,,,,39269090,7899206165155,N
7898959829413,MANTA VEDATUDO 10CM,3.7,3.7,2.8,2.7,1.45,0.76,26.6,0,MT,,,,,68071000,7898959829413,N
7899612702616,JOGO DE BROCAS BITS MTX 7PCS,16.9,16.9,16,15.5,6.88,0,-4,0,JG,,,,,82079000,7899612702616,N
2100081940016,FITA LED 2835 127V A METRO 6500K/2700K,12.5,12.5,12,11.5,7.28,6.64,-10,0,UN,,,,,94054200,2100081940016,N
7896688150815,LUMINARIA NITROLUX SOB 20W BIVOLT S-002,85,85,84,83,46.42,35.91,-1,0,UN,,,,,94051190,7896688150815,N
2100081970013,FECH STAM 401/07 INOX,61.9,61.9,0,0,38.88,78.46,0,0,UN,,,,,83014000,2100081970013,N
7908412511622,DISJUNTOR UNIP BR 20A ELGIN,10,10,10,10,5.13,4.36,24,0,PC,,,,,85362000,7908412511622,N
7908412511806,DISJUNTOR UNIP 32A ELGIN,9.9,9.9,9.5,8.5,4.69,7.33,24,0,PC,,,,,85362000,7908412511806,N
7897013500022,LAMPADA SMART COL 10W LED A60 BIV COL,57.9,57.9,55,52,36.84,30.89,0,0,PC,,,,,85395200,7897013500022,N
7897013558924,LUMINARIA EMERGENCIA 30 LEDS ELGIN,18.5,18.5,18,18,10.25,0,-11,0,PC,,,,,94051190,7897013558924,N
37898493992285,TOMADA ILUMI DUPLA 10A SISTX - REF 63120,14.5,14.5,14,13,7.5,0,-2,0,UN,,,,,85366910,37898493992285,N
7898905016201,ESCOVA CARVAO ESMERIL BOSCH74,5.8,5.8,5.5,5,1.96,1.96,0,0,UN,,,,,85452000,7898905016201,N
7898905016256,ESCOVA CARVAO SERR MAR MAKIT37C10,6.5,6.5,6,5,2.29,2.29,0,0,PT,,,,,85452000,7898905016256,N
7898905016485,ESCOVA CARVAO SERR MAR BH204,10,10,10,10,3.4,5.19,17,0,UN,,,,,85452000,7898905016485,N
7898543380603,COLA INST 20G TEKBOND ART1,14.9,14.9,14.5,14,8.7,8.7,-1,0,UN,,,,,35061010,7898543380603,N
7898464388054,PLACA 4X2 APOIO P 2 MODULOS DISTANCIADOS+SUPORTE,4.5,4.5,4.2,4,2.28,1.98,0,0,PC,,,,,39259090,7898464388054,N
7898464387521,INT APOIO 1 TECLA MODULO 10A,4.9,4.9,4.5,4.3,2.84,2.46,0,0,PC,,,,,85365090,7898464387521,N
7898464387590,TOMADA APOIO 10A MODULO,5,5,4.8,4.5,2.75,2.75,0,0,PC,,,,,85366910,7898464387590,N
7898464387606,TOMADA APOIO 20A MODULO,6.8,6.8,6.5,6,4,3.27,0,0,PC,,,,,85366910,7898464387606,N
7898464388023,PLACA 4X2 APOIO P 3 MODULOS+SUPORTE,5.5,5.5,5,0,1.98,1.98,0,0,PC,,,,,39259090,7898464388023,N
7898464388399,INTERRUPTOR SIMPLES 10A 250V+SUPORTE+PL (PTO),5,5,5,0,5,5,0,0,PC,,,,,85365090,7898464388399,N
7898464388412,INT TRAM DE CAMPAINHA PRETA,15,15,14.5,14,6.2,6.2,0,0,PC,,,,,85365090,7898464388412,N
7898464388467,INT APOIO 2 TECLAS 10A PRETA,18,18,17,16,8.27,8.27,-3,0,PC,,,,,85365090,7898464388467,N
7898464388481,INT APOIO 3 TECLAS 10A PRETA,22,22,21,20,9.83,9.83,0,0,PC,,,,,85365090,7898464388481,N
7898464388658,INT.SIMPLES+TOMADA2P+T20A 250V+SUP+PL(PTO),10.51,10.51,10.51,0,10.51,10.51,0,0,PC,,,,,85365090,7898464388658,N
7898464388672,INT APOIO 2 TECLAS C/TOMADA 10A PRETA,26,26,25,24,11.98,11.98,-1,0,PC,,,,,85365090,7898464388672,N
7898464388696,TOMADA APOIO 10A (PTO),13,13,12.5,11,6.08,4.95,0,0,PC,,,,,85366910,7898464388696,N
7898464388702,TOMADA APOIO 20A PRETA,14,14,13,11,5.8,5.8,-2,0,PC,,,,,85366910,7898464388702,N
7898464388733,TOMADA APOIO DUPLA 10A PRETA,16,16,15,14.5,7.49,7.49,0,0,PC,,,,,85366910,7898464388733,N
7898464388740,TOMADA APOIO DUPLA 20A PRETA,21,21,20,19,10.43,10.43,-2,0,PC,,,,,85366910,7898464388740,N
7898464388757,TOMADA APOIO TRIPLA 10A PRETA,27,27,26,25,12.79,12.79,0,0,PC,,,,,85366910,7898464388757,N
7898464388634,INT.SIMPLES+TOMADA 2P+T10A 250V+SUP+PL(PTO),8.3,8.3,8.3,0,8.3,8.3,0,0,PC,,,,,85365090,7898464388634,N
7898464381628,GANCHOS+BUCHA C/ANEL 6MM A6PEG,0.7,0.7,0.6,0.5,0.14,0.83,-10,0,UN,,,,,39269090,7898464381628,N
7898464381659,GANCHOS+BUCHA C/ANEL8MM A8PEG,1.2,1.2,1,0.8,0.25,2.12,0,0,UN,,,,,39269090,7898464381659,N
7898464381642,PITOES+BUCHA C/ANEL 6MM A6PEP,0.7,0.7,0.6,0.5,0.14,7.21,-150,0,UN,,,,,39269090,7898464381642,N
7898464381673,PITOES+BUCHA C/ANEL 8MM A8PEP,1.2,1.2,1,0.8,0.25,6.41,-86,0,CX,,,,,39269090,7898464381673,N
7898464381635,ESCAPULAS+BUCHAS C/ANEL 6MM,0.7,0.7,0.7,0.7,0.19,0.19,69,0,UN,,,,,39269090,7898464381635,N
7898464381666,ESCAPULAS+BUCHA C/ANEL 8MM,1.1,1.1,1,0.9,0.35,1.08,-12,0,CX,,,,,39269090,7898464381666,N
7898263068423,CAMPAINHA DIM DOM 127V,43,43,42,41,23.55,0,-1,0,PC,,,,,85318000,7898263068423,N
7898263069437,TOMADA APOIO 10A SISTX,11.5,11.5,11,10.5,6.28,5.11,-23,0,PC,,,,,85366910,7898263069437,N
7891114159851,"PARAFUSADEIRA TRAMONTINA 10,8V BAT.LITIO",345,345,330,325,236.8,0,0,0,UN,,,,,84672992,7891114159851,N
7891114053593,FERRO SOLDA 40W TRAMONTINA,72,72,70,68,37.87,37.87,-1,0,UN,,,,,85151100,7891114053593,N
7891114053616,FERRO SOLDA 70W TRAMONTINA,84.9,84.9,80,78,47.26,47.26,0,0,UN,,,,,85151100,7891114053616,N
7897013585654,LAMPADA 20W ELGIN,10.9,10.9,10,10,5.5,0,26,0,PC,,,,,85395200,7897013585654,N
7897013585685,LAMPADA 50W LED,33.9,33.9,33,33,15.07,16.74,32,0,PC,,,,,85395200,7897013585685,N
7898209280193,TARRAXA ABRIR ROSC PVC 1 1/4 MEIKON,89.9,89.9,86,85,49.82,0,0,0,UN1,,,,,82074020,7898209280193,N
7897181961120,SERRA TICO TICO BLACK DECK 400W,285,285,275,275,168.14,168.14,2,0,UN1,,,,,84672200,7897181961120,N
7896688170899,ARANDELA 8W BR BIVOLT 6500K,19.9,19.9,19.5,19,10.37,9.45,-1,0,UN,,,,,94051190,7896688170899,N
7896688211332,ARANDELA 6W BR AL06 3000K,59,59,56,55,33.67,30.68,0,0,UN,,,,,94051190,7896688211332,N
7897256237143,CABO RJ45 3M REDE LAN,22,22,22,22,14.82,12.2,0,0,UN,,,,,85444200,7897256237143,N
7898958146207,TRANSFORMADOR 750VA KF,112,112,107,107,59.05,50.77,1,0,UN,,,,,85043119,7898958146207,N
7898585363435,FILTRO ACQUABIOS PREMIUM SINGLE PRETO/CROM 1006-0041,89.9,89.9,88,86,58.14,0,-7,0,UN,,,,,84212100,7898585363435,N
7898585363862,REPARO ACQUABIOS BICA E05 COM PORCA,9.9,9.9,9.5,9.5,5.49,5.49,0,0,UN,,,,,84212990,7898585363862,N
7898585364845,REPARO ACQUABIOS PARA REGISTRO 14 ESQUERDOC PORCA,9.9,9.9,9.5,9,5.29,5.29,-1,0,UN,,,,,84818019,7898585364845,N
7898585364197,TORN ACQUABIOS PREMIUM CROMADA BCD LAVAT 1020-0010,53,53,52,50,32.18,0,-5,0,UN,,,,,84818019,7898585364197,N
7898585364173,TORN ACQUABIOS PREMIUM BRANCA LAVATORIO,35,35,34,33,20.16,0,0,0,UN,,,,,84818019,7898585364173,N
7898585363534,FILTRO ACQUABIOS PREMIUM BANCADA EXCLUSIVE PRETA DOURADA,105,105,99.9,96,65,65.03,-2,0,UN,,,,,84212100,7898585363534,N
7898010801181,TORN MAQ.LAV.MAR.1/2E3/4 VIQUA,29.9,29.9,29,29,16.88,28.93,30,0,UN,,,,,84818019,7898010801181,N
7898011975966,PEDRA AFIAR DUPFACE 8 THOMPSON,14,14,13,11,5.45,5.45,-1,0,UN,,,,,68043000,7898011975966,N
7894768010608,PEDRA AFIAR DUPFACE 8 CARB.R108 EN,36,36,35,34,18.69,18.69,-2,0,UN,,,,,68043000,7894768010608,N
7894061000979,CHUVEIRAO CASCATA ABS.CROM.9X 1/2 LUCONI,72,72,70,70,43.67,43.67,1,0,UN,,,,,39229000,7894061000979,N
7894061000955,CHUVEIRAO CASCATA ABS.CROM.6X 1/2 LUCONI,52.5,52.5,52,50,29.75,29.75,1,0,UN,,,,,39229000,7894061000955,N
7898693153409,TINTA SPRAY BARTOFIL ROSE GOLD METAL 400ML,26,26,25,24,13.96,13.96,-2,0,UN,,,,,32082011,7898693153409,N
7891696011950,TINTA ESM EUCALAR 225ML AZUL MAR,17,17,16,16,9.04,9.04,0,0,UN,,,,,32081010,7891696011950,N
7898128471566,REPARO CENSI P/REGISTRO ROSCA N. 01 POLIACETAL,48.9,48.9,47,46,26.68,21.46,-1,0,UN,,,,,84819010,7898128471566,N
7898689433768,REPARO CENSI P/REGISTRO ROSCA N. 00,52,52,50,49,26.11,32.42,26,0,UN,,,,,84819010,7898689433768,N
7898689433751,"REPARO CENSI COMPLETOP/REGISTRO - 10 EM 1 - DECA*, DOCOL*",89,89,86,85,55.25,58.27,-2,0,UN,,,,,84819010,7898689433751,N
7898959829819,COLA P/FERRO DRYKOPOXI  1KG,66.9,66.9,65,64,34.12,41.32,6,0,UN,,,,,35069190,7898959829819,N
7898059541604,BICO TORNEIRA PLAST.PRETO 1/2 HERC,2.5,2.5,2.2,2.2,1.26,1.26,-2,0,UN,,,,,39174090,7898059541604,N
7897451460650,RISCADOR PORCELANATO CORTAG,19.9,19.9,19.5,19,11.01,16.2,-4,0,UN,,,,,82055900,7897451460650,N
2100082640014,SILICONE SPRAY 300ML ORBI,18.5,18.5,18,18,10.46,12.35,10,0,UN,,,,,35061090,2100082640014,N
7899994321580,"CORTINA PRAT LISA 3,60X2,50M TAUPE BELLA JANELA  -  REF 702001804801021.900",191.57,191.57,191.57,0,191.57,287.35,0,0,UN1,,,,,63039200,7899994321580,N
7899085480059,ASSENTO ALUMASA ALMOF FLORENCA BRANCO,54,54,52,50,28.95,0,-13,0,UN,,,,,39222000,7899085480059,N
7899085480912,ASSENTO ALUMASA ALMOF FLORENCA PRETO,63,63,60,59,32.92,29.4,-3,0,UN,,,,,39222000,7899085480912,N
2100082680010,FECH STAM 701/100 INOX AISI 304 PORTAO,129.9,129.9,124,120,72,0,0,0,UN,,,,,83014000,2100082680010,N
2100082690019,FECH SILVANA P/PORTAO 921,75,75,73,70,50,0,0,0,UN,,,,,83014000,2100082690019,N
2100082700015,FECH STAM 823/09 RQ1 INOX WC BANHEIRO,84.9,84.9,80,80,49.6,41.89,-1,0,UN,,,,,83014000,2100082700015,N
2100082710014,KIT PORTA 70 MOGNO,359,359,345,345,254.02,0,-17,0,UN,,DIVERSOS,PORTA,,85183000,2100082710014,N
2100082720013,FECH STAM 3200 CLASSIC ROS QUAD INT INOX,125,125,118,115,65,29.75,0,0,UN,,,,,83014000,2100082720013,N
2100082730012,FECH STAM 825/21 WC BANHEIRO,65,65,63,60,37,25.55,-1,0,UN,,,,,83014000,2100082730012,N
2100082740011,FECH STAM 803/23 RQ1 ESCOVADO,99,99,105,110,59.92,50.61,-1,0,UN,,,,,83014000,2100082740011,N
2100082750010,FECH STAM 815/23 OXID INT,65,65,62,62,80.88,68.31,0,0,UN,,,,,83014000,2100082750010,N
7899119805537,DIVISORIA CESTO GOND.FIT AM BC C2,29.69,29.69,29.69,0,29.69,29.69,0,0,PT,,,,,94039900,7899119805537,N
7896603803116,FITA DUPLA FACE ADELBRAS 19MM BANANA,14.9,14.9,14,13,7.04,0,-1,0,UN,,,,,39191090,7896603803116,N
7899389018149,ESCOVA ACO  4FL C/CABO CONDOR 628,11.5,11.5,11,11,5.75,5.75,-3,0,UN,,,,,96034090,7899389018149,N
7895458088167,DOBRADICA MOV 35MM PRESSAO RETA AMORT,7,7,6.5,6.5,3.21,0,-2,0,UN,,,,,83021000,7895458088167,N
7898996016647,FITA DEMARC.SOLO AMAR48MMX14 KORET,16,16,15.5,15,9.36,0,-3,1,RL,,,,,39191020,7898996016647,N
7898996016654,FITA DEMARC.SOLO VERM48MMX14M.KOR,16,16,15.5,15,9.36,0,0,1,RL,,,,,39191020,7898996016654,N
7908089600414,LUVA PVC FOR.46CM ASPERA IMBAT,33,33,32,31,18.42,18.42,-1,0,UN,,,,,39262000,7908089600414,N
7898231360337,MATA FORMIGA GEL BISN 10G,14.5,14.5,14,14,8.27,12.33,8,0,PT6,,,,,38089119,7898231360337,N
7898955177266,"VARAO CORTINA BRANCO C/1,5M GROSSO",46,46,45,44,28.06,28.06,-1,0,UN,,,,,83024100,7898955177266,N
7898950845887,PORTA SANF 60 BEGE,114.9,114.9,110,110,71.26,59.89,-4,0,UN,,,,,39252000,7898950845887,N
2100082880014,FECH STAM 1501/06 FX COLONIAL,258,258,255,250,161.49,124.06,1,0,UN,,,,,83014000,2100082880014,N
2100082890013,FECH HELA 2025/15 EXT MADRID CR,72,72,69.9,68,41.34,19.32,-1,0,UN,,,,,83014000,2100082890013,N
2100082900019,FECH HELA 2025/15 EXT MADRID LO,79.9,79.9,78,76,41.34,19.32,0,0,UN,,,,,83014000,2100082900019,N
7898547051981,"DISCO LIXA VELCRO 5,0 G040",2.3,2.3,2.2,2,1.04,1.04,-5,0,PT10,,,,,68053090,7898547051981,N
7898547051974,"DISCO LIXA VELCRO 5,0 G060",2.3,2.3,2.2,2,0.73,1.23,-16,0,UN,,,,,68053090,7898547051974,N
7898547051882,"DISCO LIXA VELCRO 5,0 G080",2.3,2.3,2.2,2,0.73,0.41,8,0,PT10,,,,,68053090,7898547051882,N
7898547051899,"DISCO LIXA VELCRO 5,0 G100",2.3,2.3,2.2,2,0.73,0.45,5,0,PT10,,,,,68053090,7898547051899,N
7898547051905,"DISCO LIXA VELCRO 5,0 G120",2.3,2.3,2.2,2,0.73,1.25,-4,0,PT10,,,,,68053090,7898547051905,N
7891323090846,RESINA SHERWIN IMPER MET ECO 900ML,46,46,45,44,27.84,27.84,0,0,LA1,,,,,32091020,7891323090846,N
7898547051592,DISCO DIS-FLEX FLAP PRATA 4.1/2 X 7/8 GRAO-120,9.5,9.5,9,9,3.64,5.63,-3,0,CX10,,,,,68053090,7898547051592,N
7898547051585,DISCO DIS-FLEX FLAP PRATA 4.1/2 X 7/8 GRAO-080,9.5,9.5,9,9,3.64,0,-17,0,CX10,,,,,68053090,7898547051585,N
2100082990010,TINTA LUXPISO 15L AMARELA,229,229,220,218,136.62,117.69,-1,0,UN,,,,,32091010,2100082990010,N
7896587046080,"TINTA PISO EUCATEX 3,6L CONCRETO",69,69,65,65,43.43,0,-1,0,GL,,,,,32091010,7896587046080,N
7896587046172,"TINTA PISO EUCATEX 3,6L CINZA",69,69,68,67,38.05,0,0,0,GL,,,,,32091010,7896587046172,N
7896587046196,"TINTA PISO EUCATEX 3,6L VERDE",69,69,68,68,43.43,62.45,-1,0,GL,,,,,32091010,7896587046196,N
7896587046158,"TINTA PISO EUCATEX 3,6L AMARELA",69,69,68,68,43.43,0,-1,0,GL,,,,,32091010,7896587046158,N
7896587046110,"TINTA PISO EUCATEX 3,6L PRETA",69,69,68,68,45.73,0,0,0,GL,,,,,32091010,7896587046110,N
7896587046295,"TINTA PISO EUCATEX 3,6L BRANCA",69,69,68,68,45.73,0,0,0,GL,,,,,32091010,7896587046295,N
2100083060019,TANQUE PLASTICO ASTRA 40L,125,125,120,120,71.58,40.43,0,0,UN,,,,,39221000,2100083060019,N
2100083070018,"LUVA ELETRODUTO ROSCA 11/4"" (40MM)",3,3,2.8,2.8,1.2,0,0,0,UN,,DIVERSOS,CONEXOES,ELETRODUTO,39174090,2100083070018,N
2100083080017,FUNDO NIVELADOR EUCATEX 1/4,38,38,37,37,23.29,32.39,0,0,UN,,,,,32081010,2100083080017,N
2100083090016,JOELHO SOLD LL 45 X 50MM,11.5,11.5,11,10.5,5.5,0,0,0,UN,,DIVERSOS,CONEXOES,AGUA,39174090,2100083090016,N
2100083110011,"INCENOR 66450 CX 2,68M2",25.9,25.9,24.9,24.9,18,0,-21.44,0,M2,,,,,69072200,2100083110011,N
2100083120010,"INCENOR 66200 CX2,68M2",27.9,27.9,27,27,21.5,0,-43.21,0,M2,,,,,69072200,2100083120010,N
2100083130019,BASC ALUMINIO 40X60,79.9,79.9,78,77,48.73,0,-4,0,UN,,,,,76101000,2100083130019,N
2100083150017,ARAME SOLDA 1.59MM STAR DE FERR (100GR),4.9,4.9,4.5,4,2.41,2.27,95.32,0,UN,,,,,72173090,2100083150017,N
2100083160016,ADESIVO 850G,53,53,52,50,27.12,46.22,-3,0,UN,,,,,35069110,2100083160016,N
7891114026825,MINIARCO DE SERRA 10 TRAMONTINA,19.9,19.9,19,19,11.06,11.06,0,0,UN,,,,,82021000,7891114026825,N
7897095048955,CORTADOR IRWIN DE PISO 390V 90CM 14133,299.99,299.99,290,290,209.5,209.5,0,0,PC1,,,,,84649090,7897095048955,N
7898290191095,CIL. MONACO/NAPOLES  CR,7.41,7.41,7.41,0,7.41,7.41,0,0,UN,,,,,83016000,7898290191095,N
7897181905841,ALICATE CORTE DIAGONAL HAMMER 6,23.5,23.5,23,23,12.51,17.78,0,0,UN,,,,,82032010,7897181905841,N
7898967254788,RODA P/CARRO DE MAO COMPLETO FORCE 2.5X8 EIXO 1,55,55,53,52,30.03,0,0,0,UN,,,,,40129090,7898967254788,N
7898967254764,RODA P/CARRO DE MAO COMPLETO FORCE 3.25,76,76,76,75,42.84,0,0,0,UN,,,,,40129090,7898967254764,N
7898945101356,VALVULA RETENCAO TIGRE VERTICAL 1/2,36,36,34,33,19.89,19.89,-2,0,UN,,,,,84813000,7898945101356,N
7898945101363,VALVULA RETENCAO TIGRE VERTICAL 3/4,51,51,50,48,29.96,29.96,-1,0,UN,,,,,84813000,7898945101363,N
2100083250014,"MGM BALCAO 1,20 SLIM",440,440,0,0,0,0,-2,0,UN,,,,,85183000,2100083250014,N
7891435938081,INT TRAM ARIA C/TOMADA 10A,13.5,13.5,13.5,13,7.72,2.24,11,0,UN,,,,,85366910,7891435938081,N
7891435938227,TOMADA TRAMONTINA ARIA 20A TRIPLA,22,22,21,21,12.29,11.08,15,0,UN,,,,,85366910,7891435938227,N
7896451880574,RESISTENCIA LORENZETTI 127V/220 (LOREN SHOWER),59,59,56,56,39.79,39.79,12,0,UN1,,,,,85168010,7896451880574,N
7898632622737,CORDA SEDA 3MM,1.1,1.1,1,1,0.44,177.21,50,0,RL1,,,,,56074900,7898632622737,N
7897181961021,ESMERILHADEIRA HAMMER 4.1/2 710W 127V,209,209,205,200,152.64,76.32,-3,0,UN1,,,,,84672999,7897181961021,N
7898039262567,LUMINARIA NITROLUX EMB RED 18W,24,24,23,21,11.09,10.11,-6,0,UN,,,,,94051190,7898039262567,N
7896688171384,LAMPADA FILAMENTO A60 4W 2200K E27,15.5,15.5,15,15,8.19,8.62,11,0,UN,,,,,85395200,7896688171384,N
7896587046097,TINTA PISO EUCATEX 18L INT.EXT CONCRETO,285,285,275,270,189.6,189.6,0,0,LA,,,,,32091010,7896587046097,N
7896587046264,TINTA PISO HIPERCOR 18L INT.EXT BRANCA,229,229,229,270,189.6,189.6,-4,0,LA,,,,,32091010,7896587046264,N
7896587046165,TINTA PISO EUCATEX 18L INT.EXT AMARELA,285,285,275,270,189.6,189.6,-1,0,LA,,,,,32091010,7896587046165,N
7898059545831,TORN HERC FILTRO BARRO MANUAL 1104,7,7,6.5,6.5,3.57,3.57,-2,0,UN,,,,,84818099,7898059545831,N
7892183044376,PARAFUSO 4.2X30 MAD.PHILIPS,0.35,0.35,0.3,0.25,0.07,0.04,325,0,CX,,,,,73181500,7892183044376,N
7899655092705,DESENTUPIDOR MANU.A1 YANGZI 68CM,15,15,14,14,8.85,8.85,-2,0,UN,,,,,39249000,7899655092705,N
7891019101467,"TINTA CORAL RENDE MUITO 3,6L",125,125,124,124,84.26,85.9,2,0,UN,,,,,32091010,7891019101467,N
7899519904489,MASSA P/MADEIRA F12 BCA 400 VIAPOL,19.5,19.5,19,18,10.16,10.16,0,0,CX,,,,,32141020,7899519904489,N
7898362380235,BATIDA DE PEDRA PRETO 1/4X6 ROYALF,29.9,29.9,29,28,17.18,17.18,-1,0,UN,,,,,32091010,7898362380235,N
7894200065487,REG DECA BASE GAVETA 3/4,59.9,59.9,58,58,38.98,38.98,-1,0,UN,,,,,84818093,7894200065487,N
7891638039080,ESCOVA ACO CIRC.50X8MM STARFER EN,12.5,12.5,12,11,5.02,5.02,5,0,UN,,,,,96035000,7891638039080,N
7898477909550,OCULOS SEGUR FUME,8.8,8.8,8.5,8,3.59,0,2,0,UN,,,,,90049020,7898477909550,N
7898967902559,CONECTOR DERIVACAO PERF.CDP 120-35,25.9,25.9,25,24,10.8,12.72,5,0,UN,,,,,85359090,7898967902559,N
2100083460017,TORN OLIVEIRA 1167 C-72 BM PAREDE SOFT CR,44,44,43,43,27.62,0,-23,0,UN,,,,,84818011,2100083460017,N
2100083470016,TORN OLIVEIRA 1167 C-72 BM PAREDE SOFT BRANCA,39.9,39.9,38,38,21.9,0,-18,0,UN,,,,,84818011,2100083470016,N
2100083480015,TORN OLIVEIRA 1168 C-72 BM MESA SOFT CR/BR,42.9,42.9,42,42,25.56,0,-25,0,UN,,,,,84818011,2100083480015,N
